cleaned_text,tokens
"Bart didn't get one vote?! Oh, this is the worst thing that ever happened to us. Alright, allright, spilled milk, spilled milk, spilled milk. What are you so mopey about?",bart vote oh bad thing happen alright allright spill milk spill milk spill milk mopey
"Did you hear that, Marge? She called me a baboon! The stupidest, ugliest, smelliest ape of them all!",hear marge call baboon stupid ugliest smelly ape
"Lisa, don't hold anything back. You can tell me. Are you crying because you called Daddy a baboon?",lisa hold tell cry call daddy baboon
"Although, maybe this will help. Now you lost someone special and it hurts. I'm lucky because I never lost anyone special to me. Everyone special to me is under this roof.",maybe help lose special hurt lucky lose special special roof
"And is this Martin guy going to get to do anything neat, like throw out the first ball at the world series, huh?",martin guy go neat like throw ball world series huh
About last night... you might have noticed Daddy acting a little strange and you probably don't understand why.,night notice daddy act little strange probably understand
I admit it. I didn't know when to say when. I'm sorry it happened and I just hope you didn't lose a lot of respect for me.,admit know sorry happen hope lose lot respect
"Oh dear. If we can't find a babysitter, we can't go. What a kick in the teeth.",oh dear find babysitter kick tooth
Uh say... uh... Reverend... are we gonna get a chance to do any fishing?,uh uh reverend go to chance fishing
Gotta be a good husband... Gotta be a good husband... Gotta be a good husband.,get to good husband get to good husband get to good husband
I AM THE CHAMPIONS / I AM THE CHAMPIONS / NO TIME FOR LOSERS / CAUSE I AM THE CHAMPIONS / OF THE WORLLLLD!,champions champions time loser cause champions worlllld
"Hi, honey. Uh, oh. How's the marriage retreat going?",hi honey uh oh marriage retreat go
"Marge, you don't know what this fish means. This fish represents a better life for both of us. This fish makes me a champion and a hero.",marge know fish mean fish represent well life fish make champion hero
"Wow, I did it! I gave up fame and breakfast for my marriage. I fought it for six hours. She says one word and I toss it back. And you're telling me our marriage is in trouble? Come here, baby.",wow give fame breakfast marriage fight hour say word toss tell marriage trouble come baby
"I was just kidding, Marge. Hey, what does everyone say to dinner at Krusty Burger? My treat!",kid marge hey dinner krusty burger treat
"A hundred bucks?! For a comic book? Who drew it, Micha-ma-langelo?",buck comic book draw micha ma langelo
"No! Now, look, son, we all know that usually when you bug me like this, I give in, so I'm not mad at you for trying. It shows you've been paying attention. But we all know I'm not gonna give you a hundred dollars. Now are you gonna stop bugging me?",look son know usually bug like mad try show pay attention know go to dollar go to stop bug
"Hee hee, I win! In your face! Yeah! How do you like them apples? Woo hoo hoo!",hee hee win face yeah like apple woo hoo hoo
"I can't believe you guys. There's a human being out there with millions of dollars who needs our help. And you don't wanna cash in? That's why you losers are stuck in this crummy, dead end job.",believe guy human million dollar need help wanna cash loser stick crummy dead end job
"Aw, old man Burns is gonna kick off if he doesn't get some Double-O-Negative blood, but nobody at the plant has it.",aw old man burns go to kick double o negative blood plant
"Bart, it's not like I'm asking you to give blood for free. That would be crazy! You're a little young to understand this, but when you save a rich man's life, he showers you with riches. Don't you know the story of Hercules and the Lion?",bart like ask blood free crazy little young understand save rich man life shower rich know story hercules lion
"Bill... Bill... Summons... Bill... Wait a minute. From C.M. Burns? Is this it? Yes, this is it! Woo-hoo! Woo!",bill bill summon bill wait minute burns yes woo hoo woo
Marge! Lisa! Maggie! Let's do this out in the yard where the neighbors can see!,marge lisa maggie let yard neighbor
"All right, there's no check, just a card. But don't panic. I'm sure it tells us what we're getting and where we can pick it up. ""Dear Bart... Thank you kindly for the blood. Yours truly, Montgomery Burns."" It's just a card!",right check card panic sure tell get pick dear bart thank kindly blood truly montgomery burns card
"Marge, you're my wife and I love you very much. But you're living in a world of make-believe. With flowers and bells and leprechauns, and magic frogs with funny little hats...",marge wife love live world believe flower bell leprechaun magic frog funny little hat
"I promised my boy one simple thing: Lots of riches. And that man broke my promise. Well, I've had it! Bart, take a letter.",promise boy simple thing lot rich man break promise bart letter
"""Dear Mr. Burns. I'm so glaaad you enjoyed my son's blood. And your caard was just great. In case you can't tell, I'm being sarcastic. You stink!"" Could you read that last part back to me?",dear burns glaaad enjoy son blood caard great case tell sarcastic stink read
"Oh, all right. You always do that hand thing! And it usually works.",oh right hand thing usually work
"Oh, Marge, you saved me from making a big mistake. Y'know, I finally understand the meaning of mmphm hnmph.",oh marge save make big mistake finally understand meaning mmphm hnmph
Ow. Ow. Ow. Ow. Ow. Ow. Ow.,ow ow ow ow ow ow ow
"Uh, uh I-I guess it wouldn't do any good to run, 'cause you're our mail lady and you know my name and address and everything, huh?",uh uh guess good run mail lady know address huh
"Lisa, I don't know what you're doing, but it's very strange and your father is trying to worry.",lisa know strange father try worry
Twenty eight minutes till Burns comes. Time for operation Mail Take.,minute till burns come time operation mail
"Oh, I've never seen Mr. Burns this mad and he's always kinda mad.",oh see burns mad kinda mad
"Save a guy's life, and whattaya get? Nothin'! Worse than nothin'! Just a big, scary rock.",save guy life whattaya worse big scary rock
"Marge, I can't wear a pink shirt to work. Everybody wears white shirts. I'm not popular enough to be different.",marge wear pink shirt work everybody wear white shirt popular different
"Oh, gimme, gimme, gimme, gimme, gimme!",oh gimme gimme gimme gimme gimme
"Mmm, thanks -- It looks... Hey, wait a minute! Just because I'm wearing a pink shirt, it doesn't mean I'm some kind of a... pink doughnut-eater! Although it is tempting --",mmm thank look hey wait minute wear pink shirt mean kind pink doughnut eater tempting
"Yes, I'm hearing one right now, while I'm trying to watch TV.",yes hear right try watch tv
"Oh, of course I've heard of you. I mean you'd have to be living under a rock not to know -- what'd you say your name was?",oh course hear mean live rock know
"Oh, this is so embarrassing, calling 'em from a nut house. I mean, they think I'm a god.",oh embarrassing call nut house mean think god
"Stupid junk mail... ""You May Have Already Won!"" Yeah, win this... ""Here's Good News for Homer Simpsoy""... I'll see that he gets it. How dumb do they think I am?",stupid junk mail won yeah win good news homer simpsoy get dumb think
I had a feeling it was too good to be true. Every time you get a million dollars something queers the deal.,feeling good true time million dollar queer deal
"Oh, Marge. Cartoons don't have any deep meaning. They're just stupid drawings that give you a cheap laugh.",oh marge cartoon deep meaning stupid drawing cheap laugh
"As Tolstoy said in ""Quotable Notables,"" ""Give me learning, sir, and you may keep your black bread.""",tolstoy say quotable notables learning sir black bread
"Marge, look at them staring at that idiot box. God forbid they would ever read something and improve their minds.",marge look stare idiot box god forbid read improve mind
Then I heard the sound that all Arctic explorers dread: The pitiless bark of the sea lion. He'll be killed!,hear sound arctic explorer dread pitiless bark sea lion kill
"Marge, you have a nice body. And if you'd like to see me in a costume, you have only to ask.",marge nice body like costume ask
"Wow! ""Win a Trip to Washington D.C.""! ""All expenses paid... VIP tour""... Oh. It's for kids.",wow win trip washington expense pay vip tour oh kid
"Oh, here we go again. Look, I don't care if Ned Flanders is the nicest guy in the world, he's a jerk. End of story.",oh look care ned flanders nice guy world jerk end story
"Excuse me? Better? Thanks a lot, Marge, you really put me in my place.",excuse well thank lot marge place
"Don't get me wrong, it's worth feeling three inches tall to find out what kind of a person you really are. Marge Simpson... President of the International We Love Flanders Fan Club...",wrong worth feel inch tall find kind person marge simpson president international love flanders fan club
"Stupid Flanders... always showing off. Go ahead, Marge, have a ball... What if they game back and I was dead from not eating? They'd cry their eyes out. We should have never gone to the Flanders'. Oh, why did we go to the Flanders' house and leave Homer all alone with no food. And I'd be laughing. Laughing from my grave.",stupid flanders show ahead marge ball game dead eat cry eye go flanders oh flanders house leave homer food laugh laugh grave
"Hey, everyone, I'm back! Great to see ya! Nice seein' ya!",hey great ya nice seein ya
"Fun? Where is this store, Flanders? The merry old land of Oz?",fun store flanders merry old land oz
Yesssss! Oh yessss! Read it and weep. In your face. I've got more chicken bone!,yesssss oh yessss read weep face get chicken bone
"Marge, TV gives so much and asks so little. It's a boy's best friend.",marge tv give ask little boy good friend
"See, Marge? You knock TV and then it helps you out. I think you owe somebody a little apology.",marge knock tv help think owe somebody little apology
"I'm telling you, Flanders' store was dee-serted. So what do you think of your bestest buddy now, Marge?",tell flanders store dee serte think best buddy marge
"Yeah, come on boy, this better be worth my ten bucks.",yeah come boy well worth buck
"Apple, apple, apple... Come on candy bar. Hey, I know you! You're that first apple I didn't want. That sinks it. I'm really gonna let 'em have it this time!",apple apple apple come candy bar hey know apple want sink go to let time
Sorry! No cash for Neddie! Homer keep all money! Bye bye Neddie! Bye bye!,sorry cash neddie homer money bye bye neddie bye bye
"I changed my mind. It was a passing fancy. Although perhaps if you threw in a few lawn chairs, maybe that tool bench, it might rekindle my interest.",change mind pass fancy throw lawn chair maybe tool bench rekindle interest
"I know, but... Wait a minute. I'm Homer Simpson. Ned Flanders lives over there.",know wait minute homer simpson ned flanders live
"Knock 'em dead, boy! Kid's gonna be a black belt in no time.",knock dead boy kid go to black belt time
"Hello, Jerry? Homer Simpson. Remember last month, when I paid back that loan? Well, now I need you to do a favor for me.",hello jerry homer simpson remember month pay loan need favor
To Ned Flanders... the richest left- handed man in town.,ned flanders rich handed man town
"Hey, look what I got. A genuine official police badge... Calling all cars... come out with your hands up!",hey look get genuine official police badge call car come hand
"That's Officer Homer. Heh heh, heh, heh.",officer homer heh heh heh heh
"Marge, the only thing going on down there was a lot of male bonding.",marge thing go lot male bonding
"Eww, lemon... ugh, cherry... hmm, custard... mmm, purple.",eww lemon ugh cherry hmm custard mmm purple
You know who the real crooks are? Those sleazy Hollywood Producers.,know real crook sleazy hollywood producers
"This is all your fault! Okay, gotta pick a button. Pick a button. Pick a button. Uh, one potato, two potato, three potato, four... No, wait! Bubble gum, bubble gum, in a dish, how many pieces do you wish? No, no!",fault okay get to pick button pick button pick button uh potato potato potato wait bubble gum bubble gum dish piece wish
"Eenie meenie minee moe, catch a tiger by the toe, if he hollers let him go... Eenie meenie minee... Moe.",eenie meenie minee moe catch tiger toe hollers let eenie meenie minee moe
"Look, I get enough admiration and respect at work. I don't need it here at home.",look admiration respect work need home
"Eeenie meenie minee moe, catch a tiger by the toe... If he hollers let him go, eenie meenie minee moe.",eeenie meenie minee moe catch tiger toe holler let eenie meenie minee moe
"Hey Krusty, are you gonna finish that meatloaf or what?",hey krusty go to finish meatloaf
"C'mom pal, I don't wanna hear your life story. Paw me!",pal wanna hear life story paw
"Marge, don't flake out on me. That monkey's paw is gonna make our dreams come true.",marge flake monkey paw go to dream come true
"Ooh, a luxury car. Good baby. Good Maggie.",ooh luxury car good baby good maggie
"Come to think of it, the guy that sold me this thing did say the wishes would bring grave misfortune. I thought he was just being colorful.",come think guy sell thing wish bring grave misfortune think colorful
"Ok, Ok. I'll make a wish that can't backfire. I wish for a turkey sandwich, on rye bread, with lettuce and mustard, And...AND! I don't want any zombie turkeys, I don't want to turn into a turkey myself, and I don't want any other weird surprises. You got it?",ok ok wish backfire wish turkey sandwich rye bread lettuce mustard want zombie turkey want turn turkey want weird surprise get
"Hey... Hmm. Not bad. Nice hot mustard... good bread... Turkey's a little dry. The turkey's a little dry?! Oh foul, accursed thing! What demon from the depths of hell created thee?!",hey hmm bad nice hot mustard good bread turkey little dry turkey little dry oh foul accurse thing demon depth hell create thee
Hiya Bart!!! How's my boy! Heh heh. Heh heh.,hiya bart boy heh heh heh heh
"It's good that you made that awful thing, Bart. It's real good.",good awful thing bart real good
Shut up boy. If they make this field goal I win fifty bucks.,shut boy field goal win buck
"Hurry, Moe, hurry! I've only got five minutes till the music store closes.",hurry moe hurry get minute till music store close
"Hmm. ""Lisa stop playing that stupid... saxophone!"" Yes! That's it!",hmm lisa stop play stupid saxophone yes
"Look, I let you down and I apologize. I know that doesn't make it right, but I hope you can find it in your heart to forgive me.",look let apologize know right hope find heart forgive
"Maybe I should just cut my losses, give up on Lisa, and make a fresh start with Maggie.",maybe cut loss lisa fresh start maggie
"Marge, if I spend any more time doing these girl things, I'm gonna -- you know -- go fruity. No, you were right the first time with that quick fix idea. Let's see, quick fix, quick fix. Ah, I'll buy her that pony she's always bugging me for.",marge spend time girl thing go to know fruity right time quick fix idea let quick fix quick fix ah buy pony bug
"Marge, with today's gasoline prices, we can't afford not to buy a pony.",marge today gasoline price afford buy pony
"Marge, I've got to get her a pony. When I look in Lisa's eyes, I don't see love anymore.",marge get pony look lisa eye love anymore
"""Scot-tish deer-hound."" Hey, this is a dog!",scot tish deer hound hey dog
"Fine, I will. There's plenty of money out there for a guy who's willing to work for it.",fine plenty money guy willing work
"Marge, could we go in the other room? I did something last night I'm not proud of and I don't want the kids to hear it.",marge room night proud want kid hear
"Yes I do. You see Lisa, grownups have a thing called money...",yes lisa grownup thing call money
Bart! You can't weld with such a little flame. Stupid kid.,bart weld little flame stupid kid
"Uh, let's see, Bart's friends... Well, there's the fat kid with the thing... uh... the little wiener who's always got his hands in his pockets.",uh let bart friend fat kid thing uh little wiener get hand pocket
"Oh, my God. I don't know jack about my boy... I'm a bad father!",oh god know jack boy bad father
I'm Homer Simpson. I just took your test. I got a zero.,homer simpson take test get zero
"Well, that's easy for you to say, you preachy egg-headed institute guy. How much do you see your son?",easy preachy egg head institute guy son
Bart!... I'm gonna help you build that racer.,bart go to help build racer
But you can use me. I'm good. I've built a lot of things around the house... The spice rack... The birdfeeder... The gymboree.,use good build lot thing house spice rack birdfeeder gymboree
"You know, Marge, that Bart of ours is a little miracle. His winning smile, his button nose, his fat little stomach, his face alight with wholesome mischief... He reminds me of me before the weight of the world crushed my spirit.",know marge bart little miracle win smile button nose fat little stomach face alight wholesome mischief remind weight world crush spirit
"Okay Bart, we've got a lot of work to do on that car. So, I'm gonna pull you out of school for the next couple of weeks...",okay bart get lot work car go to pull school couple week
"Bart, the car had a few bugs in it, I admit that. But we're Team Simpson.",bart car bug admit team simpson
"I'll just sit here in ""Li'l Lightnin'"" -- which the Simpsons built -- and remember that for one brief shining moment, I had a son.",sit lightnin simpsons build remember brief shine moment son
"Oh, sure, I'll take you, wait with you, worry about you, and then you'll ride home with someone who has a faster car. This is how you get your kicks, isn't it, Lisa?",oh sure wait worry ride home fast car kick lisa
Three-time Soapbox Derby Champion Ronnie Beck!,time soapbox derby champion ronnie beck
"Wow, I'm one question away from being a perfect father. ""Name another dad you talked to about parenting.""",wow question away perfect father dad talk parenting
"Flanders, Flanders, uh, uh, when should a boy start dating?",flander flanders uh uh boy start date
"I talked to Flanders about parenting. I'm a perfect father. Hold on, son, I'm-a coming!",talk flanders parenting perfect father hold son coming
"That's my boy. Nyah-nyah, nyah, nyah-nyah-nyah!",boy nyah nyah nyah nyah nyah nyah
"Boy, they've got better things to talk about than you. Sheesh, what an ego.",boy get well thing talk sheesh ego
"You spoke while you were jinxed so I get to punch you in the arm. Sorry, it's the law. Heh, heh.",speak jinx punch arm sorry law heh heh
"Hey, I know a good drink. Really hits the spot. I invented it myself...",hey know good drink hit spot invent
One night Marge's beastly sisters were showing slides from their latest vacation.,night marge beastly sister show slide late vacation
"As I stared up at that hairy yellow drumstick, I knew I needed a drink.",stare hairy yellow drumstick know need drink
I decided to mix the little bits that were left in every liquor bottle.,decide mix little bit leave liquor bottle
In my haste I had grabbed a bottle of the kids' cough syrup.,haste grab bottle kid cough syrup
"Moe, I haven't seen the place this crowded since the government cracked down on you for accepting food stamps. Do you think my drink had something to do with it?",moe see place crowd government crack accept food stamp think drink
I'll tell you what's wrong. That rotten Moe is getting rich off a recipe i gave him!,tell wrong rotten moe get rich recipe give
Stupid Moe... non-inventing... recipe stealing... pug-nosed...,stupid moe non inventing recipe steal pug nosed
"Moe, Moe, Moe, Moe, Moe, Moe, Moe...",moe moe moe moe moe moe moe
"Fools! You poor, pathetic, misguided creatures, choking down your Flaming Moe's. All the time wondering, ""How does he do it?"" Well, I'm going tell you. The secret ingredient is...",fool poor pathetic misguided creature choke flaming moe time wonder going tell secret ingredient
"Cough syrup. Nothing but plain, ordinary, over the counter children's cough syrup!",cough syrup plain ordinary counter child cough syrup
"Moe, sorry I lost you hundreds of thousands of dollars.",moe sorry lose hundred thousand dollar
"Ahh. Thanks, Moe. You're the greatest friend a guy could ever have.",ahh thank moe great friend guy
Sell! Sell! Sell! Woo hoo! Twenty-five dollars!,sell sell sell woo hoo dollar
"Well, I happen to know that he won't sell it for less than 100 million dollars.",happen know will sell million dollar
"Lisa, your father needs your help. Do you know anything about Germany?",lisa father need help know germany
"Oh, Marge, I'm gonna be fired. I know it.",oh marge go to fire know
"Marge, it's not the money. My job is my identity. If I'm not a safety whatchamajigger, I'm nothing.",marge money job identity safety whatchamajigger
"Well, ah, I wish the candy machine wasn't so picky about taking beat-up dollar bills... because a lot of workers really like candy.",ah wish candy machine picky take beat dollar bill lot worker like candy
"Oh, oh, oh. I'm sorry. We were talking about chocolate?",oh oh oh sorry talk chocolate
Let me ask you something. Does your money cheer you up when you're feeling blue?,let ask money cheer feel blue
"Okay, bad example. So let me ask you this, does your money ever hug you when you come home at night?",okay bad example let ask money hug come home night
"Nobody loves you. Nobody loves you. You're old and you're ugly. Nobody loves you. Yea, yea, yea yea!",love love old ugly love yea yea yea yea
Na na na na / Na na na na /,na na na na na na na na
"Actually, Bart, I threw up more than your mother. ... It all happened at the beginning of that turbulent decade known as the '80s.",actually bart throw mother happen beginning turbulent decade know
For several years I'd been dating your mother and working at the local fun center.,year date mother work local fun center
"Don't you ever, ever talk that way about television. Lousy, ungrateful... Can't keep their, whaddyacallit... minds... on any uh...",talk way television lousy ungrateful whaddyacallit mind uh
"Wow, what an ending? Who'd have thought Darth Vader was Luke Skywalker's father.",wow ending think darth vader luke skywalker father
"Marge, you're as pretty as Princess Leia and as smart as Yoda.",marge pretty princess leia smart yoda
"Marge, there's something I want to ask you. But I'm afraid, because if you say no it'll destroy me and make me a criminal.",marge want ask afraid destroy criminal
"Woo hoo! Woo hoo! Yeah! She's gonna marry me. In your face, everybody... Woo hoo!",woo hoo woo hoo yeah go to marry face everybody woo hoo
"Let's see... Bart, Cart, Dart, Eeart... Nope, can't see any problem with that. Wow! I'll take that ring!",let bart cart dart eeart nope problem wow ring
"Finally, the big day came. We didn't have much money, so we went to a quaint little chapel just across the state line.",finally big day come money go quaint little chapel state line
"Marge, I'm sorry. I wish I could afford a better place.",marge sorry wish afford well place
Baby to Marge. Baby to Marge. Wah! Wah! Over.,baby marge baby marge wah wah
"I swear to you, when you come out of there, the first thing you're gonna see is a man with a good job.",swear come thing go to man good job
"""Dear Marge... By the time you read this, I will be gone. You deserve all the finest things in the world. And although I can give them to you, they will be repossessed and I will be hunted down like a dog. Also, it has become clear that your family doesn't want me here.""",dear marge time read go deserve fine thing world repossess hunt like dog clear family want
"Oh, c'mon, honey. You know how it turns out. After all, you wouldn't be here today if I hadn't become the responsible head of a household.",oh honey know turn today responsible head household
"No, Marge, I just can't. I mean, look at me. I'm a Trainee... They won't even tell me what's in the secret sauce. But I can't buy you a decent wedding ring.",marge mean look trainee will tell secret sauce buy decent wedding ring
"Well, listen to me, Mr. Bigshot... if you're looking for the kind of employee who takes abuse and never sticks up for himself... I'm your man. You can treat me like dirt and I'll still kiss your butt and call it ice cream. And if you don't like it... I can change!!",listen bigshot look kind employee take abuse stick man treat like dirt kiss butt ice cream like change
I got the job. I got the job! Whoo hoo! Only in America could I get a job!,get job get job whoo hoo america job
"No, you listen! This is my wife and this is my kid, and I'm paying for this delivery, so if you want to stay, you better give me some respect!",listen wife kid pay delivery want stay well respect
"Y'know, son, the day you were born I received the greatest gift a man could have.",son day bear receive great gift man
"Y'know, Marge. Bart's really gonna like my birthday present this year. It won't be like those shoe trees I got him last year... or the shelf paper I bought him for Christmas. I'll buy his love yet.",marge bart go to like birthday present year will like shoe tree get year shelf paper buy christmas buy love
"Bart, I'll bet you think nothin's gonna top that cactus. Well, check out my present!",bart bet think nothin go to cactus check present
WE GOT A GREAT BIG CON-VOY / ROCKIN' THROUGH THE NIGHT / WE GOT A GREAT BIG CON-VOY / AIN'T SHE A BEAUTIFUL SIGHT / CON-VOY,got great big con voy rockin night got great big con voy beautiful sight con voy
"Marge, we need some more vanilla-chocolate-and-strawberry ice cream.",marge need vanilla chocolate strawberry ice cream
"Don't worry, son. Just 'cause you're trapped in a hole doesn't mean you can't live a rich full life. I brought you your Krusty doll...",worry son trap hole mean live rich life bring krusty doll
"Don't worry son, they're gonna make sure no one ever falls down this well again.",worry son go to sure fall
"Ugh, this is ridiculous. What am I supposed to do? Lisa, who do you think's gonna win? The Bengals or the Dolphins?",ugh ridiculous suppose lisa think go to win bengals dolphins
"Good, good. Moe, fifty dollars on the Miami Dolphins.",good good moe dollar miami dolphins
"Uh-oh. You see, Lisa, Daddy's friend Moe promised to give him fifty dollars if the Dolphins won the game.",uh oh lisa daddy friend moe promise dollar dolphins win game
"Well, I wouldn't call it a bet. It's a little thing Daddies do to make football more exciting.",bet little thing daddy football exciting
And don't you like ice cream better when it's covered with hot fudge and mounds of whipped cream and chopped nuts and -- oh -- those crumbled up cookie things they mash up... hmmm. Crumbled up cookie things...,like ice cream well cover hot fudge mound whip cream chop nut oh crumble cookie thing mash hmmm crumble cookie thing
"Uh... somewhere in the back. The point is we had a great time today. And to keep it that way, let's not tell your mother about our little wager. Okay?",uh point great time today way let tell mother little wager okay
Sure! You'll find it gets rid of the unpleasant after-taste of church.,sure find get rid unpleasant taste church
"Well, Lisa, it's Daddy-Daughter day and Daddy needs daughter's picks.",lisa daddy daughter day daddy need daughter pick
"All right. If you must know, Lisa and I have been gambling on pro football.",right know lisa gamble pro football
"But Marge, she never loses. She's got a gift. Aren't parents supposed to encourage their kids whenever they show talent?",marge lose get gift parent suppose encourage kid talent
"Look, what's the problem? The kids are happy, you smell like Meryl Streep, and I've got that foot massager I've always wanted.",look problem kid happy smell like meryl streep get foot massager want
"Don't worry, the new football season is only seven months away.",worry new football season seven month away
"Look Lisa, I bought you a Malibu Stacey Chinchilla coat.",look lisa buy malibu stacey chinchilla coat
"Look Lisa, honey, I'm sorry I hurt your feelings. But I really had a good time watching football with you. And I think you had a good time with me.",look lisa honey sorry hurt feeling good time watch football think good time
"Oh, every note is like a dagger in my heart. I gotta get outta here.",oh note like dagger heart get to outta
"I had the greatest gift of all, a little girl who could pick football and I ruined it.",great gift little girl pick football ruin
Buffalo's gonna win. Lisa hates me!,buffalo go to win lisa hate
"Marge, I split my pants again. Oooh, can I have two sandwiches today? Make them bologna sandwiches too. Can I have two slices of bologna and cheese...",marge split pant oooh sandwich today bologna sandwich slice bologna cheese
"Marge, can you take my ball to Nick's today? A bottle cap got lodged in the finger hole.",marge ball nick today bottle cap get lodge finger hole
"And uh... later tonight I think you and I should uh, snuggle.",uh later tonight think uh snuggle
"Look Marge, I can tell something's bothering you. But if you come out of that car, I promise to do whatever it takes to make it better. Please, honey?",look marge tell bother come car promise take well honey
"I know you do, Marge. But come on, you know what our vacations are like. Those three monsters in the back seat. ""Are we there yet? Are we there yet?"" And let's face it, I'm no day at the beach either. ""Marge, can I have another sandwich? Marge, can I have another sandwich?""",know marge come know vacation like monster seat let face day beach marge sandwich marge sandwich
"Sorry, honey, mommy went crazy...And went far, far away...",sorry honey mommy go crazy go far far away
Hey kids... uh... you haven't seen Maggie around anyplace have you?,hey kid uh see maggie anyplace
"Listen, Marge, uh, how would you feel if I told you the dog ran away?",listen marge uh feel tell dog run away
"Oh. Well, I've got good news for you. The dog didn't run away.",oh get good news dog run away
"Now, Marge. Maggie was very young. It's not like we got so attached to her. No. Marge, isn't life funny? One day they're babies, the next thing you know, they're off on their own. Oh.",marge maggie young like get attached marge life funny day baby thing know oh
Can you believe it? Pretty soon I'll be able to quit my job and live off the boy.,believe pretty soon able quit job live boy
"Yes you are. You've been brainwashed by all those dog house commercials on TV. I know, I'll build him a dog house.",yes brainwash dog house commercial tv know build dog house
Don't worry. I just drew up a little blueprint. Now let me walk you through it.,worry draw little blueprint let walk
"This is the door. He goes through that. This is the roof. And this happy character here is the sun. He shines down on the house, see.",door go roof happy character sun shine house
"""Maybe it's the beer talking, Marge, but you've got a butt that won't quit. They got those big chewy pretzels here... ... five dollars? Get outta here.""",maybe beer talk marge get butt will quit get big chewy pretzel dollar outta
"Hey Marge, do you want to hear something funny? Flanders thinks I swear too much. Marge, you're not laughing.",hey marge want hear funny flanders think swear marge laugh
"Well what a surprise. Marge sticks up for Flanders! Can we have one conversation where you don't bring up your hero, Ned Flanders?",surprise marge stick flanders conversation bring hero ned flanders
"Look, we're past that. Marge, maybe I do curse a little, but that's the way God made me. And I'm too old to stop now.",look past marge maybe curse little way god old stop
"Well Marge, self-improvement has always been a passion of mine. Bring on the swear jar.",marge self improvement passion bring swear jar
"Fiddle dee dee. That will require a tetanus shot. I'm not going to swear, but I am going to kick this doghouse down.",fiddle dee dee require tetanus shot go swear go kick doghouse
"Bart, this is your teacher? I should start going to parents night.",bart teacher start go parent night
"Oh, Marge. I only said it because I thought that's what you wanted to hear.",oh marge say think want hear
Let's see... we play thirty games... ten at bats a game... three thousand.,let play thirty game bat game thousand
"Kids, kids, kids. You can each get me a beer. But first let's see it again in super slow motion.",kid kid kid beer let super slow motion
It's not fair. Me and the guys worked so hard to get to the championship game and now we'll be sitting on a bench.,fair guy work hard championship game sit bench
"Marge, forget it. He's bigger than me, faster than me, stronger than me and he already has more friends around the plant than I do.",marge forget big fast strong friend plant
We always have one good kid and one lousy kid. Why can't both our kids be good?,good kid lousy kid kid good
You'll never guess what happened Marge! Are you ready? I... have... a feeling... that we may win... the lottery!,guess happen marge ready feeling win lottery
"I know you're excited, but calm down and listen to me carefully. Go-get-all-your-money...",know excited calm listen carefully money
"You don't understand, Marge. The lottery is the one ray of hope in my otherwise unbearable life. Uh, the lottery and you.",understand marge lottery ray hope unbearable life uh lottery
"Yes, Money... I mean Honey. Ooooh! Here comes a news report about the lottery!",yes money mean honey ooooh come news report lottery
"Correction. Three hundred and eighty million to fifty. So what are you gonna do with your share of the money, kids?",correction eighty million go to share money kid
"Uh... later. First, I want to tell you about the most wonderful place in the world... Doggie Heaven.",uh later want tell wonderful place world doggie heaven
"In Doggie Heaven, there's mountains of bones and they can't turn around without sniffing another dog's butt! And all the best dogs are there. Old Yeller... and about eight Lassies and...",doggie heaven mountain bone turn sniff dog butt good dog old yeller lassies
"Oh, come on! I'm sorry, but we just can't afford it. Marge, make him stop.",oh come sorry afford marge stop
All right. All right. We'll find a way. Lousy manipulative dog.,right right find way lousy manipulative dog
But Marge! It looks so easy! Just like carving a turkey.,marge look easy like carve turkey
"Lousy chub night. Hey, how come he gets meat and we don't?",lousy chub night hey come get meat
"Ah, this movie's too complicated... Hey, the floor's sticky...",ah movie complicated hey floor sticky
"Marge, I have always carried myself with a certain quiet dignity. Tonight you robbed me of it. I'm going now and I don't know when you'll see me again.",marge carry certain quiet dignity tonight rob go know
"Hey... Hey, Lurleen! I've gotta say somethin' to ya.",hey hey lurleen get to ya
"Lurleen, I can't get your song outta my mind. I haven't felt this way since ""Funky Town.""",lurleen song outta mind feel way funky town
"Lurleen, we've gotta crack open your head and scoop out those songs!",lurleen get to crack open head scoop song
"Marge, you make it sound so seamy. All I did was spend the afternoon in her trailer watching her try on some outfits.",marge sound seamy spend afternoon trailer watch try outfit
"Well hi, Lurleen. We were just talking about you. Uh... I think I can come over. Let me ask my wife.",hi lurleen talk uh think come let ask wife
"Well, I was going to ask you for a glass of water, but now I feel kinda guilty about it.",go ask glass water feel kinda guilty
"Marge, you're standing in the way of my boyhood dream of managing a beautiful country singer.",marge stand way boyhood dream manage beautiful country singer
"Marge, Lurleen's gonna be a big success and whether you like it or not, I'm going to be there.",marge lurleen go to big success like go
"Calm down, Marge, it's just our life savings. I'm not going to go into hock for this.",calm marge life saving go hock
"I don't have time to answer all these questions. Uh, time is money. Come on, people!",time answer question uh time money come people
"Hey! Oh, you meant that as a compliment. Now on this show, they want you to sing two songs. Maybe we should give them something new.",hey oh mean compliment want sing song maybe new
"Later, Marge. Lurleen's on TV tonight. I gotta get ready.",later marge lurleen tv tonight get to ready
"Forget it, pal. They don't call me Colonel Homer because I'm some dumb-ass army guy.",forget pal colonel homer dumb ass army guy
I'm sorry Lurleen. All I wanted to do was share your beautiful voice with other people and I've done that. Now I better get out of here before I lose my family.,sorry lurleen want share beautiful voice people well lose family
"Now before we negotiate, I have to tell you I'm desperate to unload Lurleen. And I'll take any offer.",negotiate tell desperate unload lurleen offer
"Gee, if some snot-nosed little kid sent me to prison, the first thing out, I'd find out where he lives, and tear him a new bellybutton.",gee snot nosed little kid send prison thing find live tear new bellybutton
"Well, you can't go wrong with cocktail weenies. They taste as good as they look. And they come in this delicious red sauce. It looks like catsup -- it tastes like ketchup. But brother it ain't ketchup!",wrong cocktail weenie taste good look come delicious red sauce look like catsup taste like ketchup brother be ketchup
"Oh, would you two knock it off? I hate all the programs Marge likes. But it's no big deal. You know why?",oh knock hate program marge like big deal know
"Whenever Marge puts on one of her nonviolent programs, I take a walk. I go to a bar, I down a few, and I stumble home in the mood for love.",marge put nonviolent program walk bar stumble home mood love
"Oh Marge, I went to thousands of heavy metal concerts and it never hurt me.",oh marge go thousand heavy metal concert hurt
"Now boy, we spent a lot of money. So you better get real good real fast or pow!",boy spend lot money well real good real fast pow
Forget it. That line didn't work for my dad and it's not gonna work for you.,forget line work dad go to work
"Yes, but doesn't the Bible also say, ""Thou shalt not take moochers into thy... hut""?",yes bible thou shalt moocher thy hut
"That's better. Hey, how come you never play your guitar anymore?",well hey come play guitar anymore
"Oh Lisa, that's a load of rich, creamery butter.",oh lisa load rich creamery butter
"Lose weight and listen to new-age music? Wow! What do you think, Marge?",lose weight listen new age music wow think marge
Forbearance is the watchword. That triumvirate of Twinkies merely overwhelmed my resolve.,forbearance watchword triumvirate twinkie merely overwhelm resolve
"Tut tut, gentle Marge. For here in the boudoir, the gourmand metamorphasizes into the voluptuary!",tut tut gentle marge boudoir gourmand metamorphasize voluptuary
"Marge, where's that... metal dealie... you use to... dig... food.",marge metal dealie use dig food
"Oh, the usual. Stand in front of this, open that, pull down this, bend over, spread apart that, turn your head that way, cough...",oh usual stand open pull bend spread apart turn head way cough
"Well, why did this have to happen now, during primetime, when TV's brightest stars come out to shine!?",happen primetime tv bright star come shine
"Oh, goodbye, old girl. We've had a lot of great memories.",oh goodbye old girl lot great memory
"Well friend, you're going back where you came from. The curb in front of Flanders' house.",friend go come curb flanders house
"Marge, there's an empty spot I've always had inside me. I tried to fill it with family, religion, community service. But those were dead ends. I think this chair is the answer.",marge spot inside try fill family religion community service dead end think chair answer
"Wait, Marge. Didn't you want to spend that money on a vibrating chair?",wait marge want spend money vibrating chair
"Now listen, boy. We have an understanding and you'd better keep your end of it. I don't think I'd be any kind of a father if you got D's and I let you go to Kamp Krusty.",listen boy understanding well end think kind father get d let kamp krusty
"Son, if you really want something in this life you have to work for it. Now quiet, they're about to announce the lottery numbers.",son want life work quiet announce lottery number
You know a D turns into a B so easily. You just got greedy.,know d turn b easily get greedy
"Thanks son. Now, you've got little hands. Can you reach under that mower and pull out that skate?",thank son get little hand reach mower pull skate
"Excuse me, Marge. I think that if you told me I would remember! I mean I'm not an idiot!",excuse marge think tell remember mean idiot
"Bart, don't ask stupid questions. Is there any frontal nudity?",bart ask stupid question frontal nudity
"You see, Marge, while you're off in your little world, you forgot that other people have problems too.",marge little world forget people problem
"Woo-hoo! Come to papa! Marge, I'll be out in the car.",woo hoo come papa marge car
"Oh no! My pudding is trapped forever. So I can open my own can of pudding, can I? Shows what you know, Marge!",oh pudding trap forever open pudding show know marge
"Kids, wait in the car. I want to talk to your mother about this play thing.",kid wait car want talk mother play thing
I wasn't bored. I was sad. It really got to me how that lady -- Uh... uh... you know which one I mean. You played her.,bored sad get lady uh uh know mean play
I mean it made me feel bad. The poor thing ends up being hauled to the nut house when all she needed was for that big slob to show her some respect. At least that's what I thought. I have a history of missing the point of stuff like this.,mean feel bad poor thing end haul nut house need big slob respect think history miss point stuff like
"Ahhh, another beautiful day in the womb. La-la-la-la--la-... ...la-la-la... la-la-la...",ahhh beautiful day womb la la la la la la la la la la
"Ahhh. I'm just a big toasty cinnamon bun. I never want to leave this bed. Uh-oh. Gotta take a whiz. Think, man, think... think, think, think. I better get up.",ahhh big toasty cinnamon bun want leave bed uh oh got to whiz think man think think think think well
"Let's see here... caramels, waffle batter...liquid smoke...",let caramel waffle batter liquid smoke
"Come on TV... gimme some of that sweet, sweet pap!",come tv gimme sweet sweet pap
"I, on the other hand, have been having the best day of my life. And I owe it all to skipping church!",hand have good day life owe skip church
"Hey, what's the big deal about going to some building every Sunday? I mean, isn't God everywhere?",hey big deal go building sunday mean god
And don't you think that the Almighty has better things to worry about than where one little guy spends one measly hour of his week?,think almighty well thing worry little guy spend measly hour week
And what if we picked the wrong religion? Every week we're just making God madder and madder.,pick wrong religion week make god madder madder
I'm not a bad guy. I work hard and I love my kids. So why should I spend half my Sunday hearing about how I'm going to hell?,bad guy work hard love kid spend half sunday hearing go hell
"So I figure I should just try to live right, and worship you in my own way.",figure try live right worship way
"Well, I wasn't sure I was doing the right thing. But then God Himself told me I should seek a new path.",sure right thing god tell seek new path
"Yeah, he appeared before me in a dream, and I knew that was special 'cause I usually dream about naked... Marge.",yeah appear dream know special usually dream naked marge
"Well, you should join my religion, Moe. It's great. No Hell... no kneeling....",join religion moe great hell kneeling
"Kids, let me tell you about another so-called wicked guy. He had long hair and some ""wild"" ideas and he didn't always do what other people thought was right. And that man's name was... I forget. But the point is... uh, I forget that too. Marge, you know who I'm talking about -- he used to drive that blue car --",kid let tell call wicked guy long hair wild idea people think right man forget point uh forget marge know talk drive blue car
"Fire! What do I do? What do I do? Oh, the song! The song! WHEN A FIRE STARTS TO BURN / THERE'S A LESSON YOU MUST LEARN / SOMETHING... SOMETHING, THEN YOU'LL SEE/YOU'LL AVOID CATASTROPHE!",fire oh song song fire starts burn lesson learn avoid catastrophe
"Hey, wait a minute... Flanders is a regular Charlie Church and God didn't save his house!",hey wait minute flanders regular charlie church god save house
"No, don't tell me, I'll get it... Oh, I know! The Lord is vengeful! O Spiteful One! Show me who to smite, and they shall be smoten!",tell oh know lord vengeful o spiteful smite shall smoten
"I was rude to every one of you... and you saved my life, when you could have just left me to fry, like the proverbial pancake that I am.",rude save life leave fry like proverbial pancake
"Ho-mer, Ho-mer, Ho-mer..",ho mer ho mer ho mer
HEY THERE BLIMPY BOY /FLYING THROUGH THE SKY SO FANCY FREE.,hey blimpy boy sky fancy free
"Uh, was your second wish to be entered in the Little Miss Springfield Pageant?",uh second wish enter little miss springfield pageant
Hey there blimpy boy Flying through the sky so fancy free --,hey blimpy boy fly sky fancy free
"Boy, when Lisa comes in, I want you to make a big fuss over how she looks.",boy lisa come want big fuss look
"No, she won't. When it comes to compliments, women are ravenous, blood-sucking monsters, always wantin' more, MORE! MORE! And if you give it to 'em, you'll get plenty back in return.",will come compliment woman ravenous blood suck monster wantin plenty return
"Is that Lisa? Ooh, I gotta call heaven -- there's an angel missing!",lisa ooh get to heaven angel miss
"I mean don't worry, son. I forgot to get you a present. But I swear on my father's grave...",mean worry son forget present swear father grave
"Yeah, dogs like to bury old junk.",yeah dog like bury old junk
Well that depends on what your teachers say. If you've been good... pizza. If you've been bad... uh... ... let's see... poison.,depend teacher good pizza bad uh let poison
"Eight o'clock... Happy Days. The Fonz, Henry Winkler, is worried he's losing his cool.",happy day fonz henry winkler worried lose cool
"Well, I've always been a firm believer in the three ""R's"": ""reading TV Guide""... ummmm, writing to TV Guide... and renewing TV Guide.",firm believer r read tv guide ummmm write tv guide renew tv guide
Are you kidding? Lisa turned out perfect. I won't stand here and listen to you bad-mouthing Lisa!,kid lisa turn perfect will stand listen bad mouth lisa
If you don't start making more sense we're gonna have to put you in a home.,start make sense go to home
"Dad, you and your stories... ""Bart broke my teeth""... ""the nurses are stealing my money""... ""this thing on my neck is getting bigger""...",dad story bart break tooth nurse steal money thing neck get big
"But Marge, look at that hangdog expression. He's learned his lesson. Let's get him a present.",marge look hangdog expression learn lesson let present
"All right, Marge. I swear to you, the next time he does something wrong I'll punish him and make it stick.",right marge swear time wrong punish stick
"All right, boy. This calls for the biggest punishment I've ever handed down. And this time it's gonna stick!",right boy call big punishment hand time go to stick
"Damn right. Bart, you can't go to see that Itchy & Scratchy movie. Ever!",damn right bart itchy scratchy movie
Don't point that thing at me. I said you're not going to the movie and I'm sticking to it.,point thing say go movie stick
"I know my punishment might seem a little harsh, but I can't go back on it. You're welcome to watch anything you want on TV.",know punishment little harsh welcome watch want tv
"Ah, sweet soft-hearted Marge. You just can't see the big picture. If I stick to my guns, the boy could wind up Chief Justice of the Supreme Court. If I fail, the best he could do is judge at a ""Mister Tight Buns"" competition. I can't let that happen, I won't let that happen and I can't let that happen.",ah sweet soft hearted marge big picture stick gun boy wind chief justice supreme court fail good judge mister tight buns competition let happen will let happen let happen
"Marge, it'll cost eighty-five hundred dollars. We only have five hundred in the bank. That leaves... eighty- hundred we need.",marge cost eighty dollar bank leave need
"March 15... I wish I'd brought a TV. Oh God, how I miss TV.",march wish bring tv oh god miss tv
"Marge, you're making a big mistake. I'm going to see you all day at work and all night at home...",marge make big mistake go day work night home
"Now, Marge, just remember, if something goes wrong at the plant, blame the guy who can't speak English. Ah, Tibor, how many times have you saved my butt .",marge remember go wrong plant blame guy speak english ah tibor time save butt
"Marge, Marge, Marge, let's file this under ""R"" for arrivederci.",marge marge marge let file r arrivederci
"Well, I won't sleep in the same bed with a woman who thinks I'm lazy. I'm gonna go right down stairs, unfold the couch, unroll a sleeping bag... Eh, goodnight.",will sleep bed woman think lazy go to right stair unfold couch unroll sleep bag eh goodnight
"Wha... hey, moose! Shoo! Go! Talkin' to you! Get off my lawn! Now!",wha hey moose shoo talkin lawn
"Aye, aye Captain! Marge, we're going to that restaurant.",aye aye captain marge go restaurant
"No ""All You Can Eat Seafood."" I wore my extra-loose pants for nothing. Nothing!",eat seafood wear extra loose pant
"Heh heh, I know what you mean. Just let me make sure we're not talking about food.",heh heh know mean let sure talk food
"Sorry Marge, this is my quest. I'm like that guy -- that Spanish guy -- you know, he fought the windmills...",sorry marge quest like guy spanish guy know fight windmill
"Maybe you're right. Now, if you'll excuse us, this is a sacred moment between a boy and his father.",maybe right excuse sacred moment boy father
"Son, a woman is a lot like, uh... ... a refrigerator. They're about six feet tall, 300 pounds... they make ice and ... Oh, wait a minute, actually, a woman is more like a beer! They smell good -- they look good -- you'd step over your own mother just to get one! But you can't stop at one. You want to drink another woman!",son woman lot like uh refrigerator foot tall pound ice oh wait minute actually woman like beer smell good look good step mother stop want drink woman
"So I says, ""Yeah, if you want that money, come and find it 'cause I don't know where it is you baloney..."" You make me wanna retch...",say yeah want money come find know baloney wanna retch
"Come on, Marge, let the people see your pretty face.",come marge let people pretty face
"But Marge, Alan Thicke is throwing knives at Ricardo Montalban.",marge alan thicke throw knife ricardo montalban
"Kids! If we buy a new car, we get our parking validated for free.",kid buy new car parking validate free
Bart! That car belonged to Bonnie and Clyde! Show a little respect.,bart car belong bonnie clyde little respect
"Absolutely! My prices are so low, you'll think I've suffered brain damage.",absolutely price low think suffer brain damage
"The waiting game sucks. Let's play ""Hungry, Hungry Hippos.""",wait game suck let play hungry hungry hippos
WHEN THE WORKING DAY IS DONE / GIRLS JUST WANNA HAVE FU-UN / THAT'S ALL WE REALLY WANNNNT...,working day girl wanna fu un wannnnt
"No, we won't. I've got it all figured out. The baby can have Bart's crib and Bart can sleep with us until he's 21!",will get figure baby bart crib bart sleep
"Dad, first you gave me life, now you've given me a home for my family. I'd be honored if you came to live with us.",dad give life give home family honor come live
"Not easy to juggle a pregnant wife and a troubled child, but somehow I managed to fit in eight hours of TV a day.",easy juggle pregnant wife troubled child manage fit hour tv day
"All right, I know how to handle this. Just use a little reverse psychology. Let's go, Marge. Leave the baby with his little crib.",right know handle use little reverse psychology let marge leave baby little crib
"I know you like clowns, so I made you this bed. Now you can laugh yourself to sleep.",know like clown bed laugh sleep
"Yeah, well Bart can kiss my hairy yellow butt.",yeah bart kiss hairy yellow butt
"Y'know, Maggie, the sooner kids talk, the sooner they talk back.",maggie soon kid talk soon talk
I can't wait till they throw his hatless butt in jail.,wait till throw hatless butt jail
You know that feeling you get when a thousand knives of fire are stabbing you in the heart? I've got that right now. Ooh... bacon!,know feel thousand knife fire stab heart get right ooh bacon
"Ooh, oatmeal. What a delightful treat. Ugh, there's a bug in it.",ooh oatmeal delightful treat ugh bug
"OH NI-IGHT, DI- Vine. Hey, my voice just changed.",oh ni ight vine hey voice change
"Okay, okay. We need forty-thousand dollars. Now, how much do we have in the checkbook?",okay okay need thousand dollar checkbook
"Hmm, have we deposited any forty-thousand dollar checks that haven't cleared yet?",hmm deposit thousand dollar check clear
"Oh doctor, I was in a wonderful place filled with fire and brimstone. And there were all these guys in red pajamas sticking pitchforks in my butt.",oh doctor wonderful place fill fire brimstone guy red pajama stick pitchfork butt
"Now, I know I haven't been the best Christian. In fact, when you're up there ""Blah, blah, blah-ing"" I'm usually doodling or mentally undressing the female parishioners... well, anyhoo... can I have forty-thousand dollars?",know good christian fact blah blah blah ing usually doodle mentally undress female parishioner anyhoo thousand dollar
"Now, I know I haven't been the best Jew... but I rented ""Fiddler on the Roof"", and I will watch it. Anyway, can I have forty-thousand dollars?",know good jew rent fiddler roof watch thousand dollar
"Well, you kids are old enough to know the truth and I'm not gonna sugarcoat it.",kid old know truth go to sugarcoat
Kids. Kids... I'm not gonna die. That only happens to bad people.,kid kid go to die happen bad people
Uh... he sold poison milk to school children.,uh sell poison milk school child
"Dear Lord, I'm really scared about this operation tomorrow. If something happens, please look after Marge, and make sure my kids grow up right.",dear lord scared operation tomorrow happen look marge sure kid grow right
"Oh, my little Maggie, I may never hold you again... ew, stinky pants.",oh little maggie hold ew stinky pant
"Now, Marge, if the unthinkable should happen, you're gonna be lonely...",marge unthinkable happen go to lonely
"Darn right. And to make sure, I want to be stuffed and put on the couch as a constant reminder of our marital vows.",darn right sure want stuff couch constant reminder marital vow
"SIMPSON, HOMER SIMPSON / HE'S THE GREATEST GUY IN HISTORY / FROM THE TOWN OF SPRINGFIELD / HE'S ABOUT TO HIT A CHESTNUT TREE",simpson homer simpson greatest guy history town springfield hit chestnut tree
"Oh, Andy Capp, you wife-beating drunk.",oh andy capp wife beat drunk
"Like a giant billboard that says, ""No fat chicks""?",like giant billboard say fat chick
Do you want to change your name to Homer Junior? The kids can call you Hoju!,want change homer junior kid hoju
What if I SING TO YOU? I GAVE MY LOVE A CHICKEN THAT HAD NO BONE/ Mmmm chicken.,sing give love chicken mmmm chicken
"Yes, son. I'm the best mono-thingy guy there ever was.",yes son good mono thingy guy
"Bart, warm up the car. We're going to Duff Gardens.",bart warm car go duff gardens
"Legend of the dog-faced woman! Oh, that's good.",legend dog face woman oh good
"Hey, Bart, son. Here's my way of saying, ""I'm sorry.""",hey bart son way say sorry
"Marge, when kids these days say bad, they mean good. And to shake your booty means to wiggle one's butt. Permit me to demonstrate.",marge kid day bad mean good shake booty mean wiggle butt permit demonstrate
"It's that record club. The first nine were only a penny. Then they jacked up the price! It's not fair, it's not fair I tells ya.",record club penny jack price fair fair tell ya
"How would you like me to take it? ""Go ahead, Bart, have your fun, I'll be waiting for you?"" I'm sorry, I can't do it.",like ahead bart fun wait sorry
Ugly... wiener... crater face... Soo-ee! Soo-ee!...,ugly wiener crater face soo ee soo ee
"Son, your life is gonna get better -- starting now.",son life go to well start
"Come on, Bart. We had our fun. Remember when I used to push you on the swing?",come bart fun remember push swing
"First, you gotta shriek lika a woman, and keep sobbing till he turns away in disgust. That's when it's time to kick some back.",get to shriek lika woman sob till turn away disgust time kick
"Apu, you gotta help me! I need a valentine's gift for my wife.",apu get to help need valentine gift wife
"Let me handle this, Marge. I've heard 'em all. ""I like you as a friend,"" ""I think we should see other people,"" I no speak English""...",let handle marge hear like friend think people speak english
Can you believe Flanders threw out a perfectly good toothbrush?,believe flanders throw perfectly good toothbrush
"You know, one day honest citizens are going to stand up to you crooked cops.",know day honest citizen go stand crooked cop
"W,X,Y, AND Z / NOW I KNOW MY ABC'S / WON'T YOU COME AND PLAY WITH ME?",w x y z know abc come play
WHEN I WAS 17 / I DRANK SOME VERY GOOD BEER / I DRANK SOME VERY GOOD BEER I PURCHASED WITH A FAKE I.D. / MY NAME WAS BRIAN MCGEE / I STAYED UP LISTENING TO QUEEN,drink good beer drink good beer purchase fake brian mcgee stay listen queen
Don't think about beer... Don't think about beer... Don't think about beer...,think beer think beer think beer
"But Marge, the barflies are expecting me... Moe, and Barney and that guy who calls me Bill...",marge barflie expect moe barney guy call bill
Thanks a lot Carl. Now I've lost my train of thought.,thank lot carl lose train thought
And make life-long connections to the world of Organized Crime. Hmmm... organized crime.,life long connection world organized crime hmmm organize crime
"Sorry, Mr. Burns, but I don't go in for these backdoor shenanigans. Sure, I'm flattered... maybe even a little curious, but the answer is no.",sorry burns backdoor shenanigan sure flattered maybe little curious answer
I'm gonna resign. I don't know why they made me Union President in the first place.,go to resign know union president place
"Ya know, I think you're right. First thing tomorrow morning, I'm gonna punch Lenny in the back of the head.",ya know think right thing tomorrow morning go to punch lenny head
"Fellow workers, I've been meeting with Mr. Burns day and night and I've had enough.",fellow worker meet burns day night
"Woop, woop, woop! Woop, woop, woop!",woop woop woop woop woop woop
You couldn't fool your mother on the foolingest day of your life if you had an electrified fooling machine.,fool mother fooling day life electrify fooling machine
"Whew! It's a good thing that beer wasn't shaken up any more, or I'd have looked quite the fool. An April Fool, as it were.",whew good thing beer shake look fool april fool
"Ohhh, thank God. Thank God. Thank God.",ohhh thank god thank god thank god
"This is a trap. It's going to catch us our dinner. Come on, boy.",trap go catch dinner come boy
"The burgers are getting cold, guys. Holy moly.",burger get cold guy holy moly
"Oh, Marge, what if I wind up as some vegetable, watching TV on the couch? My important work will never be completed.",oh marge wind vegetable watch tv couch important work complete
"Can't breathe... sweet chocolate... cutting off air... ...Mmm, nuts.",breathe sweet chocolate cut air mmm nut
"Does a father have to explain? Let's just share your gift, okay?",father explain let share gift okay
"...and, finally, the little spot under your nose. Next, we take some toilet paper, tear off some teensy little squares, and stick one there, and there, and any place you're bleeding. There and there. Don't worry, the blood will hold it right on your face. Now, some aftershave.",finally little spot nose toilet paper tear teensy little square stick place bleed worry blood hold right face aftershave
"Marge, I ate those fancy soaps you bought for the bathroom.",marge eat fancy soap buy bathroom
"Marge, ixnay on the uclear-nay ecnitian-tay.",marge ixnay uclear nay ecnitian tay
"Marge, I have my pride. I'm going to go to night school, earn my high school diploma, and get back my most improved odor trophy!",marge pride go night school earn high school diploma improved odor trophy
"All right, brain, you don't like me and I don't like you. But let's just do this and I can get back to killing you with beer.",right brain like like let kill beer
No son of mine is gonna be a 19th Century Cockney bootblack. We're gonna find you another school.,son go to century cockney bootblack go to find school
"Marge, it's too late. The boy's ten years old! Let's focus our energy on Lisa and the other one.",marge late boy year old let focus energy lisa
I AM EVIL HO-MER... I AM EVIL HO-MER... I AM EVIL HO-MER... I AM EVIL HO-MER...,evil ho mer evil ho mer evil ho mer evil ho mer
"Look what I got, Marge. A new whacking stick.",look get marge new whacking stick
Here you go. Official Whacking Day parking. Ten dollars per axle.,official whacking day parking dollar axle
"Marge, the boy's wasting valuable time -- come change the channel and pat my head.",marge boy waste valuable time come change channel pat head
"Marge, I'm gonna miss you so much. And it's not just the sex... it's also the food preparation... your skill with stains of all kinds. But mostly, I'll miss how lucky you make me feel each and every morning.",marge go to miss sex food preparation skill stain kind miss lucky feel morning
"Now kids, while your mother's gone, I don't wanna have to wash any dishes. So, from now on, drink straight from the faucet or milk carton, and we'll eat while standing over the sink or toilet.",kid mother gone wanna wash dish drink straight faucet milk carton eat stand sink toilet
"We're gonna let her roam free in the backyard, and nature will take its course.",go to let roam free backyard nature course
"Two wrongs make a right, Lisa. Ah, Rex Morgan M.D., you have the prescription for the daily blues.",wrong right lisa ah rex morgan prescription daily blue
Junk... junk... the airplane's upside down... Strad-i-who-vius?...,junk junk airplane upside strad vius
"Rock 'n' roll had become stagnant. ""Achy Breaky Heart"" was seven years away. Something had to fill the void, and that something was barbershop...",rock n roll stagnant achy breaky heart seven year away fill void barbershop
"It'll be a long time before your Mother gets back with the tire, so why don't I tell you more of the story? Now that we had a name, the Be Sharps needed a hit. Something new, something exciting, something mid-1980's...",long time mother get tire tell story sharps need hit new exciting
"Come on, honey. It'll only be till we finish our tour of Sweden.",come honey till finish tour sweden
"Yeah, but I'm not gonna let it change our lives. I'll be the same loving father I've always been.",yeah go to let change life love father
Now all we needed was the approval of record company low-lifes.,need approval record company low life
"There are perfectly good answers to those questions, but they'll have to wait for another night. Now off to bed.",perfectly good answer question wait night bed
"Oh my god, someone's trying to kill me! Oh wait, it's for Bart.",oh god try kill oh wait bart
"Is that so? Oh, Flan-ders! Won't you join me in my kitchen?",oh flan der will join kitchen
"Hey, kids! Wanna drive through that cactus patch?",hey kid wanna drive cactus patch
"Relax, Marge. I tied up all the loose ends before we left.",relax marge tie loose end leave
"Oh, geez, I told you, Bernie. To guard the bee.",oh geez tell bernie guard bee
I AM SO SMART/ I AM SO SMART/ I AM SO SMART/ I AM SO SMART. S-M-R-T...I MEAN S-M-A-R-T.,smart s m r t mean s m r
"Marge, try to understand. There are two kinds of college students: jocks and nerds. As a jock, it is my duty to give nerds a hard time.",marge try understand kind college student jock nerd jock duty nerd hard time
"Marge, someone's squeezed all the life out of these kids. And unless movies and TV have lied to me, it's a crusty, bitter, old dean!",marge squeeze life kid movie tv lie crusty bitter old dean
"Aah, the college road trip. What better way to spread beer-fueled mayhem?",aah college road trip well way spread beer fuel mayhem
"Look! You pull its tail straight and it curls right back up again. Curly, straight, curly, straight, curly, straight, curly, straight...",look pull tail straight curl right curly straight curly straight curly straight curly straight
"Marge, they don't have anywhere to stay, and they're geniuses. They'll solve all our problems. They'll elevate us to the status of kings on Earth.",marge stay genius solve problem elevate status king earth
"Look, I'm sure we can work something out where we can all live in harmony. Right, Marge?",look sure work live harmony right marge
"No problem, guys. The important thing is that we wrapped up all the loose ends.",problem guy important thing wrap loose end
I'm gonna lose my job just 'cause I'm dangerously unqualified.,go to lose job dangerously unqualified
"Oh, Marge. You're worse than that crusty old dean.",oh marge bad crusty old dean
Lobo! Lobo! Bring back Sheriff Lobo! Lobo! Lobo!,lobo lobo bring sheriff lobo lobo lobo
Every time Mr. Burns has a birthday all his employees have to help out at the party. And I always get some terrible job.,time burns birthday employee help party terrible job
I'm writing a delicious send up of Mr. Burns for his birthday party. Is poo poo one word or two?,write delicious send burns birthday party poo poo word
"Marge, the comedy roast is an American tradition. It's what gives us the freedom to criticize our social betters. Hey Flanders, you smell like Manure!",marge comedy roast american tradition give freedom criticize social better hey flanders smell like manure
"Oooh, tough crowd. Better bring out the big guns. Here's an impression of Mr. Burns that you might find... a little cheeky.",oooh tough crowd well bring big gun impression burns find little cheeky
"I'm Mr. Burns. Blah, blah, blah. Do this. Do that. Blah, blah, blah.",burns blah blah blah blah blah blah
"Oh, where did I lose 'em? I'll never wiggle my bare butt in public again.",oh lose wiggle bare butt public
"Maggie, I'm trying to watch TV. Put that moldy old bear down.",maggie try watch tv moldy old bear
"Well, Burns isn't gettin' this back cheap, I'll tell you that. He's going to have to give me... my own recording studio.",burns gettin cheap tell go recording studio
"Two all-beef patties, special sauce lettuce cheese pickles onions on a sesame seed bun...",beef patty special sauce lettuce cheese pickle onion sesame seed bun
Yes sir. Reject the first offer. Reject the first offer.,yes sir reject offer reject offer
I gotta call Burns! I gotta call Burns. Maybe I can still get that drink!,get to burns get to burns maybe drink
Woo hoo! I'm rich! Rich I tells ya. Here you go.,woo hoo rich rich tell ya
"Ah, big deal. Who needs his money? We're gettin' by okay.",ah big deal need money gettin okay
"Aw thanks, Marge. But it'll take a lot more than that to comfort this tortured soul.",aw thank marge lot comfort torture soul
"Well, we didn't get any money, but Mr. Burns got what he wanted. Marge, I'm confused. Is this a happy ending or a sad ending?",money burns get want marge confused happy ending sad ending
"Marge, look at all this great stuff I found at the marina! It was just sitting in some guy's boat!",marge look great stuff find marina sit guy boat
"Heh-heh-HEH. Lisa, vampires are make-believe. Just like elves, gremlins and Eskimos.",heh heh heh lisa vampire believe like elf gremlin eskimos
It sure was nice of Mr. Burns to invite us for a midnight dinner at his country house in... Pennsylvania.,sure nice burns invite midnight dinner country house pennsylvania
"Oh, Lisa, you and your stories. Bart is a vampire, beer kills brain cells. Now let's go back to that... building... thingee... where our beds and TV... is.",oh lisa story bart vampire beer kill brain cell let build thingee bed tv
Bart! How many times have I told you not to bite your sist... Wait a minute! You are a vampire.,bart time tell bite sist wait minute vampire
Kill my boss? Do I dare live out the American Dream?,kill boss dare live american dream
"Marge, it's public TV! They never have anything good. Where are the Geraldos? Where are the Eubankses-es?",marge public tv good geraldos eubankses es
"Marjorie, please. I enjoy all the meats of our cultural stew. Ahhh, ballet.",marjorie enjoy meat cultural stew ahhh ballet
"Marge, this may be hard to believe, but I'm trapped inside two vending machines.",marge hard believe trap inside vend machine
"Marge, I know you didn't believe me about the vending machines. That's why I had the fireman write me a note.",marge know believe vend machine fireman write note
"Marge, that's twice. I think you're spending entirely too much time with this woman.",marge twice think spend entirely time woman
"Marge, I got sprayed by this skunk! Oh look, it's doing it again!",marge get spray skunk oh look
"What the... Oh, I don't know... a little show called ""Doctor Quinn, Medicine Woman""?!",oh know little call doctor quinn medicine woman
"Oh, that would be delightf... Quiet, boy! There's nothing to feel ashamed of here. Women have a right to a night out. Right, Lisa?",oh delightf quiet boy feel ashamed woman right night right lisa
"Oh Lisa, haven't you seen ""Home Alone?"" If some burglars come, it'll be a very humorous and entertaining situation.",oh lisa see home burglar come humorous entertaining situation
Come on Marge. It's fun to smash things. I smashed it good!,come marge fun smash thing smash good
"Look, Marge, I'm sorry I haven't been a better husband. I'm sorry about the time I tried to make gravy in the bathtub. I'm sorry I used your wedding dress to wax the car... And I'm sorry... Oh well let's just say I'm sorry for the whole marriage up to this point.",look marge sorry well husband sorry time try gravy bathtub sorry wedding dress wax car sorry oh let sorry marriage point
"Mmmmm... Ewwww.... Mmmmm...Ohhh... Mmmmm... Ahhhh. Ooh, I think this was pizza.",mmmmm ewwww mmmmm ohhh mmmmm ahhhh ooh think pizza
Oooh! The Springfield Men's Shelter is giving away sixty soiled mattresses!,oooh springfield men shelter give away soil mattress
Tram...Ample...Een! Tram...Baple...Een!,tram ample een tram baple een
"Hi, son. Hi, son. Hi, son.",hi son hi son hi son
"Kids, kids, once you get hurt, move aside and let other people jump.",kid kid hurt aside let people jump
"Wow! For free, ""SURPLUS DRUMS OF MAYONNAISE FROM OPERATION DESERT STORM.""",wow free surplus drums mayonnaise operation desert storm
"Oh Marge, you and I are fine now. Who needs Brad Goodman?",oh marge fine need brad goodman
"I just thought I'd remind everybody. After all, we did agree to attend his self-help seminar.",think remind everybody agree attend self help seminar
This is great. I can finally look like I want and not get hassled by the man.,great finally look like want hassle man
"Ah... boy, if only Bart had been a better role model for everyone.",ah boy bart well role model
"Oooh, it's that new show about the policeman who solves crimes in his spare time.",oooh new policeman solve crime spare time
"""Honey roasted peanuts. Ingredients: salt, artificial honey-roasting agents, pressed peanut sweepings."" Mmmmm.",honey roasted peanut ingredient salt artificial honey roast agent press peanut sweeping mmmmm
Ah! The last peanut - overflowing with the oil and salt of its departed brothers.,ah peanut overflow oil salt depart brother
"Marge, don't discourage the boy. Weaseling out of things is important to learn. It's what separates us from the animals. Except the weasel.",marge discourage boy weasele thing important learn separate animal weasel
SUGAR. DO DO DO DO DO DO AWWW. HO--NEY. HO.....NEYYY. DO DO DO DO DO DO. / YOU ARE MY CANDY GIRRRRL Lousy piece of junk!,sugar awww ho ney ho neyyy candy girrrrl lousy piece junk
Now I have to face stupid reality again!... Flanders! My socks feel dirty! Gimme some water to wash 'em!,face stupid reality flanders sock feel dirty gimme water wash
"Woo-hoo! See that, boy? Your old man was right, not Flanders. We are doomed! In your face, Flanders!",woo hoo boy old man right flanders doom face flanders
"Well, since you're all such a bunch of big ration-babies, I'll just be in charge of the rationing.",bunch big ration baby charge rationing
"This ain't one of your church-picnic flaregun-firings, Flanders. This is the Real Thing...",be church picnic flaregun firing flanders real thing
What the hell was that? I probably shouldn't have eaten that packet of powdered gravy I found in the parking lot.,hell probably eat packet powdered gravy find parking lot
"Hey, my favorite, raspberry swirl with a double glaze.",hey favorite raspberry swirl double glaze
"Okay, so we have one thing in common. But you know what I hate? Drinking beer and watching TV.",okay thing common know hate drink beer watch tv
"Foul temptress! I'll bet she thinks Ziggy's gotten too preachy, too.",foul temptress bet think ziggy get preachy
"Um, because I have a small role in a Broadway musical. It's not much, but it's a start.",um small role broadway musical start
"No, Lisa, I swear to you. I'm one-hundred percent completely serious. You've got to turn around right now before it's too late.",lisa swear percent completely get turn right late
"Uh, Murphy, you are elf a controllably I think a we nam- myo-renge-kyo.",uh murphy elf controllably think myo renge kyo
"Oh, this is the worst crisis my marriage has ever faced. Colonel Klink, why have you forsaken me?",oh bad crisis marriage face colonel klink forsake
"Oh. Something's missing. Ooh, one of the turkeys fell behind the bed.",oh miss ooh turkey fall bed
"Heh, you know, I was a little worried about coming to this convention with you, but I think as long as we're not alone together...",heh know little worried come convention think long
Oh yeah. Like you don't know. We're gonna have sex.,oh yeah like know go to sex
"Well, maybe I want to. But then I think about Marge and the kids well not the boy, he drives me nuts. Sometimes I'd just like to...",maybe want think marge kid boy drive nut like
"OH, MARGIE, YOU CAME AND YOU FOUND ME A TURKEY, ON MY VACATION AWAY FROM WORKEY...",oh margie come find turkey vacation away workey
"I got a job at Burns' casino. As you know, it's been my lifelong dream to become a blackjack dealer.",get job burns casino know lifelong dream blackjack dealer
We got more gongs than the break-dancing robot that caught on fire.,get gong break dance robot catch fire
"Strike three, Marge. I remember that meeting, and I have a photographic memory.",strike marge remember meeting photographic memory
"You've gotta improvise, Lisa. Cloves, Tom Collins Mix, frozen pie crust.",get to improvise lisa cloves tom collins mix frozen pie crust
"Ah, come on, Lisa, there's no reason to... Let's go see Mom.",ah come lisa reason let mom
"Oh, nothing, Marge. Just a little incident involving the Boogeyman. Of course, none of this would've happened if you'd been here to keep me from acting stupid.",oh marge little incident involve boogeyman course happen act stupid
"Lisa, your mom still loves you. It's just that she has a career, now. She's a slot jockey.",lisa mom love career slot jockey
"You promised Lisa to help her with her costume. You made her cry, then I cried. Then Maggie laughed. She's such a little trooper.",promise lisa help costume cry cry maggie laugh little trooper
"Hello, police? Are you sitting down? Good. I wish to report a robbery!",hello police sit good wish report robbery
"Oh Lisa, stop pining for your saxophone. I got you another instrument.",oh lisa stop pine saxophone get instrument
"You know Lisa, music helps daddy think.",know lisa music help daddy think
"Okay, we've got the secret vigilante handshake. Now we need code names. I'll be ""Cueball."" Skinner can be ""Eightball"", Barney will be ""Twelveball,"" and Moe, you can be ""Cueball.""",okay get secret vigilante handshake need code name cueball skinner eightball barney twelveball moe cueball
Woo Hoo! Woo hoo hoo hoo!,woo hoo woo hoo hoo hoo
Never mind the commercials. Just give it to me. I've got to whip this neighborhood into shape.,mind commercial get whip neighborhood shape
"So I said to him, ""Look buddy, your car was upside down when we got here. And as for your Grandma, she shouldn't have mouthed off like that.""",say look buddy car upside get grandma mouth like
"Lisa, the mob is working on getting your saxophone back, but we've also expanded into other important areas.",lisa mob work get saxophone expand important area
"Listen, Mr. Cat Burglar, I vow to go without sleep and guard the Springfield museum day and night for as long as it takes, from now on unless you want to taunt me more by giving me an approximate time.",listen cat burglar vow sleep guard springfield museum day night long take want taunt give approximate time
"Dad, the best way for you to help is to set a good example. Just stand around and don't steal anything.",dad good way help set good example stand steal
"Well, Mr. Cat Burglar, you'd like to get in here, wouldn't you? There's just one little problem. Thirty-six years ago some lady gave birth to a man named Homer J. Sim -- Oh my God! Underage kids drinking beer without a permit!",cat burglar like little problem thirty year ago lady give birth man name homer sim oh god underage kid drink beer permit
"So, Mr. Molloy. It seems that the cat has been caught by the very person that was trying to catch him.",molloy cat catch person try catch
I caught the cat burglar. I caught the cat burglar. That means you. You are the cat burglar.,catch cat burglar catch cat burglar mean cat burglar
Lemme through! I gotta find a Big T. There's millions of dollars buried under a Big T!,lemme get to find big million dollar bury big t
"Yeah, you kids gotta go to school. I gotta go to work. The only one who has it easy is Marge.",yeah kid get to school get to work easy marge
That's not a job. It's a waste of time. What can poor people pay ya? Nothin'! What satisfaction do you get from helping 'em? None! Who wants to help poor people anyway? Nobody!,job waste time poor people pay ya satisfaction help want help poor people
"Hello, everybody. I'm Archie Bell and I'm also the Drells. We got a new song called, 'Tighten Up' and this is the music you tighten up with.",hello everybody archie bell drells get new song call tighten music tighten
"Yes, son, you can have an electric guitar, just like your old man.",yes son electric guitar like old man
"Gig, son. When you're a musician, a job is called a gig.",gig son musician job call gig
"It's okay, son. Who cares what a bunch of fourth graders think? You're doing what you want to do with your life. Nothing else matters.",okay son care bunch fourth grader think want life matter
"Oh, something stupid like Bart would say. Bucka bucka or woozle wozzle. Something like that.",oh stupid like bart bucka bucka woozle wozzle like
Ooh. Rancid meat attack. Stupid parasites. Is there no way I can find justice?,ooh rancid meat attack stupid parasite way find justice
"No, don't kill me! I didn't know there was film in that camera in that hat! I was unaware! I WAS UNAWAAARE!",kill know film camera hat unaware unawaaare
Well you deserve it. All these vegetables are really clearing the cholesterol out of the old heart.,deserve vegetable clear cholesterol old heart
"Hey, he's not happy at all. He lied to us through song. I hate when people do that.",hey happy lie song hate people
"Apu, if it'll make you feel any better, I've learned that life is one crushing defeat after another until you just wish Flanders was dead.",apu feel well learn life crush defeat wish flanders dead
"ROCK! ROCK! ROCK! ROCK-A, ROCK, ROCK! ROCKAROCKROCK!",rock rock rock rock rock rock rockarockrock
"WE'RE GONNA ROCK, GONNA ROCK AROUND THE CLOCK TO-NIGHHHTTT!",gonna rock gonna rock clock nighhhttt
"Dad, I love you, but: you are a weird, sore-headed old crank and nobody likes ya.",dad love weird sore head old crank like ya
And we can't watch Fox 'cause they own those chemical weapons plants in Syria.,watch fox chemical weapon plant syria
"Marge, Lisa, Lady -- If you'll excuse me, I've got something very important to attend to.",marge lisa lady excuse get important attend
"Hello. Well, today's the day for Homer J. I know I'm gonna win this time.",hello today day homer know go to win time
"Union rule twenty-six - ""Every employee must win worker of the week at least once, regardless of gross incompetence, obesity, or rank odor.""",union rule employee win worker week regardless gross incompetence obesity rank odor
"Good. Listen, I'm sick of your boring space launches. Now I'm just an ordinary blue collar slob, but I know what I likes on TV...",good listen sick boring space launch ordinary blue collar slob know like tv
Shut up. And another thing - how come I can't get no Tang 'round here? And also... hold on a second.,shut thing come tang round hold second
Default? Woo hoo! The two sweetest words in the English language. De-fault! De-fault! De-,default woo hoo sweetest word english language de fault de fault
"You're right, Marge. Just like the time I could've met Mr. T at the mall. The entire day, I kept saying, I'll go a little later, I'll go a little later.' And then when I got there, they told me he just left. And when I asked the mall guy if he would ever come back again, he said he didn't know. Well, I'm never gonna let something like that happen again. I'm going into space, right now.",right marge like time meet t mall entire day keep say little later little later get tell leave ask mall guy come say know go to let like happen go space right
"OH, THOSE GOLDEN GRAHAMS/ OH, THOSE GOLDEN GRAHAMS/ CRISPY CRUNCHY GRAHAM CEREAL BRAND NEW BREAKFAST TREAT.",oh golden oh golden crispy crunchy graham cereal brand new breakfast treat
"Yeah, maybe I do have the right... what's that stuff? Anyway, thanks, Marge, Lisa.",yeah maybe right stuff thank marge lisa
"What do you mean? It says right here: ""Free wig with every purchase of large wig. Downtown Wig Center."" Why you little... Hmmm... Free wig.",mean say right free wig purchase large wig downtown wig center little hmmm free wig
"I love you, Homey. Heh, heh, heh. I don't need her at all anymore.",love homey heh heh heh need anymore
I know I shouldn't eat thee but... Mmmm... sacri-licious.,know eat thee mmmm sacri licious
"Ooh, you brought me a nacho hat. Thanks, Ned.",ooh bring nacho hat thank ned
"NACHO, NACHO MAN / I WANT TO BE A NACHO MAN.",nacho nacho man want nacho man
"Losers! Losers! Kiss my big Springfield behind, Shelbyville!",loser loser kiss big springfield shelbyville
"Wow, thanks. Now I have four children. You will be called ""Stitch-face."" Wow, Flanders, this is about the nicest thing anyone's ever done for me.",wow thank child call stitch face wow flanders nice thing
"Watch this, Ned. They don't call me Springfield Fats just because I'm morbidly obese.",watch ned springfield fats morbidly obese
"I'd like to introduce Ned Flanders, my best friend.",like introduce ned flanders good friend
"Oh of course you'd say something like that, Marge. You've hated Ned for years. In fact, you wanted to bash his head in with a pipe.",oh course like marge hate ned year fact want bash head pipe
"The Flanderses are not geeks! Okay, Rod and Todd are... and the wife has a thing for me, but she hides it behind a mask of low key hostility. But we've got to give this thing a chance. I want the two families to take a trip together this weekend.",flanderses geek okay rod todd wife thing hide mask low key hostility get thing chance want family trip weekend
"Don't worry, I brought my Rappin' Ronnie Reagan tape. It always makes the trip go faster.",worry bring rappin ronnie reagan tape make trip fast
"I'd like to propose a toast to the coming together of the Simpsons and the Flanders. If this were a more perfect world, we'd all be known as the Flimpsons.",like propose toast come simpsons flanders perfect world know flimpsons
"Marge! I think I hate Ted Koppel. No wait, I find him informative and witty. 'Nite.",marge think hate ted koppel wait find informative witty nite
"Neddie, Neddie... Let's get in a quick nine down at the pitch and putt.",neddie neddie let quick pitch putt
"Hey Flanders, over here. I got us some kick-ass seats.",hey flanders get kick ass seat
"Stop it! Stop it! Stop it! How dare you talk about Ned Flanders like that! He's a wonderful, kind, caring man. Maybe even more so than me. There have been times when I've lost patience with him, even lashed out at him. But this man has turned every cheek on his body. If everyone here were like Ned Flanders, there'd be no need for heaven. We'd already be there.",stop stop stop dare talk ned flanders like wonderful kind caring man maybe time lose patience lash man turn cheek body like ned flanders need heaven
"Son, when you participate in sporting events, it's not whether you win or lose. It's how drunk you get.",son participate sporting event win lose drunk
"""Gomer upsets Sergeant Carter."" Ooooh, I'll never forget that episode!",gomer upset sergeant carter ooooh forget episode
"Marge, I agree with you, in theory. In theory Communism works. In theory.",marge agree theory theory communism work theory
"Well, that was under our old price structure. Under our new price structure, your bill comes to a total of seven hundred dollars. Now, you've already paid me four dollars, so that's just six hundred and ninety-six dollars more that you owe me.",old price structure new price structure bill come total seven dollar pay dollar ninety dollar owe
"Lisa, a guy who has lots of ivory is less likely to hurt Stampy than a guy whose ivory supplies are low.",lisa guy lot ivory likely hurt stampy guy ivory supply low
"Elephant, honey. It's an elephant. And I'm sure he'll make a grand piano.",elephant honey elephant sure grand piano
"Son, you're okay! And you've led us to the precious ivory. And of course your lovable pet, who it's connected to...",son okay lead precious ivory course lovable pet connect
All right. We'll give the stupid elephant to the stupid animal refuge.,right stupid elephant stupid animal refuge
"Okay, boy, I wrote down exactly what to say. Just read it and you're a shoo-in.",okay boy write exactly read shoo
The boot kicked Bart. It kicked him right in the butt.,boot kick bart kick right butt
"There sure is. Kids, you tried your best and you failed miserably. The lesson is, never try. Right in the butt. That was great.",sure kid try good fail miserably lesson try right butt great
"Woo hoo! We're rich! Bart, get over to the mansion and open up all the windows. We want to get the old people smell out before we move in.",woo hoo rich bart mansion open window want old people smell
"Huh? Oh, right. So I guess you're in okay shape, huh? No heart problems or anything...",huh oh right guess okay shape huh heart problem
How come Bart gets to do that and I can't spend one night lurking in the bushes outside Chef Boyardee's house?,come bart get spend night lurk bush outside chef boyardee house
Okay. Lisa quit getting in the way of your wealthy brother's peas.,okay lisa quit get way wealthy brother pea
"Or what? You'll release the dogs? Or the bees? Or the dogs with bees in their mouths, and when they bark, they shoot bees at you? Well go ahead, do your worst.",release dog bee dog bee mouth bark shoot bee ahead bad
"Son, I know you're upset because you thought you saw us on TV saying we didn't want you in our family. But those were just actors playing us.",son know upset think see tv say want family actor play
"Whoa, whoa, whoa, whoa, whoa, let me get this straight. They let everybody out of school early, just because you brought a dog?",whoa whoa whoa whoa whoa let straight let everybody school early bring dog
"Look! Ree, ree. Ree, ree. Aye, aye. All right, all right, I won't take the dog. C'mere.",look ree ree ree ree aye aye right right will dog
"I know you can read my thoughts, boy. Meow, meow, meow, meow, meow, meow, meow, meow/ meow, meow, meow, meow, meow, meow, meow, meow.",know read thought boy meow meow meow meow meow meow meow meow meow meow meow meow meow meow meow
"Where we'll get... a free room, free food, free swimming pool, free HBO - Oooh, ""Free Willy!""",free room free food free swimming pool free hbo oooh free willy
"Oh, I miss you too, Marge. But the law needs me. I'll be home as soon as I can.",oh miss marge law need home soon
Room service? Send up two more pot roasts and three more pillows with mints on 'em.,room service send pot roast pillow mint
"Well, Marge, it was horrible. Everyone was against me in that jury room. But I stood by the courage of my convictions and I prevailed. And that's why we had Chinese food for lunch.",marge horrible jury room stand courage conviction prevail chinese food lunch
"If he marries your mother, Marge, we'll be brother and sister! And then our kids, they'll be horrible freaks with pink skin, no overbites, and five fingers on each hand!",marry mother marge brother sister kid horrible freak pink skin overbite finger hand
"Dad, that will never work. If you want to make your move, you've gotta play it... cool.",dad work want get to play cool
"NOW, WHAT YOU GOTTA DO / IF YOU WANT TO GET A KISS / IS ACT REAL SMOOTH / AND MAKE YOUR MOVE LIKE THIS.",gotta want kiss act real smooth like
"Dad says this new guy is a repulsive, obnoxious old billionaire, so let's all be extra-nice to him.",dad say new guy repulsive obnoxious old billionaire let extra nice
"Woo hoo! Three hundred fifty dollars!! Now I can buy seventy transcripts of ""Nightline""!",woo hoo dollar buy seventy transcript nightline
"So, anyhoo, last night, we're playing poker, right. As usual, I'm winning and not realizing it. And Lenny says that I'm uh... get this... ""A little slow.""",anyhoo night play poker right usual win realize lenny say uh little slow
"You think I don't want to? It's those TV networks, Marge. They won't let me. One quality show after another. Each one fresher and more brilliant than the last. If they only stumbled once -- just gave us thirty minutes to ourselves. But they won't, they won't let me live!",think want tv network marge will let quality fresher brilliant stumble give thirty minute will will let live
"Wait a minute, even Lenny is teaching a class. Look at the way they admire and adore him.",wait minute lenny teach class look way admire adore
"Yeah, yeah. That'll eat up some time. Uh, how 'bout you, Otto.",yeah yeah eat time uh otto
"Uh, yes, yes. To the untrained eye I'm eating an orange. But to the eye that has brains, I am making a point about marriage. For you see, marriage is a lot like an orange.",uh yes yes untrained eye eat orange eye brain make point marriage marriage lot like orange
"No, that's not what I meant. Marge and I always talk things over in bed. Like the other night we were fighting about money.",mean marge talk thing bed like night fight money
I was telling Marge that we could save some money if she only dyed her hair once a month.,tell marge save money dye hair month
"Oh, you mean about you. All right, maybe I said some things -- some personal things. But, you should have seen 'em, Marge. They really wanted to hear what I had to say.",oh mean right maybe say thing personal thing see marge want hear
"Look, Marge, you don't know what it's like. I'm the one there everyday, putting his ass on the line. And I'm not out of order. You're out of order. The whole freakin' system is out of order. You want the truth? You want the truth? You can't handle the truth. 'Cause when you reach over and put your hand into a pile of goo that was your best friend's face, you'll know what to do. Forget it, Marge - it's Chinatown.",look marge know like everyday put ass line order order freakin system order want truth want truth handle truth reach hand pile goo good friend face know forget marge chinatown
"Now what is a wedding? Well, Webster's Dictionary describes a wedding as: 'The process of removing weeds from one's garden.'",wedding webster dictionary describe wedding process remove weed garden
"No, wait! Uh, uh, wait!... I, yes! I do have a story about two other young marrieds.",wait uh uh wait yes story young married
"Now, the wife of this couple has an interesting quirk in the bedroom. It seems she goes wild with desire if her husband nibbles on her elbow.",wife couple interesting quirk bedroom go wild desire husband nibble elbow
"Well let's just call 'em uh, ""Mr. X"" and ""Mrs. Y."" So anyway, Mr. X would say, 'Marge, If this doesn't get your motor running, my name isn't Homer J. Simpson.'",let uh x x marge motor run homer simpson
"Not tonight, Marge. Tonight we can eat a nice, leisurely dinner at home.",tonight marge tonight eat nice leisurely dinner home
"Marge, you'll never guess what. My whole class is here. They're going to observe the human peep show that is our lives.",marge guess class go observe human peep life
"So, little Lisa, apple of my eye. How are things down at the ol' schoolhouse?",little lisa apple eye thing schoolhouse
And how's my little major leaguer? Catch any Junebugs today?,little major leaguer catch junebugs today
"All right, we're breaking early tonight, class. For tomorrow, you should read pages seven through eighteen in Lisa's diary.",right break early tonight class tomorrow read page seven eighteen lisa diary
"Okay, Marge, things were said, mistakes were made. Let's end this madness and get on with our lives.",okay marge thing say mistake let end madness life
"Aw, Marge is throwing me out for blabbing about her elbow thing.",aw marge throw blab elbow thing
"Oh, good, Reverend Lovejoy will make Marge take me back. He has to push the sanctity of marriage or his God will punish him.",oh good reverend lovejoy marge push sanctity marriage god punish
"I love you... Will you marry me, Marge?... You mean I'm gonna be a daddy?... I hope we'll always be together... together... together...",love marry marge mean go to daddy hope
"Good news, Lisa. I don't need your mother anymore. I've created a replacement that's superior to her in almost every way.",good news lisa need mother anymore create replacement superior way
"Lisa, you will respect your new mother. Now give her a kiss. Kisss herrr.",lisa respect new mother kiss kisss herrr
"OhmyGodohmyGodohmyGod. All right, let's get our stories straight. She tripped, right?",ohmygodohmygodohmygod right let story straight trip right
"Ah, your flesh mother used to bring me pudding. Oh, I miss Marge. Lisa you're smart. Help me trick her into taking me back.",ah flesh mother bring pudding oh miss marge lisa smart help trick take
"All right, brain. It's all up to you. If you don't think of what it is, we'll lose Marge forever.",right brain think lose marge forever
"Wait a minute! Wait, that's it! I know now what I can offer you that no one else can. Complete and utter dependence.",wait minute wait know offer complete utter dependence
"Are you kidding? It's a wondrous, marvelous thing. Marge, I need you more than anyone else on this entire planet could possibly ever need you. I need you to take care of me, to put up with me, and most of all, I need you to love me, because I love you.",kid wondrous marvelous thing marge need entire planet possibly need need care need love love
"Marge, look at me! We've been separated for a day, and I'm as dirty as a Frenchman. In another few hours, I'll be dead. I can't afford to lose your trust again.",marge look separate day dirty frenchman hour dead afford lose trust
I understand. Let us celebrate our new arrangement with the adding of chocolate to milk.,understand let celebrate new arrangement adding chocolate milk
"Don't worry boy, when you get a job like me, you'll miss every summer.",worry boy job like miss summer
"But why? She's such a fox. I mean, what's on Fox tonight? Something ribald, no doubt.",fox mean fox tonight ribald doubt
"Don't worry, buddy. Here's a quarter. Call for help at the nearest phone... I'll keep an eye on things here.",worry buddy quarter help near phone eye thing
"We hit the jackpot, here! White gold! Texas tea... sweetener.",hit jackpot white gold texas tea sweetener
"Read your town charter, boy. ""If food stuffs should touch the ground, said food stuffs shall be turned over to the village idiot."" Since I don't see him around, start shoveling.",read town charter boy food stuff touch ground say food stuff shall turn village idiot start shovel
"That's because I've loaded it with sugar!!... Marge, our ship has come in! I found five hundred pounds of sugar -- in the forest -- that I'm gonna sell directly to the consumer. And all for a low, low price of one dollar per pound.",load sugar marge ship come find pound sugar forest go to sell directly consumer low low price dollar pound
And you didn't think I'd make any money. I found a dollar while I was waiting for the bus.,think money find dollar wait bus
Must... protect... sugar... Thieves everywhere... The strong must protect the sweet... the sweet,protect sugar thief strong protect sweet sweet
"Never! Never, Marge! I can't live the buttoned-down life like you. I want it all: the terrifying lows, the dizzying highs, the creamy middles. Sure I might offend a few of the bluenoses with my cocky-stride and musky odors. Oh, I'll never be the darling of the so called ""City Fathers"" who cluck their tongues, stroke their beards, and talk about what's to be done with this Homer Simpson.",marge live button life like want terrifying low dizzy high creamy middle sure offend bluenose cocky stride musky odor oh darling call city fathers cluck tongue stroke beard talk homer simpson
Nooooooo! My sugar is melting! Melting! Oh what a world!,nooooooo sugar melt melt oh world
"It's okay, Marge. I've learned my lesson. A mountain of sugar is too much for one man. It's clear now why God portions it out in those tiny packets and why he lives on a plantation in Hawaii.",okay marge learn lesson mountain sugar man clear god portion tiny packet live plantation hawaii
Huh? Wuzz wrong? House run away? Dog's on fire?,huh wuzz wrong house run away dog fire
"Mmmm, Chocolate... / Mmmm, invisible cola. / Mmmm, Forbidden donut. / Mmmm sacrilicious. Mmmm, / Mmmm, free goo. Mmmm, something.",mmmm chocolate mmmm invisible cola mmmm forbidden donut mmmm sacrilicious mmmm mmmm free goo mmmm
"Marge, I want you to stop seeing this Jacque. You can let him down gently. But over the next couple of months, I want you to break it off.",marge want stop see jacque let gently couple month want break
"Okay, Marge. As long as we're traumatizing the kids, I have a scandalous story of my own.",okay marge long traumatize kid scandalous story
"I tried to avoid her, but we were sent to a nuclear convention in Capital City together...",try avoid send nuclear convention capital city
Oh yeah. Like you don't know. We're gonna have sex.,oh yeah like know go to sex
She hit the bottle pretty hard and lost her job.,hit bottle pretty hard lose job
"Wait a minute, Marge. Love isn't hopeless. Look, maybe I'm no expert on the subject. But there was one time I got it right...",wait minute marge love hopeless look maybe expert subject time get right
"I've got a problem. Once you stop this car, I'm gonna hug you and kiss you and then I'll never be able to let you go.",get problem stop car go to hug kiss able let
"Oh, everything's too damned expensive these days. Look at this Bible I just got. Fifteen bucks! And talk about a preachy book! Everybody's a sinner except for this guy.",oh damned expensive day look bible get buck talk preachy book everybody sinner guy
"Hey, look Marge! They're still not fightin' back! I can be a jerk and no one can stop me! Hee hee hee hee!",hey look marge fightin jerk stop hee hee hee hee
"Ah, the Interstate. Fasten your seatbelts, kids. We're on our way to Itchy and Scratchy Land!",ah interstate fasten seatbelt kid way itchy scratchy land
"Trust me, Marge. With today's modern cars you can't get lost. What with all the silicon chips and such.",trust marge today modern car lose silicon chip
Oh look! It's the twelve noon robot parade! Hurry up or we'll have to wait for the twelve-oh-five parade.,oh look noon robot parade hurry wait oh parade
"It's the Rapture! Quick, get Bart out of the house before God comes!",rapture quick bart house god come
We're gonna lose our house and end up living under a bridge like common trolls.,go to lose house end live bridge like common troll
"Sorry, sorry. Don't worry, there's plenty I can do to keep myself occupied. Maybe I'll check out that axe collection. See ya later.",sorry sorry worry plenty occupy maybe check axe collection ya later
"So, what do you think, Marge? All I need is a title. I was thinking along the lines of ""No TV and No Beer Make Homer..."" something something.",think marge need title think line tv beer homer
"Gimme the bat, Marge. Gimme the bat! Gimme the bat! C'mon, gimme the bat. Gimme the bat ba-bat!",gimme bat marge gimme bat gimme bat gimme bat gimme bat ba bat
"Y'know, Marge, I've had my share of troubles but sitting here now with you and the kids, in our cozy home in this beautiful, free country, it just makes me feel that I'm really a lucky guy.",marge share trouble sit kid cozy home beautiful free country make feel lucky guy
I've gone back to the time when dinosaurs weren't just confined to zoos. OK. Don't panic. Remember the advice your father gave you on your wedding day...,go time dinosaur confine zoos ok panic remember advice father give wedding day
"Hmm. Fabulous house. Well-behaved kids. Sisters-in-law dead. Luxury sedan. Woo hoo! I hit the jackpot. Marge, dear. Would you kindly pass me a donut?",hmm fabulous house behave kid sister law dead luxury sedan woo hoo hit jackpot marge dear kindly pass donut
"What's my name?! What color is the sky?! What of donuts? WHAT?! For the love of God, tell meeeee!!!",color sky donut love god tell meeeee
"I can't believe my little boy is already going on his first date. SUNRISE, SUNSET / SUNRISE, SUNSET / CAT'S IN THE CRADLE AND THE SILVER SPOON / YES, WE HAVE NO BANANAS!",believe little boy go date sunrise sunset sunrise sunset cat cradle silver spoon yes banana
"Son, if you can look me in the eye and say you didn't take the collection money, that's all I need.",son look eye collection money need
"Whew, that's all of 'em. And I'm so proud you didn't try to forge my name. How 'bout a present, son?",whew proud try forge present son
"Well boy, you won. So I'm gonna live up to my side of the agreement. Here's your turtle, alive and well.",boy win go to live agreement turtle alive
"Lisa, if the Bible has taught us nothing else, and it hasn't, it's that girls should stick to girl sports, such as hot oil wrestling, foxy boxing, and such and such.",lisa bible teach girl stick girl sport hot oil wrestling foxy boxing
"Okay, hotshots, now that my daughter is on your team, I want to make a few things clear.",okay hotshot daughter team want thing clear
"I don't want anyone to give her a hard time just because she's different. No jokes, no taunting... Look! That kid's got bosoms! Who's got a wet towel?",want hard time different joke taunting look kid get bosom get wet towel
"Wow, eye of the tiger, mouth of a teamster. To think of all the time I wasted on you... uh, well, not wasted... I love you.",wow eye tiger mouth teamster think time waste uh waste love
"Fight, fight, fight, fight, fight, fight, fight, fight, fight, fight, fight, fight, fight.",fight fight fight fight fight fight fight fight fight fight fight fight fight
"Oh my God, Marge. A penalty shot, with only four seconds left. It's your child versus mine! The winner will be showered with praise, the loser will be taunted and booed until my throat is sore.",oh god marge penalty shot second left child versus winner shower praise loser taunt boo throat sore
"You like sweets, kids? I know a place that's sweeter than sweetness itself. In this sweet place, earthly donuts are sour as poison. You'd spit them out! You would! I'm talking about the Candy Industry Trade Show. .",like sweet kid know place sweet sweetness sweet place earthly donut sour poison spit talk candy industry trade
They hid them in every millionth Krusty Klump bar and Krusty Klump bar with almonds.,hide millionth krusty klump bar krusty klump bar almond
"Sorry kids, but this is one event I want my darling wife by my side.",sorry kid event want darling wife
"Ma-arge. They can't carry enough candy. They have puny, little muscles, not big, ropey ones like you.",ma arge carry candy puny little muscle big ropey one like
"Hurry, Marge. If we get there early we can get our pictures taken with the two surviving Musketeers.",hurry marge early picture take survive musketeer
Oooh -- gummy bears. Gummy calves heads. Gummy jaw breakers.,oooh gummy bear gummy calve head gummy jaw breaker
"Nobody's blaming you. Hey, could you take the wheel for a second? I have to scratch myself in two places at once.",blame hey wheel second scratch place
"Hey, kids. Lots of candy left for breakfast.",hey kid lot candy leave breakfast
"Marge, I swear I didn't touch her. You know how bashful I am. I can't even say the word ""titmouse"" without giggling like a schoolgirl.",marge swear touch know bashful word titmouse giggle like schoolgirl
"Well Lisa, remember that post card Grampa sent us from Florida of that alligator biting that woman's bottom?",lisa remember post card grampa send florida alligator bite woman
"That's right, we all thought it was hilarious. But it turns out we were wrong. That alligator was sexually harassing that woman.",right think hilarious turn wrong alligator sexually harass woman
"They're ruining my whole life. Marge, please, this is where I need you the most. I'm counting on you to do something or say something to make it all better. Okay-- go.",ruin life marge need count well
"You mean, I'm on my own? I've never been on my own. Oh no! On own! On own! I need help. Oh, God help me! Help me, God!",mean oh need help oh god help help god
"Hmm, I saw that report you did on Sasquatch. It was fair and evenhanded. I'll do it.",hmm see report sasquatch fair evenhanded
"Marge, kids, everything's gonna be just fine. Now go upstairs and pack your bags. We're gonna start a new life under the sea.",marge kid go to fine upstairs pack bag go to start new life sea
"Hello. I am Homer Simpson, or as some of you wags have dubbed me, ""Father Goose."" You know, everybody believed the worst about me right away. Nobody cares that I didn't do it. But I didn't. Okay, look, I've done some bad things in my life, but harassing women is not one of them. Like, one time they were having this race with this stupid old-timey bicycles with the big wheel in front. So I figured, ""We'll see about that."" So I get this big chunk of cinderblock and I...",hello homer simpson wag dub father goose know everybody believe bad right away care okay look bad thing life harass woman like time have race stupid old timey bicycle big wheel figure big chunk cinderblock
"Marge, this is so depressing. My only hope is this homemade Prozac. Hmm... needs more ice-cream.",marge depressing hope homemade prozac hmm need ice cream
"Please, Marge. How often can I see a movie of this caliber on late-night TV?",marge movie caliber late night tv
"No. It's just that I've only seen this movie twice before, and I've seen you every night for the last eleven ye-- What I meant to say is... we'll snuggle tomorrow, sweetie. I promise.",see movie twice see night mean snuggle tomorrow sweetie promise
"Marge, there's just too much pressure... what with my job, the kids, traffic snarls, political strife at home and abroad... but I promise you, the second all those things go away, we'll have sex.",marge pressure job kid traffic snarl political strife home abroad promise second thing away sex
"No, honey, it's a romantic fantasy. I imagine I'm the janitor, and you're... the janitor's wife, who has to live with me in the utility room.",honey romantic fantasy imagine janitor janitor wife live utility room
Kids-here's-fifty-dollars-Why-not-go-to-the-movies-then-take-a-cab-to-your-Aunts'-house-Stay-there-Phone-call-you-later-Now-Now-Now.,kid dollar movie cab stay phone later
You want me to spend more time with dad? What about my New Year's resolution?,want spend time dad new year resolution
"Hoo mama! This is finally really happening. After years of disappointments with get-rich-quick-schemes, I know I'm gonna get rich with this scheme! And quick!",hoo mama finally happen year disappointment rich quick scheme know go to rich scheme quick
"Sir! Hello, Sir! Yes, you look like a man who needs help satisfying his wife!",sir hello sir yes look like man need help satisfy wife
Great. I'm gonna be stuck in the car all weekend with that wheezy windbag.,great go to stick car weekend wheezy windbag
"Dad, how come you never gave me any encouragement? Maybe I could've been something more than I am, like a travel agent to a great scientist, or the inventor of a hilarious refrigerator alarm.",dad come give encouragement maybe like travel agent great scientist inventor hilarious refrigerator alarm
"Of course not Marge, just for the rest of his life. He said I was an accident. He didn't want to have me!",course marge rest life say accident want
"Kids, your daddy and his daddy are involved in a very sticky... nutty... chewy... chocolatey... Put it away, boy... situation. And your daddy has realized something very important: a father should always make his kids feel wanted. Starting right now, I promise to spend a lot more time with you and give you the attention you deserve.",kid daddy daddy involve sticky nutty chewy chocolatey away boy situation daddy realize important father kid feel want start right promise spend lot time attention deserve
"Son! My dear Son. From now on I'm going to be a good and attentive father. And for starters your ""old man"" is gonna teach you how to ride... your very first bike!",son dear son go good attentive father starter old man go to teach ride bike
I think Lisa needs another push on her new tire swing.,think lisa need push new tire swing
"Some day you'll thank me for all this scary love! But now, I've gotta go somewhere and do some serious thinking.",day thank scary love get to thinking
Dad wasn't even around on Christmas morning when I actually got to meet Santa Claus. Some father... Wait a minute.,dad christmas morning actually get meet santa claus father wait minute
"Yes. Cris-a-tunity. You're right! I've been wasting my life away in that dump for years. That's it. I'm going to find a new bar to drink in. And I'm gonna get drunker than I've been in my entire life! Bart, where's my wallet?",yes cris tunity right waste life away dump year go find new bar drink go to drunker entire life bart wallet
"Gr-aargh! Oh my God, this man is my exact double. That dog has a puffy tail!",gr aargh oh god man exact double dog puffy tail
"But Marge, you deserve a vacation. It's a chance for you to clean up after us in a whole other state.",marge deserve vacation chance clean state
"Come on Marge, I want to shake off the dust of this one-horse town. I want to explore the world. I want to watch TV in a different time zone. I want to visit strange exotic malls. I'm sick of eating hoagies. I want a grinder, a sub, a foot-long hero. I want to live, Marge! Won't you let me live? Won't you please?",come marge want shake dust horse town want explore world want watch tv different time zone want visit strange exotic mall sick eat hoagie want grinder sub foot long hero want live marge will let live will
"Marge, what's wrong? Are you Hungry? Sleepy? Gassy? Gassy? Is it gas? It's gas, isn't it?",marge wrong hungry sleepy gassy gassy gas gas
"It's okay, Marge. We don't need to go on a trip. We'll just wait for the killer bees to come to us.",okay marge need trip wait killer bee come
Permit me to solve the mystery. Your mother has a fear of flying.,permit solve mystery mother fear fly
"Lisa, the important thing is for your mother to repress what happened. Push it deep down inside her... so she'll never annoy us again.",lisa important thing mother repress happen push deep inside annoy
"Now Marge, ""Dear Abby"" says seeing films about air travel can calm your fears. Ooh, here are some upbeat titles. ""Hero."" ""Fearless."" ""Alive.""",marge dear abby say see film air travel calm fear ooh upbeat title hero fearless alive
"All right, Lisa, you got your way. Your mom's going to a psychiatrist. She's gonna tell Marge to leave me. It'll break up the family, and you'll have to live with your grandmother and pick beans.",right lisa get way mom go psychiatrist go to tell marge leave break family live grandmother pick bean
"Whoa, whoa, whoa, whoa, whoa. First, what are your qualifications?",whoa whoa whoa whoa whoa qualification
"Tell me the truth! Don't tell her I raised my voice. Don't. Happy family, happy family.",tell truth tell raise voice happy family happy family
"Oh, being stuck on this God forsaken planet has vanquished what little appetite I have.",oh stick god forsake planet vanquish little appetite
"Why, you clattering clank of.... My dear lady, as you well know my back is a disaster area. D'oh the pain! D'oh the pain of it all!",clattering clank dear lady know disaster area pain pain
"Don't worry about a thing, honey. I'm gonna help you through this.",worry thing honey go to help
"Hey, how come you guys got such great parking places?",hey come guy get great parking place
I saved your life. That egg sandwich could have killed you by cholesterol.,save life egg sandwich kill cholesterol
"So anyway, Lenny and Carl are never around on Wednesdays. And they don't tell me where they go. It's like a conspiracy.",lenny carl wednesday tell like conspiracy
"Oh, okay. Have it your own way, Marge. I'll be back in a minute. I'm going outside. To stalk... ... Lenny and Carl.",oh okay way marge minute go outside stalk lenny carl
"Do I ever! It's five years later and I still think I'm a chicken. I'm a chicken, Marge.",year later think chicken chicken marge
"Aw, thanks, Lenny. When am I gonna be initiated?",aw thank lenny go to initiate
"Oh, yeah. Beer busts, beer blasts, keggers, stein hoists, AA meetings, beer night. It's wonderful, Marge. I've never felt so accepted in all my life. These people looked deep within my soul, and assigned me a number based on the order in which I joined.",oh yeah beer bust beer blast kegger stein hoist aa meeting beer night wonderful marge feel accept life people look deep soul assign number base order join
"Hm... I could help others. I'll get a bunch of monkeys, dress them up, and make them reenact the Civil War .",hm help bunch monkey dress reenact civil war
Couldn't hurt -- unless the monkeys start hurting people... which they almost certainly would.,hurt monkey start hurt people certainly
"You were right, Lisa. I've never felt so spiritually fulfilled. And with my brothers, the Stonecutters, behind me, this is the beginning of a better world for all of us.",right lisa feel spiritually fulfil brother stonecutters beginning well world
"The Information Super-highway showed the average person what some nerd thinks about ""Star Trek,"" and the domestication of the dog continued unabated.",information super highway show average person nerd think star trek domestication dog continue unabated
"Woo hoo! This is it! With this single glorious check, I'm finally completely out of debt.",woo hoo single glorious check finally completely debt
"Yes! With my bills paid off, I can finally quit this lousy job.",yes bill pay finally quit lousy job
Don't worry about Homer J. I've got a plan. A plan that'll fix you good.,worry homer get plan plan fix good
Such a nice tidy office. Maybe it's time you started living like a pig!,nice tidy office maybe time start live like pig
"And that is that. Goodbye mind-numbing, back-breaking labor forever. Hello dream job in paradise.",goodbye mind numb break labor forever hello dream job paradise
"Don't worry, Marge. I've come up with a perfectly balanced budget. There will be exactly enough money for you, me, Bart and Lisa, if we make a few small sacrifices.",worry marge come perfectly balanced budget exactly money bart lisa small sacrifice
That night your mother and I went out for a romantic evening to celebrate the start of our new life. We began with dinner and dancing... followed by a stroll on the beach...,night mother go romantic evening celebrate start new life begin dinner dancing follow stroll beach
"It's okay, Marge. They pave the way for this kind of filth in school.",okay marge pave way kind filth school
"Actually, your mother hadn't told me yet. At that time, I had no idea Maggie even existed.",actually mother tell time idea maggie exist
"Marge, you tie up the bathroom every morning. I've got to wash my hair.",marge tie bathroom morning get wash hair
"...I slowly learned the intricate mysteries of the alley, like where the pins go after they're knocked down.",slowly learn intricate mystery alley like pin knock
"I was in heaven. If horse racing is the sport of kings, then surely bowling... is a very good sport as well.",heaven horse racing sport king surely bowl good sport
"Hey, wait a minute. What are all these presents? It looks like you're ""showering"" Marge with gifts.",hey wait minute present look like shower marge gift
"So here's the deal: you freeze everything as it is, and I won't ask for anything more. If that is okay, please give me absolutely no sign. Okay, deal. In gratitude, I present you this offering of cookies and milk. If you want me to eat them for you, give me no sign. Thy will be done.",deal freeze will ask okay absolutely sign okay deal gratitude present offering cookie milk want eat sign thy
"This is getting very abstract, but thank you. I do enjoy working at the bowling alley.",get abstract thank enjoy work bowling alley
"Well who wouldn't be upset? That new baby in your mother's womb was a ticking time bomb threatening to blow this family eight ways from Sunday! Hey, where're you going?",upset new baby mother womb ticking time bomb threaten blow family way sunday hey go
You're pregnant! We're gonna have to have a baby! All our financial plans are ruined. We're doomed! Doomed I tells ya!,pregnant go to baby financial plan ruin doom doomed tell ya
"Yeah, a raise! I've never been good enough at any job to deserve one before. But I'm damn good at this one. That's it! I'm gonna march right up to Al and say...",yeah raise good job deserve damn good go to march right al
Bowling! Bowling here! Come bowl now! Get yer bowling! Who's ready?! Bowling!,bowling bowl come bowl yer bowling ready bowling
"My marketing plan attracted a record number of police and fire officials, but few stayed to bowl. I failed. Quitting my dream job was the hardest thing I've ever done.",marketing plan attract record number police fire official stay bowl fail quit dream job hard thing
"This was the happiest time of my life. I'll never forget you guys. Especially you, Joey.",happy time life forget guy especially joey
I needed more money to support my growing family. And there was only one place in town that a man like me could make it.,need money support grow family place town man like
I've never been so miserable in all my life. But I can't take it out on Marge and the kids. I've got to carry the burden all by myself.,miserable life marge kid get carry burden
I can't go on with this charade any longer. I hate my job. I hate my life. And ever since I found out about this baby there's been nothing but bad luck.,charade long hate job hate life find baby bad luck
"A girl! Oh Marge, we have a wonderful baby girl! Not just a girl, the most beautiful baby girl in the whole world!",girl oh marge wonderful baby girl girl beautiful baby girl world
"Wait a minute. We all know the one thing we won't need in the future: left handed stores. That's you, Flanders.",wait minute know thing will need future leave handed store flanders
"I'm terribly sorry. Flanders is the only useless person here. If anyone dies, it should be him. I'm sorry. Please forgive me. So let's kick Flanders out. Sorry.",terribly sorry flanders useless person die sorry forgive let kick flanders sorry
"No, no! Shut up! Shut up! Stop it, stop it! I can't take this anymore. I can't let that brave man out there die alone. I'm surprised and disgusted by all of you. Especially his children. I'm goin' out there.",shut shut stop stop anymore let brave man die surprised disgust especially child
"And now the winner for the most promising new series on cable: old ""Starsky and Hutches.""",winner promising new series cable old starsky hutches
"Look, you're gonna be having dinner with Groucho tonight if you don't beat it.",look go to have dinner groucho tonight beat
"Oh, yeah, this is the life. Boy, next summer, can you commit some fraud in Orlando, Florida?",oh yeah life boy summer commit fraud orlando florida
"Hey, gimme one of those famous giant beers I've heard so much about.",hey gimme famous giant beer hear
"When will you Australians learn? In America, we've stopped using corporal punishment, and things have never been better. The streets are safe. Old people strut confidently through the darkest alleys. And the weak and nerdy are admired for their computer programming abilities. So, like us, let your children run wild and free. Because, as the old saying goes, let your children run wild and free. Now boy, run back to the embassy! Back to American soil!",australians learn america stop corporal punishment thing well street safe old people strut confidently dark alley weak nerdy admire computer programming ability like let child run wild free old saying go let child run wild free boy run embassy american soil
"All right, let's not panic. I'll make the money back by selling one of my livers. I can get by with one.",right let panic money sell liver
How am I going to tell Marge we're broke? I need a miracle.,go tell marge broke need miracle
"Marge, we had a deal. Your sisters don't come here after six, and I stop eating your lipstick.",marge deal sister come stop eat lipstick
"Gosh, Moe, I use these all the time. Couldn't you just bash my head in?",gosh moe use time bash head
What a wonderful dinner. What a beautiful family. Someone get a picture of me with my arm around this steak.,wonderful dinner beautiful family picture arm steak
"I don't know Marge, I can't be expected to keep track of all my wheelings and dealings.",know marge expect track wheeling dealing
"I was ashamed, Marge. I failed you as a husband and a provider, and at best, I was a B-plus dog. I'll understand if you want to sleep on the couch tonight.",ashamed marge fail husband provider well b plus dog understand want sleep couch tonight
"In that case, I'll just have french toast with double butter and a side of bacon. But no powdered sugar, I don't deserve it. Maybe a little powdered sugar.",case french toast double butter bacon powdered sugar deserve maybe little powdered sugar
Daddy has very important work to do. He's looking through the Want Ads to find a part-time job.,daddy important work look want ads find time job
"Oh, no wonder I didn't hear about Bart being elected world's greatest sex machine.",oh wonder hear bart elect world great sex machine
"Oh wow! I can't believe my very first passenger is comedy legend, Mel Brooks! I love that movie, ""Young Frankenstein"". ...Scared the Hell out of me.",oh wow believe passenger comedy legend mel brooks love movie young frankenstein scared hell
"Hey, let's do that two thousand pound man thing. I'll be that Carl Reiner guy, you be what's his face.",hey let thousand pound man thing carl reiner guy face
"Sir, today every country has a national anthem. Did they have national anthems two thousand years ago?",sir today country national anthem national anthem thousand year ago
"Chauffeur's license, eh? Mel, buckle your borscht belt!",chauffeur license eh mel buckle borscht belt
"Oh, okay Marge, I'll get along with them. Then I will hug some snakes! Yes, I will hug and kiss some poisonous snakes. Now that's sarcasm.",oh okay marge hug snake yes hug kiss poisonous snake sarcasm
"You won't be happy 'til my family thinks I'm a loser, will you?",will happy til family think loser
"No, my ears are really burning. I wanted to see inside, so I lit a Q-tip.",ear burn want inside light q tip
"Bart Simpson, meet Jay Sherman, the Critic.",bart simpson meet jay sherman critic
"That's it, Marge, he knows the whole hot dog song. Go ahead, sleep with him. I'll just take a lock of your hair to remember you by.",marge know hot dog song ahead sleep lock hair remember
"Good idea, Marge. My mind is going a mile a minute.",good idea marge mind go mile minute
"Aw, you know something Marge, it's not that tough being a film cricket.",aw know marge tough film cricket
I've eaten eight different meats. I'm a true Renaissance man.,eat different meat true renaissance man
"Woo hoo! Oh, Marge, that's great news!",woo hoo oh marge great news
"Oh, I gotta call everyone and tell 'em the good news.",oh get to tell good news
"So this driving on the left makes you feel more at home, huh Hugh?",drive left make feel home huh hugh
"Hugh, there's something I want you to have. My Dad gave me his cuff links to wear on the day I married Marge, and they brought us good luck. I couldn't imagine a happier marriage. We don't have many traditions in our family, but it'd mean a lot to me if you kept this one alive.",hugh want dad give cuff link wear day marry marge bring good luck imagine happy marriage tradition family mean lot keep alive
"Marge, it's so great to have the whole family together under one roof. I never realized how much I missed it. Listen to the murmurs in the next room. The house is full of life again.",marge great family roof realize miss listen murmur room house life
"You know what's great about you English? ""Octopussy."" Man, I must have seen that movie... twice.",know great english octopussy man see movie twice
"Little Lisa. Lisa Simpson. You know, I always felt you were the best thing my name ever got attached to. Since the time you learned to pin your own diapers, you've been smarter than me.",little lisa lisa simpson know feel good thing get attach time learn pin diaper smart
"No, no, let me finish. I just want you to know I've always been proud of you. You're my greatest accomplishment and you did it all yourself. You helped me understand my own wife better and taught me to be a better person. But you're also my daughter, and I don't think anybody could have had a better daughter than you--",let finish want know proud great accomplishment help understand wife well teach well person daughter think anybody well daughter
Who spread garbage all over Flanders' yard before I got a chance to?,spread garbage flanders yard get chance
"Hmm, I guess Bart's not to blame. He's lucky too, because it's spankin' season and I've got a hankerin' for some spankerin'.",hmm guess bart blame lucky spankin season get hankerin spankerin
"My ""Best of Ray Stevens featuring The Streak"" album! So it was the dog that buried all our stuff!",good ray stevens feature streak album dog bury stuff
Oh my God! He's got the precious cable TV cable!,oh god get precious cable tv cable
"Don't worry. As soon as they find out he doesn't have any money, they'll throw him out. Believe me, I know.",worry soon find money throw believe know
"Aw, so that's what's been wrong with the little fella. He misses casual sex.",aw wrong little fella miss casual sex
"A little too well, if you ask me. I'm sure he's plotting some brilliant scheme to get those puppies.",little ask sure plot brilliant scheme puppy
"Marge, you know that batting this lightbulb is the only thing that cheers me up after giving away those million dollar greyhounds.",marge know bat lightbulb thing cheer give away million dollar greyhound
"Lisa, if you don't like your job you don't strike. You just go in every day and do it really half-assed. That's the American way.",lisa like job strike day half asse american way
"Kids are so naÃ¯ve. Lisa, when you get to be our age, you'll learn a few things, like when a sign says ""Do Not Feed The Bears,"" man, you'd better not feed the bears.",kid lisa age learn thing like sign say feed bears man well feed bear
"Well, it's like the time that your cat, Snowball, got run over.",like time cat snowball get run
Jazz. They just make it up as they go along. I could do that. Dee dee dee dee dee dee dee dee dee dee dee dee dee.,jazz dee dee dee dee dee dee dee dee dee dee dee dee dee
"OK, then this. Doo doo doo doo doo doo doo... doo doo doo doo doo doo",ok doo doo doo doo doo doo doo doo doo doo doo doo doo
"Laser effects, mirrored balls. John Williams must be rolling around in his grave.",laser effect mirror ball john williams roll grave
"Whoa, careful now. These are dangerous streets for us upper-lower-middle-class types... So avoid eye contact, watch your pocketbook and suspect everyone.",whoa careful dangerous street upper low middle class type avoid eye contact watch pocketbook suspect
Nothing. I'm just a little edgy since your mother told me she wants to be a cop.,little edgy mother tell want cop
"Marge, you being a cop makes you the man, which makes me the woman. And I have no interest in that, besides occasionally wearing the underwear, which, as we discussed, is strictly a comfort thing.",marge cop make man make woman interest occasionally wear underwear discuss strictly comfort thing
". Fooled you Flanders. Made you think your family was dead. Didja get it? They're not, though.",fool flanders think family dead didja
"Hey, hurry it up with the cards, Lenny. I've got you clocked at two miles per hour.",hey hurry card lenny get clocked mile hour
"Oh, you've become such a cop! And, not that long ago, you were so much more to me - you were a cleaner of pots, a sewer of buttons, an unplugger of hairy clogs.",oh cop long ago cleaner pot sewer button unplugger hairy clog
"What're you gonna do about it? What're you gonna do? Ooh, I'm Officer Marge, I'm gonna arrest you! Whoa! etc.",go to go to ooh officer marge go to arrest whoa etc
"I have nothing more to say to you, Marge. I'm drawing a line down the center of the house Ã  la ""I Love Lucy"" -- you stay on your side and I'll stay on my side.",marge draw line center house ã la love lucy stay stay
"Boy, when Marge first told me she was going to the Police Academy, I thought it'd be fun and exciting, you know, like that movie, ""Spaceballs."" But instead, it's been painful and disturbing, like that movie ""Police Academy.""",boy marge tell go police academy think fun exciting know like movie spaceball instead painful disturbing like movie police academy
"It's too late for me, Marge! Sell the jeans and live like a queen.",late marge sell jean live like queen
"Oh, Marge. You saved my life! I'm sorry I teased you. You're a really good cop. I'm proud of you.",oh marge save life sorry tease good cop proud
"Yes, Bart's a tutor now. Tute on, Son! Tute on!",yes bart tutor tute son tute
"Now, Marge, you can't blame all of Bart's problems on your one little speech. If anything turned him bad, it's that time you let him wear a bathing suit instead of underwear. And let's not forget your little speech...",marge blame bart problem little speech turn bad time let wear bathing suit instead underwear let forget little speech
"Yes, there is. Come on, everybody, let's go into Shelbyville and get those kids back ourselves! I got an R.V. we can use... Flanders's!",yes come everybody let shelbyville kid get use flanders
"You kids are in big trouble, running away from home like this.",kid big trouble run away home like
"This is the darkest day in the history of Springfield. If anybody wants me, I'll be in the shower.",dark day history springfield anybody want shower
"I hate my job. I mean, what's the point when your boss doesn't even remember your name?",hate job mean point boss remember
Homer Simpson! Homer Simpson! Shut up! Homer Simpson! My name is Homer Simpson!,homer simpson homer simpson shut homer simpson homer simpson
"Oh, you're a dead man! Oh, you're dead! You're dead Burns!",oh dead man oh dead dead burn
"Kids! Kids! Kids! As far as Daddy's concerned, you're both potential murderers.",kid kid kid far daddy concern potential murderer
"Yeah, right. You chose fruit, you live with fruit.",yeah right choose fruit live fruit
I've got no time for your demented parlor games! You won't be telling anyone else that Homer Simpson shot you.,get time demented parlor game will tell homer simpson shoot
"Yeah. And who the hell are you talkin' to? Marge, do you have other men in this house? Radioactive men?",yeah hell talkin marge man house radioactive man
"Guess what, kids. They're gonna pay us fifty dollars a day to film some of the movie here.",guess kid go to pay dollar day film movie
"Hooey! Whew, oh. You know, I never walk out of a movie, but Eech!",hooey whew oh know walk movie eech
We leave you the kids for three hours and the county takes them away?!,leave kid hour county take away
Saxa-ma-phone. Saxa-ma-phone.,saxa ma phone saxa ma phone
"Oh, Marge, don't blame yourself. I'm the terrible parent. The boy bugs the hell outta me, I can't help Lisa with her homework. The only thing I'm fit to take care of is a houseplant.",oh marge blame terrible parent boy bug hell outta help lisa homework thing fit care houseplant
"No! I've gotta pass this class for my kids. Son, let's stop the fussin' and a-feudin'.",get to pass class kid son let stop fussin feudin
"Okay, okay, don't panic. To find Flanders, I just have to think like Flanders!",okay okay panic find flanders think like flanders
"Oh, Bartholemew, I feel like St. Augustine of Hippo after his conversion by Ambrose of Milan.",oh bartholemew feel like augustine hippo conversion ambrose milan
"Moe? Hey, Moe? Oh, you're thinking about all the money you blew, aren'tcha?",moe hey moe oh think money blow
"What was it? 50-60 thousand dollars? ... Moe? Look, maybe it would help if you went over all the mistakes you made from the beginning... Moe?",thousand dollar moe look maybe help go mistake beginning moe
"You know what you should serve, Marge? More of these lamb chops. These are the best ever.",know serve marge lamb chop good
"Wait a minute, wait a minute, wait a minute. Lisa, honey -- are you saying you're never going to eat any animal again? What about bacon?",wait minute wait minute wait minute lisa honey say go eat animal bacon
"Yeah, right, Lisa. A wonderful, MAGICAL animal.",yeah right lisa wonderful magical animal
"But all normal people love meat. If I went to a barbecue and there was no meat, I would say, ""Yo, Goober! Where's the meat?"" I'm trying to impress people here, Lisa. You don't win friends with salad.",normal people love meat go barbecue meat yo goober meat try impress people lisa win friend salad
"Marge, since I'm not talking to Lisa, would you please ask her to pass me the syrup?",marge talk lisa ask pass syrup
"Marge, tell Bart I just want to drink a nice glass of syrup like I do every morning.",marge tell bart want drink nice glass syrup like morning
"I don't need any serving suggestions from you, you barbecue-wrecking know-nothing know-it-all.",need serve suggestion barbecue wreck know know
"Lisa! Lisa, come back before everyone finds out what a horrible father I am!",lisa lisa come find horrible father
"Oh, Lisa, I was looking for you. I wanted to apologize. I don't know exactly what went wrong, but I know it's always my fault.",oh lisa look want apologize know exactly go wrong know fault
"Ah, the Miracle Mile -- where value wears a neon sombrero and there's not a single church or library to offend the eye. It truly is a miracle.",ah miracle mile value wear neon sombrero single church library offend eye truly miracle
"I paid for a colossal donut, and I'm gonna get a colossal donut.",pay colossal donut go to colossal donut
"Hee hee hee. I've got your donut, Lard Lad! And what are you gonna do about it?",hee hee hee get donut lard lad go to
"Man, this place looks expensive. I feel like I'm wasting a fortune just standing here. Better make the most of it.",man place look expensive feel like waste fortune stand well
I'm gonna be sucked into the black hole!... I'm gonna be sucked into oblivion!... I'm gonna be nothing and what's gonna become of me on the other side?! I don't know...,go to suck black hole go to suck oblivion go to go to know
Crap crap crap crap crap crap crap crap!,crap crap crap crap crap crap crap crap
"Carpal Tunnel Syndrome? No. Lumber Lung? No. Juggler's Despair? No. Achy-Breaky Pelvis? No. Oh, I'm never gonna be disabled. I'm sick of being so healthy!",carpal tunnel syndrome lumber lung juggler despair achy breaky pelvis oh go to disable sick healthy
"Yuh-huh, that's the deal. No more exercise program! No more traffic! No more blood drives or charity walks!",yuh huh deal exercise program traffic blood drive charity walk
"No. It would only worry her. If you want to add to her worries, go ahead. I guess I'm just a little more grateful for all she's done for us.",worry want add worry ahead guess little grateful
"Oh yeah? Well, we'll just see about that, Little Miss Smart Guy.",oh yeah little miss smart guy
"Oh, it's a dream come true, boy! I can, nay, I must, eat everything I've always wanted. Now c'mon! Every second I'm out of bed, I'm burning precious calories. Now get grabbin'!",oh dream come true boy nay eat want second bed burn precious calorie grabbin
"Hey, Flanders, bad day at the rat races?",hey flanders bad day rat race
"Oh, honey, that looks just like a real donut...",oh honey look like real donut
I don't want to look like a weirdo. I'll just go with a muu-muu.,want look like weirdo muu muu
I pity those poor suckers on the freeway. Gas-brake-honk. Gas-brake-honk. Honk-honk-punch. Gas-gas-gas.,pity poor sucker freeway gas brake honk gas brake honk honk honk punch gas gas gas
"And nobody's gonna take it away from me! You never had faith in me before. But let me tell you, the slim, lazy Homer you knew is dead. Now I'm a big fat dynamo. And where's that cake?",go to away faith let tell slim lazy homer know dead big fat dynamo cake
"Hey, Miss Doesn't-Find-Me-Attractive Sexually-Anymore. I just tripled my productivity.",hey miss find attractive sexually anymore triple productivity
"Y... Y... Y... Let's see, so many letters to choose from. I'll pick Y.",y y y let letter choose pick
"Oooo! ""An Urgent Plea From Edward James Olmos!"" ""Lisa Simpson: Can you afford to miss another issue of The Utne Reader?"" Kids.",oooo urgent plea edward james olmos lisa simpson afford miss issue utne reader kid
"Thank you, Mr. Burns. It was pretty scary up there. But... For a while I feared for my life.",thank burns pretty scary fear life
"Best six hundred bucks I ever spent. C'mon, boy. We've earned this Saturday, now let's make the most of it.",best buck spend boy earn saturday let
"Listen here. My name is Homer J. Simpson. You guys think I'm dead, but I'm not. Now I want you to straighten this out without a lot of your bureaucratic red tape and mumbo-jumbo.",listen homer simpson guy think dead want straighten lot bureaucratic red tape mumbo jumbo
"""Youngest daughter..."" Well, how about this? This thing says my mother's still alive. She died when I was a kid.",young daughter thing say mother alive die kid
You see that stone angel up there? That's my mother's grave. My Dad points it out every time we drive by.,stone angel mother grave dad point time drive
"Oh, Mom. I'm sorry I never come to see you. I'm just not a cemetery person.",oh mom sorry come cemetery person
"Damn you, Walt Whitman! I... hate... you... Walt... freakin'... Whitman! ""Leaves of Grass"" my ass! Wait a minute. Maybe it's that other grave. The one that says ""Simpson.""",damn walt whitman hate walt freakin whitman leaves grass ass wait minute maybe grave say simpson
"I hate to rain on your parade, lady, but this is my grave. Hey, wait a minute... Mom?",hate rain parade lady grave hey wait minute mom
Some people say I look like Dan Aykroyd. I can't believe you're here. Dad always told me you died while I was at the movies.,people look like dan aykroyd believe dad tell die movie
"Hey, everybody, I've got a big surprise for you! Presenting: my mother!",hey everybody get big surprise presenting mother
Woo hoo! I'm so glad to have my mom back! I never realized how much I missed her.,woo hoo glad mom realize miss
I 'unno. I guess I was just a horrible son and no mother would want me.,unno guess horrible son mother want
"Oh, come on, Mom. We use that same line on the kids when they're at camp.",oh come mom use line kid camp
"Mom, there's nothing to be alarmed about, but could you take one last look at the family and join me in the kitchen?",mom alarmed look family join kitchen
"Oh, yeah... But what I'll mainly remember is the laughter. I wonder what he's doing now?",oh yeah mainly remember laughter wonder
"Hang on, boy! Daddy's comin' to save ya!",hang boy daddy comin save ya
"Well, I wrecked the gate but you don't hear me bragging. Now let's roll.",wreck gate hear brag let roll
"Bart! Bart! Time for your Sunday night bath, boy!",bart bart time sunday night bath boy
"SIMPSON, HOMER SIMPSON / HE'S THE GREATEST GUY IN HISTORY / FROM THE TOWN OF SPRINGFIELD / HE'S ABOUT TO HIT A CHESTNUT TREE",simpson homer simpson greatest guy history town springfield hit chestnut tree
"But it won't make you unhappy, right? Hey! Space Food Sticks! Oh, I wish I had these on my space adventure! Did you know I was blasted into space two years ago, Mom?",will unhappy right hey space food sticks oh wish space adventure know blast space year ago mom
"Or what? You'll release the dogs? Or the bees? Or the dogs with bees in their mouths, and when they bark, they shoot bees at you? Well go ahead, do your worst.",release dog bee dog bee mouth bark shoot bee ahead bad
"I know how you feel, Bart. When I was your age, I wanted an electric football game more than anything in the world, and my parents bought it for me, and it was the happiest day of my life. Well, goodnight.",know feel bart age want electric football game world parent buy happy day life goodnight
"Gotta change Maggie! Dear God, we gotta change Maggie!",get to change maggie dear god get to change maggie
"'Tis the season, Marge! We only get thirty sweet, noggy days, then the government takes it away again!",tis season marge thirty sweet noggy day government take away
I wanna price some flip-flops and smell the new tires and consult the pharmacist for some free medical advice!,wanna price flip flop smell new tire consult pharmacist free medical advice
"I've figured out the boy's punishment. First: he's grounded. No leaving the house, not even for school. Second: No eggnog. In fact, no nog period. And third, absolutely no stealing for three months.",figure boy punishment ground leave house school second eggnog fact nog period absolutely stealing month
I'm tired of being a wannabe league bowler. I wannabe a league bowler.,tired wannabe league bowler wannabe league bowler
"Five hundred dollars?! No problem. Would you take an out-of-state, two-party bad check?",dollar problem state party bad check
"Aw, come on, Marge! You're getting something in return! And I'm getting a bowling team. It's win/win!",aw come marge get return get bowling team win win
"Burns never gives money to anybody. Just last week, I asked him for fifteen hundred dollars.",burns give money anybody week ask dollar
"Hey, everybody, if you want to ask Burns for a favor, now's the time! He's doped up or dyin' or something!",hey everybody want ask burns favor time dope dyin
"Oh, c'mon, if we quit now we'll never know how badly they're gonna beat us.",oh quit know badly go to beat
"C'mon, guys. Let's be the team that supports each other. YOU CAN DO IT OTTO / YOU CAN DO IT OTTO / HELP EACH OTHER OUT, THAT'LL BE OUR MOTTO...",guy let team support otto otto help motto
"So I got up all my courage. Right away, my lips started to move and I came up with a chant that won the match.",get courage right away lip start come chant win match
"Marge, you're missing the point. The individual doesn't matter. It was a team effort and I was the one who came up with the whole team idea. Me.",marge miss point individual matter team effort come team idea
"Ah, ha, ha, ha, God-boy couldn't get a strike.",ah ha ha ha god boy strike
Gotta go. My damn wiener kids are listening.,get to damn wiener kid listen
"""They made us!"" That's loser talk! You gotta start acting more like me and my team, the future league champions of the world! Nothing's gonna stop us now!",loser talk get to start act like team future league champion world go to stop
"Look, guys. It's not that simple, he's my boss. I'll tell you what: I'll give him a shot and if he stinks, it'll be easier to tell him no.",look guy simple boss tell shot stink easy tell
"Aw, Marge, we were so close to winning the championship. Now thanks to Burns it's never gonna happen. And I spent so much time building that trophy case.",aw marge close win championship thank burns go to happen spend time build trophy case
So you're saying we're definitely gonna win? -- Woo hoo! I won't need this any more!,say definitely go to win woo hoo will need
"Hey! What's wrong with this neighborhood? Big shot. Too good to buy a house here, Snobby?",hey wrong neighborhood big shot good buy house snobby
"Marge, that's the Rhinestone Nights Fashion Gun. I need it to rhinestone-up my old clothing.",marge rhinestone nights fashion gun need rhinestone old clothing
"Thank you, neighbors, thank you! Now let's give it up for Table Five! Ah-ah-ah-ah / Table Five, Table Five... Ah-ah-ah-ah / Table Fi-i-i-i-i-i-ve...",thank neighbor thank let table ah ah ah ah table table ah ah ah ah table fi ve
"I voted for Prell to go back to the old glass bottle. After that, I became deeply cynical.",vote prell old glass bottle deeply cynical
I guess you might say he's barking up the wrong bush. Heh heh heh.,guess bark wrong bush heh heh heh
"Oh, man, I've only got one minute 'til they stop serving those Breakfast Balls...",oh man get minute til stop serve breakfast balls
"All right. His story checks out. Marge, would you love me more if I were president? 'Cause I'll do it if it will make you happy.",right story check marge love president happy
"It's your sons, George Bush Jr. and Jeb Bush. Come outside, Dad!",son george bush jeb bush come outside dad
"Oh, brought some of your commie friends to help you fight dirty, eh?",oh bring commie friend help fight dirty eh
Former President Gerald Ford? Put 'er there! I'm Homer Simpson.,president gerald ford er homer simpson
"Uh, c'mon, kids, let's go sit in the car 'til your Mom's done fitting in.",uh kid let sit car til mom fitting
"Just slap some bumper stickers on it and come to bed, willya, Marge?",slap bumper sticker come bed willya marge
"Oh, this game could mean big things for me, Marge. If I beat Mr. Burns, I mean really wallop him bad... I'm sure to get that big raise I've been gunning for.",oh game mean big thing marge beat burns mean wallop bad sure big raise gun
"Good morning, Mr. Burns. Beautiful day to be outside, isn't it?",good morning burns beautiful day outside
"These aren't reptile eggs! You've been cheating! No matter where Mr. Burns hits the ball, you put a fresh one on the green!",reptile egg cheat matter burns hit ball fresh green
I'm driving up to the main building. They've got valet parking tonight.,drive main building get valet parking tonight
"You kids should thank your mother. Now that she's a better person, we can see how awful we really are.",kid thank mother well person awful
Poor Aunt Hortense... woo-hoo... woo-hoo...,poor aunt hortense woo hoo woo hoo
"Um, I'll have four Tax Burgers, one IRS-Wich -- withhold the lettuce -- three dependent-sized sodas and a FICAccino.",um tax burgers irs wich withhold lettuce dependent sized soda ficaccino
"Don't worry, son. I'm sure he's up in Heaven right now, laughing it up with all the other celebrities -- John Dillinger, Ty Cobb, Joseph Stalin... I wish I were dead.",worry son sure heaven right laugh celebrity john dillinger ty cobb joseph stalin wish dead
"Hey, they need volunteers to play old-timey people in the parade. Look, I can be a butter churner, a typhoid carrier... an apprentice! I think I'll be an apprentice, Marge.",hey need volunteer play old timey people parade look butter churner typhoid carrier apprentice think apprentice marge
Hear ye! Hear ye! Ye olde town crier proclaimed crappy by all! Chooseth Homer Simpson and he shalt rock thy world!,hear ye hear ye ye olde town crier proclaim crappy chooseth homer simpson shalt rock thy world
"Woo hoo! Hear ye! Hear ye! The Homer Broadcasting System is on the air! All hollering, all the time! I'm gonna make the...",woo hoo hear ye hear ye homer broadcasting system air holler time go to
"Of course I do. You're always right about this type of thing, and for once, I want in on the ground floor.",course right type thing want ground floor
"Oh, sure I do. I always believe in helping the little guy, and you're the littlest guy I know.",oh sure believe help little guy little guy know
"Okay, well, that's not gonna stop us. I know a much better way to get attention...",okay go to stop know well way attention
"Hear ye, hear ye, my daughter has something to tell you about Jebediah Springfield.",hear ye hear ye daughter tell jebediah springfield
"DIG HIM UP! Dig up that corpse!! If you really love Jebediah Springfield, you'll haul his bones out of the ground to prove my daughter wrong!",dig dig corpse love jebediah springfield haul bone ground prove daughter wrong
"Hear ye, hear ye, everybody makes mistakes. Let's go home.",hear ye hear ye everybody make mistake let home
"Oh, it's not your fault, honey. I'm supposed to be the responsible one. I shouldn't have let you let me get carried away.",oh fault honey suppose responsible let let carry away
"Hear ye, HEAR YE, HEAR YE!!",hear ye hear ye hear ye
"Uh, Smithers already left, Sir. I'm his replacement, Homer Simpson.",uh smithers leave sir replacement homer simpson
I know. I'm taping it. I want to get to Mr. Burns' house bright and early to make his breakfast.,know tape want burns house bright early breakfast
"Well, it's my job to cook him breakfast, and I'm gonna cook the best damned breakfast he ever ate!",job cook breakfast go to cook well damned breakfast eat
"Here are your messages: ""You have 30 minutes to move your car,"" ""You have 10 minutes,"" ""Your car has been impounded,"" ""Your car has been crushed into a cube,"" ""You have 30 minutes to move your cube.""",message minute car minute car impound car crush cube minute cube
"No time, Marge. I think Mr. Burns wants me to do some long division.",time marge think burns want long division
I punched Mr. Burns right in his 104 year-old face.,punch burns right year old face
"I'm really sorry I hit you, Mr. Burns. Here, let me put some salt on that eye.",sorry hit burns let salt eye
"I just feel terrible about getting Mr. Smithers fired. That job was all he had. Imagine how you'd feel, Marge, if you got fired from the... those things... that you do.",feel terrible get smithers fire job imagine feel marge get fire thing
"Son, this is Mrs. Burns! I just called to say I don't love you. You are a bad son, Montel!",son burns call love bad son montel
"Bye, kids. On your way back, pick up a six pack of beer.",bye kid way pick pack beer
"Woo hoo! Look, Marge! A couple of bucks!",woo hoo look marge couple buck
"Hey, look what I snagged, Marge -- the candy bride and groom from the wedding cake.",hey look snag marge candy bride groom wedding cake
"The way I figure it, if the candy stays in the machine for more than a year, it's up for grabs.",way figure candy stay machine year grab
"Moe thinks he knows a lot more than Moe knows! Well, just give me another chance, and I'll prove I can keep your secrets.",moe think know lot moe know chance prove secret
"Uh, you don't have to tell me, but I thought we trusted each other with our secrets now. I mean, I haven't told a soul about your new boyfriend.",uh tell think trust secret mean tell soul new boyfriend
"All right, I have thought this through. I will send Bart the money to fly home, and then I will murder him.",right think send bart money fly home murder
Forget the name Homer Simpson. Have it sent care of... Langdon Alger.,forget homer simpson send care langdon alger
"Oh, why did I have to stop at the railroad tracks? Better get some change.",oh stop railroad track well change
"Okay! Go, boy! Go find help! Go find help, boy!",okay boy find help find help boy
"Let's all calm down. Everyone's going to be just fine, as long as I've got enough beer.",let calm go fine long get beer
"All right, that does it. If I'm gonna be trapped inside the house I gotta go out and buy some beer.",right go to trap inside house get to buy beer
"Wow. You must love this country more than I love a cold beer on a hot Christmas morning. Darn it, Apu, I'm not gonna let them kick you out!",wow love country love cold beer hot christmas morning darn apu go to let kick
"Now, they may ask you to locate your town on a map of the U.S, so let's do that. Uh, Springfield, Springfield... Ah, right here.",ask locate town map let uh springfield springfield ah right
Well we'll have to organize a carpool. Every day will be like a road trip!... With your dad!... To school!,organize carpool day like road trip dad school
"I see these kids now with ""jive"" printed on their shirts. Now, I can teach you how you're supposed to say ""jive""...",kid jive print shirt teach suppose jive
"I'm watching the road, sweetie. ""You jiiive turkey!"" See? You got to ""sass"" it. ""Quit jiiiving me, turkey!"" You gotta ""sass"" it. A turkey is a bad person.",watch road sweetie jiiive turkey get sass quit jiiive turkey get to sass turkey bad person
"But this is Grand Funk Railroad! You guys back there know Grand Funk, right?",grand funk railroad guy know grand funk right
"Nobody knows the band, Grand Funk? The wild shirtless lyrics of Mark Farner? The bong-rattling bass of Mel Schacher? The competent drumwork of Don Brewer? Oh, man.",know band grand funk wild shirtless lyric mark farner bong rattle bass mel schacher competent drumwork don brewer oh man
"For more information on Grand Funk, consult your school library!",information grand funk consult school library
"And when I listen to a really good song, I start nodding my head, like I'm saying ""yes!"" to every beat. ""Yes, yes, yes this rocks!"" And then sometimes I switch it up like ""No, no, no, don't stop a-rockin'...""",listen good song start nod head like say yes beat yes yes yes rock switch like stop rockin
"Now -- Grand Funk Railroad paved the way for Jefferson Airplane, which cleared the way for Jefferson Starship. The stage was now set for the Alan Parsons Project, which I believe was some sort of Hovercraft...",grand funk railroad pave way jefferson airplane clear way jefferson starship stage set alan parsons project believe sort hovercraft
"Hi there! Been a while since I set foot in Good Vibrations Music. Where can I find the latest releases by ""Bread?""",hi set foot good vibrations music find late release bread
"But you've got all the top bands in here. Styx? I just heard them on ""The King Biscuit Flour Hour."" Now here are some of your no-name bands: Sonic Youth, Nine Inch Nails, Hullabalooza...",get band styx hear king biscuit flour hour band sonic youth inch nails hullabalooza
Why do you need new bands? Everyone knows rock attained perfection in 1974. It's a scientific fact.,need new band know rock attain perfection scientific fact
"No way, man. We're gonna keep on rocking forever... forever... forever...",way man go to rock forever forever forever
"I went to the record store today, and they were playing all this music I'd never heard of. It was like the store had gone crazy.",go record store today play music hear like store go crazy
"That's fine for you, Marge. But I used to rock and roll all night and party ev-a-ry day. Then it was every other day. Now I'm lucky if I can find half an hour a week in which to get funky. I've got to get out of this rut and back into the groove!",fine marge rock roll night party ev ry day day lucky find half hour week funky get rut groove
Well... what have we here? Looks like your un-cool dad scored tickets to Hullabalooza.,look like un cool dad score ticket hullabalooza
"You're not going to school today. Today, your classroom will be the Capitol City Amphitheater. Your teacher? Four dozen rock bands. So get ready for some well-supervised craziness while you rock out with your father. Woo hoo!",go school today today classroom capitol city amphitheater teacher dozen rock band ready supervise craziness rock father woo hoo
"Homer Simpson, smiling politely. You know, my kids think you're the greatest. And thanks to your gloomy music they've finally stopped dreaming of a future I can't possibly provide.",homer simpson smile politely know kid think great thank gloomy music finally stop dream future possibly provide
All is well on tour with America's most popular alternative music festival...,tour america popular alternative music festival
"But the main thing is, I've finally tapped into that spirit of self-destruction that makes rock 'n' roll the king of musics.",main thing finally tap spirit self destruction make rock n roll king music
"Thank you! And remember: Don't trust anyone over thirty. And now, Peter Frampton!",thank remember trust thirty peter frampton
"Really? Me, too. But I got kicked out 'cause of my views on Vietnam. Also, I was stealing projectors.",get kick view vietnam steal projector
"Anyway, get ready, beer belly! We're gonna show Springfield what we're made of!",ready beer belly go to springfield
"Die? Well, you don't scare me, Doc. 'Cause dying would be a stone groove. Got any messages for Jimi Hendrix?",die scare doc die stone groove get message jimi hendrix
"You know, the one with all the well-meaning rules that don't work out in real life -- Christianity.",know mean rule work real life christianity
"Oh, this is heavy. Okay, Homer, don't fear the Reaper.",oh heavy okay homer fear reaper
"Oh, Marge. I thought I had an appetite for destruction, but all I wanted was a club sandwich.",oh marge think appetite destruction want club sandwich
"I'll miss you Pumpkins, but I just can't share your bleak world view. I've got too much to live for.",miss pumpkins share bleak world view get live
"Wait, Marge. Maybe if you're truly cool, you don't need to be told you're cool.",wait marge maybe truly cool need tell cool
"""Wel-diddly-elcome Simpsons."" Oh, geez. He actually wrote ""diddly.""",wel diddly elcome simpsons oh geez actually write diddly
"Ooh, Captain of the Football Team! He's a dreamboat! Don't wait up, Marge.",ooh captain football team dreamboat wait marge
"This baby's sure to kill something. Okay, now everybody -- stand back while I celebrate freedom. Bart, give me your matches.",baby sure kill okay everybody stand celebrate freedom bart match
"Fish heads, fish heads, do de do de doo...",fish head fish head de de doo
"Yeah, three nosy kids. And you know what happens to nosy kids who ask too many questions?",yeah nosy kid know happen nosy kid ask question
"See, Marge? Who needs a car wash when you can just drive around in the rain.",marge need car wash drive rain
"Lisa, please. Yes, Bart, you have a twin brother. You see, when you were born, there was... an irregularity.",lisa yes bart twin brother bear irregularity
"We'll search out every place a sick, twisted, solitary misfit might run to.",search place sick twisted solitary misfit run
"Right. Bart, you stay home and tape the hockey game.",right bart stay home tape hockey game
Oh my God... space aliens! Don't eat me! I have a wife and kids! Eat them!,oh god space alien eat wife kid eat
"Marge, Marge! There I was, I had just caught the largest fish you'd ever seen, when I was abducted by a flying saucer!",marge marge catch large fish see abduct fly saucer
"I'm Homer Simpson, Sir, and I'm gonna get you back to Washington before it's too late!",homer simpson sir go to washington late
"America, take a good look at your beloved candidates! They're nothing but hideous space reptiles!",america good look beloved candidate hideous space reptile
"Marge! I've got a new job! It's with Globex Corporation. I get more money plus health benefits, for me and my life partner. And they'll move us and give us a nice house and...",marge get new job globex corporation money plus health benefit life partner nice house
I'm gonna miss Springfield. This town's been awfully good to us.,go to miss springfield town awfully good
"Mr. Scorpio says productivity is up 2%, and it's all because of my motivational techniques, like donuts and the possibility of more donuts to come.",scorpio say productivity motivational technique like donut possibility donut come
I can't buy that. Only management type guys with big salaries like me can afford things like that. Guys like me? I'm a guy like me!,buy management type guy big salary like afford thing like guy like guy like
"All right, team, it's the fourth quarter. The Lord gave us the atoms, and it's up to us to make 'em dance!",right team fourth quarter lord give atom dance
"Well, the Simpson men are doing fine, right, Bart? You haven't even gotten in trouble at school.",simpson man fine right bart get trouble school
"Aw, those jerks. Always walking over the small businessman. Don't get me started about the government.",aw jerk walk small businessman start government
"""Project Arcturus couldn't have succeeded without you. This will get you a little closer to that dream of yours. It's not the Dallas Cowboys, but it's a start. Drop me a line if you're on the East Coast, Hank Scorpio.""",project arcturus succeed little close dream dallas cowboys start drop line east coast hank scorpio
"Yesss, they are a clever bunch. I know, I'll squeal for you. To their parents.",yesss clever bunch know squeal parent
The thing is -- oof! -- Bart really loves that belt and -- ugh!,thing oof bart love belt ugh
Big deal. I didn't even get my kid's belt back. The only thing a loser like me is good for is taking beatings.,big deal kid belt thing loser like good take beating
"Well, I trust you, Moe. If you say I can beat this guy, then he doesn't stand a chance.",trust moe beat guy stand chance
"Marge, will you let me finish? ...Plug-in room deodorizers, front and rear spoilers for the car --",marge let finish plug room deodorizer rear spoiler car
"...and Larry and I have so much in common, Marge, way more than you and me. If I could be stranded on an island with anyone, it would definitely be Larry!",larry common marge way strand island definitely larry
"Marge, it's not a real kidnapping. It's a simple hoax to win a father's love.",marge real kidnapping simple hoax win father love
"Ouch! Oooch! Eeech! Ouch! Ooch! Oh, stop it!!",ouch oooch eeech ouch ooch oh stop
"Hold on, Mr. Burns. Maybe we did fake a kidnapping, but is that really such a crime? All your son wanted was a little attention, a little love.",hold burns maybe fake kidnapping crime son want little attention little love
"I'm a father myself, sir. And sure, sometimes my kids can be obnoxious... or boring... or stinky --",father sir sure kid obnoxious boring stinky
Right... Uh huh... Gotcha... Cat in the furnace.,right uh huh gotcha cat furnace
"No! Wait! Wait! Madam, I run a house of discipline. The boy will be disciplined, and disciplined severely. Good day.",wait wait madam run house discipline boy discipline discipline severely good day
"Now, you're gonna do chores for that lady until you work off the damage you did. It's called responsibility.",go to chore lady work damage call responsibility
"I told you last night, no! Where is Bart, anyway? His dinner's getting all cold and eaten.",tell night bart dinner get cold eat
"What the... ""President Eisenhower celebrates 40th wedding anniversary... Not pictured: Mrs. Eisenhower.""",president eisenhower celebrate wedding anniversary picture eisenhower
"Oh, no?! Well, if Homer Simpson wants his ten-year-old son working in a burlesque house, then Homer Simpson's ten-year-old son is going to work in a burlesque house! That's...",oh homer simpson want year old son work burlesque house homer simpson year old son go work burlesque house
"I was trying to punish him exactly like you would. So, in a way, you really dropped the ball on this one. This is your mess and I'll be damned if I'm gonna clean it up!",try punish exactly like way drop ball mess damn go to clean
"You could close down Moe's or the Kwik-E-Mart, and nobody would care / But the heart and soul of Springfield's in our Maison Derriere...",close moe kwik e mart care heart soul springfield maison derriere
"Yup, pretty much. Except we drove around in a van solving mysteries.",yup pretty drive van solve mystery
"You know what you two need? A little comic strip called ""Love Is."" It's about two naked eight year olds who are married.",know need little comic strip call love naked year old marry
'Cause Marge and I have one thing that can never be broken: a strong marriage built on a solid foundation of routine.,marge thing break strong marriage build solid foundation routine
"""Dear Homer,"" aww. ""Sorry you didn't want to join me tonight. I left you hot dogs for dinner. They're thawing in the sink.""",dear homer aww sorry want join tonight leave hot dog dinner thaw sink
"Lisa, wait! I know you're only eight years old and I don't wanna put a lot of pressure on you, but you've got to save my marriage.",lisa wait know year old wanna lot pressure get save marriage
"As you know, there's been a lot of talk about divorce lately, and I think your mom might not be happy with me.",know lot talk divorce lately think mom happy
"Oh, I knew this would happen. Our whole marriage started off on the wrong foot.",oh know happen marriage start wrong foot
See? You don't have to spend a lot of money to have a first-class wedding reception.,spend lot money class wedding reception
"Good morning. You know, Marge, I was thinking about how much I enjoy your interests, so I wandered over to that theater you went to last night. And I bought tickets to their entire season.",good morning know marge think enjoy interest wander theater go night buy ticket entire season
I wanted to surprise you with a kicky summer 'do. How many husbands would do that for their wives?,want surprise kicky summer husband wife
"Oh, I've just made things worse. A few clumsy gestures aren't going to make up for 10 years of neglect. Marge deserves someone who will treat her right. Marge deserves a fresh start.",oh thing bad clumsy gesture go year neglect marge deserve treat right marge deserve fresh start
"I didn't want a hokey second wedding like those ones on TV. This one is for real. I want our marriage to be perfect, right from the start, so we don't end up like Kirk and Luann.",want hokey second wedding like one tv real want marriage perfect right start end like kirk luann
"Hey, who shot the auto-dialer? Marge's auto-dialer?",hey shoot auto dialer marge auto dialer
"Hello, this is Homer Simpson, a.k.a. ""Happy Dude."" The court has ordered me to call every person in town to apologize for my telemarketing scam. I'm sorry. If you can find it in your heart to forgive me, send one dollar to Sorry Dude, 742 Evergreen Terrace, Springfield... You have the power.",hello homer simpson happy dude court order person town apologize telemarketing scam sorry find heart forgive send dollar sorry dude evergreen terrace springfield power
"Oh, Lisa, there's no record of a hurricane ever hitting Springfield.",oh lisa record hurricane hit springfield
Use your main finger on the yellow side and your other finger on the orange side and turn it.,use main finger yellow finger orange turn
"Hope you like it, neighbor. We didn't have the best tools or all the know-how, but we did have a wheelbarrow full of love.",hope like neighbor good tool know wheelbarrow love
"Yello? Yes... Mental hospital? I don't know any ""Ned Flanders.""",yello yes mental hospital know ned flanders
"""Ned Flanders, I mock your value system. You also appear foolish in the eyes of others.""",ned flanders mock value system appear foolish eye
I engaged in intercourse with your spouse or significant other. Now that's psychiatry! Eh? Eh?,engage intercourse spouse significant psychiatry eh eh
"Hello? Oh, hi, Lenny... No. Why would I need a ride this afternoon?",hello oh hi lenny need ride afternoon
"Lenny? Aw, well. If it was big and annual I'm sure they'd have mentioned it in the newspaper.",lenny aw big annual sure mention newspaper
"Yeah, it's a lazy dog-dangling afternoon. But something's a little off...",yeah lazy dog dangle afternoon little
"What's wrong with you? What are you trying to hide from m-- What's that smell? Onions... Chili powder... Cumin... Juicy ground chuck... It's chili! Oh my God, I'm missing the Chili Cook-Off!",wrong try hide smell onion chili powder cumin juicy ground chuck chili oh god miss chili cook
"Oh, well, of course... everything looks bad if you remember it. Now where are my chili boots? Ah!",oh course look bad remember chili boot ah
"Okay, quit naggin' me. I won't have any beer. Geez, why don't you have a cigarette or something?",okay quit naggin will beer geez cigarette
"Well, Chief, don't quit your day job... heh, heh, heh... whatever that is.",chief quit day job heh heh heh
"What's happening to me? Okay, retrace your steps... woke up, fought with Marge, ate Guatemalan insanity peppers. Then I -- Ohhhh.",happen okay retrace step wake fight marge eat guatemalan insanity pepper ohhhh
"Man, this is crazy. I hope I didn't brain my damage. I'd better check my pupils...",man crazy hope brain damage well check pupil
"Marge? Marge? Oh, now what? If you're still mad at me, I'm gonna be really mad.",marge marge oh mad go to mad
"That's it? Well, that's Marge. Big deal. Great spiritual quest, wolfie. My soul mate is Marge.",marge big deal great spiritual quest wolfie soul mate marge
"Hey, wait a minute. There's no such thing as a talking dog.",hey wait minute thing talk dog
"Oh, honey, I didn't get drunk. I just went to a strange fantasy world. C'mon, you gotta believe me. You're my soul mate.",oh honey drunk go strange fantasy world get to believe soul mate
"That coyote said my soul mate would understand me, but Marge doesn't understand me at all. Maybe we're not kindred spirits. We don't have anything in common...",coyote say soul mate understand marge understand maybe kindre spirit common
"Look at these records! Jim Nabors, Glen Campbell, the Doodletown Pipers! Now look at her records... They stink! Maybe I had that crazy dream for a reason...",look record jim nabors glen campbell doodletown pipers look record stink maybe crazy dream reason
"...I always just figured my wife was my soul mate. But if it's not Marge, then who is it? Where do I begin looking?",figure wife soul mate marge begin look
"Hello? Is this G-B-M? Uh, yeah. I read in the personals you were seeking a soul mate and, well, I also like rainy days and movies. Uh huh... uh, no, I don't like that. Or that. No, it's not that I'm afraid. I'm gonna hang up now. Bye-bye. Oh, I give up.",hello g b m uh yeah read personal seek soul mate like rainy day movie uh huh uh like afraid go to hang bye bye oh
"Wow, Marge, you really do understand me. See, I thought we weren't soul mates because...",wow marge understand think soul mate
"Nah, it's Friday night Moe. I wanna try something special.",nah friday night moe wanna try special
"Well, it's one a.m. Better go home and spend some quality time with the kids.",well home spend quality time kid
Oh. It's Bart. I can't believe it. I'm being mocked... by my own children... on my birthday!,oh bart believe mock child birthday
"You are one fine-lookin' woman, lady. If I wasn't married, I'd go out with you like that.",fine lookin woman lady marry like
"I am so sorry. Whatever you do, don't tell Marge. God, I love her. I-- Hey, a penny!",sorry tell marge god love hey penny
"Oh, Marge, I've never felt so alone. No one believes me. Uh, this is the part where you're supposed to say ""I believe you, Homer.""",oh marge feel believe uh suppose believe homer
"Thank you, son. And do you think you could stop the casual swearing?",thank son think stop casual swearing
"Now, son, you don't want to drink beer. That's for Daddies, and kids with fake IDs... besides, it's such a beautiful night. How about a ghost story?",son want drink beer daddy kid fake id beautiful night ghost story
"Take a look at this, Lisa. You don't see any ""Homer is a Dope"" T-shirts, do you?",look lisa homer dope t shirt
"Wait, wait, wait, wait, wait -- back up a bit now. When are the pancakes coming in the mail?",wait wait wait wait wait bit pancake come mail
"What do you need to make money for anyway? As long as I have my earning power, this family's got nothing to worry about.",need money long earning power family get worry
"Hey, what's all that commotion outside? Why, it's one of those Pretzel Wagons the movie stars are always talking about.",hey commotion outside pretzel wagons movie star talk
"That's right, Lenny. Let's all give in to deliciousness, the Pretzel Wagon way.",right lenny let deliciousness pretzel wagon way
"Marge needs help, and God knows, I'm not the man to provide it. But I know who can...",marge need help god know man provide know
"Aw, looks like Mr. Pretzel Man is doing pretty well for himself.",aw look like pretzel man pretty
"You're my last hope. I've never reached out to you before, but my wife is in her hour of need. Your help could make all the difference in the world.",hope reach wife hour need help difference world
How could I not? I saw you pouring your heart and soul into this business and getting nowhere. I saw you desperately trying to cram one more salty treat into America's already bloated snack-hole. So I did what I could. I did what any loving husband would do: I reached out to some violent mobsters.,see pour heart soul business get see desperately try cram salty treat america bloated snack hole love husband reach violent mobster
"You must hate me, Marge. Every time I try to help, I just fail miserably.",hate marge time try help fail miserably
So Burns is going to make us all go on a stupid corporate retreat up in the mountains to learn about teamwork. Which means we'll have to cancel our plans to hang around here.,burns go stupid corporate retreat mountain learn teamwork mean cancel plan hang
"Hmmm. Your ideas are intriguing to me, and I wish to subscribe to your newsletter, but I think we have to go on the retreat anyway.",hmmm idea intriguing wish subscribe newsletter think retreat
"You know, Mr. Burns, you're the richest guy I know. Way richer than Lenny.",know burns rich guy know way rich lenny
"All right, Marge. I'll get you your nanny, and to pay for it... I'll give up the Civil War Re-creation Society I love so much.",right marge nanny pay civil war creation society love
"Wait a minute, Marge. I saw Mrs. Doubtfire. This is a man in drag!",wait minute marge see doubtfire man drag
"Now Ms. Bobbins, if you want this job you're going to have to answer a few questions. First, do you have any bad habits?",bobbins want job go answer question bad habit
"AROUND THE HOUSE, I NEVER LIFT A FINGER / AS A HUSBAND AND FATHER I'M SUB-PAR / I'D RATHER DRINK A BEER THAN WIN FATHER OF THE YEAR / I'M HAPPY WITH THINGS THE WAY THEY ARE.",house lift finger husband father sub par drink beer win father year happy thing way
"Hey, this is Homer Simpson sayin' ""Howdy"" to all the girls out there in radioland.",hey homer simpson sayin howdy girl radioland
"Hey, this is Homer Simpson sayin'-- I don't sound like that, do I? Oh, I don't like having such a hilarious voice.",hey homer simpson sound like oh like have hilarious voice
"Oh, ""no attitude,"" eh? Not ""in-your-face,"" huh? Well, you can cram it with walnuts, Ugly!",oh attitude eh face huh cram walnut ugly
"Oh, I don't get the job, do I? Well, boo-hoo, I don't get to be a cartoon dog.",oh job boo hoo cartoon dog
"Oh, now I got the job, huh? Oh. Thank you.",oh get job huh oh thank
"She smells sheet smells by the sheet store. Wait, wait. Lemme try it again.",smell sheet smell sheet store wait wait lemme try
"Uh, I guess. Is this episode going on the air live?",uh guess episode go air live
"You're right, Marge! It's not my fault! I'm not gonna let 'em treat Poochie like dirt anymore just 'cause he's the new guy!",right marge fault go to let treat poochie like dirt anymore new guy
"You can't just kill off a classic TV character. Poochie could be bigger than curly fries, but first he has to win back the audience. That's why I'm gonna read these lines I wrote myself with my own two hands.",kill classic tv character poochie big curly fry win audience go to read line write hand
"Yes. I certainly do. Hello there, Itchy. I know there's a lot of people who don't like me and wish I would go away, but I think we got off on the wrong foot. I know I can come off a little proactive, and for that I'm sorry. But if everyone could find a place in their hearts for the little dog nobody wanted, I know we can make 'em laugh -- and cry -- until we grow old together.",yes certainly hello itchy know lot people like wish away think get wrong foot know come little proactive sorry find place heart little dog want know laugh cry grow old
"Now, kids -- I know you loved the old Poochie...but the new one's going to be better than ten Superbowls. I don't want to oversell it. Judge for yourselves.",kid know love old poochie new go well superbowls want oversell judge
"Hey, that wasn't supposed to happen! Those finks double-crossed me!",hey suppose happen fink double cross
"Aw, nuts. Hel-lo? China? Little help?",aw nut hel lo china little help
"No. How can you love a box, or a toy, or graphics? You're a grown man.",love box toy graphic grown man
"Oh, a swinging bachelor, eh? Well, there's lots of foxy ladies out there...",oh swinge bachelor eh lot foxy lady
"OhmyGod! OhmyGod! OhmyGod! OhmyGod! I danced with a Gay! Marge, Lisa, promise me you won't tell anyone. Promise me!",ohmygod ohmygod ohmygod ohmygod dance gay marge lisa promise will tell promise
"Am I, Marge? Am I? Think of the property values! Now we can never say only straight people have been in this house!",marge think property value straight people house
"You know me, Marge: I like my beer cold, my TV loud, and my homosexuals fla-ming.",know marge like beer cold tv loud homosexual fla ming
"There's only two kinds of guys who wear those shirts -- gay guys, and big fat party-animals. And Bart doesn't look like a big fat party-animal to me.",kind guy wear shirt gay guy big fat party animal bart look like big fat party animal
"Right. Thank you. I hope you realize this is all your fault. I mean, do you have to be so effeminate around the boy?",right thank hope realize fault mean effeminate boy
"Look, John, you seem like a perfectly nice guy and all. Just stay the hell away from my family!",look john like perfectly nice guy stay hell away family
"No I'm not, Marge! They're embarrassing me! They're embarrassing America! They turned the Navy into a floating joke! They ruined all our best names, like Bruce and Lance and Julian! Those were the toughest names we had, now they're just...",marge embarrass embarrass america turn navy float joke ruin good name like bruce lance julian tough name
"Yeah! And that's another thing! I resent ""you people"" using that word. That's our word for making fun of you. We need it! Well, I'm taking back our word and I'm taking back my son!",yeah thing resent people word word make fun need take word take son
"Don't worry, boy. We're gonna set you straight. By tomorrow morning, you'll be a regular Burt Reynolds.",worry boy go to set straight tomorrow morning regular burt reynolds
"Stand aside, Marge. I'm taking the boy deer hunting. He's going to grow up straight for once.",stand aside marge take boy deer hunting go grow straight
"Hey, boy, wake up! Your old man found some deer!",hey boy wake old man find deer
"Bart, I'm gonna turn my back -- and when I turn around, I wanna see a whole pile of dead reindeer.",bart go to turn turn wanna pile dead reindeer
"Son, there comes a time in every father's life when he must -- GAAHHH!!",son come time father life gaahhh
"Y'know, Bart, maybe it's just the concussion talking, but any way you choose to live your life is okay with me.",bart maybe concussion talk way choose live life okay
"Your mother's right, Bart. Sure, you're the one who ruined all of Sideshow Bob's criminal schemes --",mother right bart sure ruin sideshow bob criminal scheme
"Oh, it's like a rent-a-car, son. You get all the mileage you can. Then ball it up and cram it through the mail slot.",oh like rent car son mileage ball cram mail slot
"Aw, I love this pedestrian mall! There's practically no traffic!",aw love pedestrian mall practically traffic
"All right, all right, geez. Okay, honey, remember where we're parked.",right right geez okay honey remember park
"Look, Marge! A restaurant owned by celebrities! I always wanted to be a celebrity!",look marge restaurant own celebrity want celebrity
"Wow, even Moe's moved to fancy new digs.",wow moe move fancy new dig
"You know, honey, when I think of all the good times we've had together-- AAAGH!",know honey think good time aaagh
"What's the matter, Marge? I thought you loved Jello shooters.",matter marge think love jello shooter
"Oh, come on Marge, relax! Lisa's in charge. She's the responsible one.",oh come marge relax lisa charge responsible
"It's been St. Patrick's Day for hours and I'm still not drunk yet. Oh, it's never gonna be nine o'clock.",patrick day hour drunk oh go to
"Oh, Moe, thank God you're here! We'd like to come in and drink, please!",oh moe thank god like come drink
"Oh, honey, you're not the world's worst mother. What about that freezer lady in Georgia?",oh honey world bad mother freezer lady georgia
Prohibition! They tried that in the movies and it didn't work. I predict this is the last we'll be hearing about prohibition.,prohibition try movie work predict hear prohibition
"At first I thought prohibition was a good thing. People were drinking more and having a lot more fun. But without beer, prohibition doesn't work.",think prohibition good thing people drink have lot fun beer prohibition work
Now don't say that! Alcohol is a way of life. Alcohol is my way of life. And I aim to keep it!,alcohol way life alcohol way life aim
"Before! Before! You're living in the past, Marge! Quit living in the past.",live past marge quit live past
"I can explain, Marge! Please let me explain! Oh, why won't you let me explain!!!",explain marge let explain oh will let explain
"Remember, honey, we're disobeying an unjust law here. We're patriots. Like... all those people in jail.",remember honey disobey unjust law patriot like people jail
"Ka-boom! Blam! Oh, excuse me again, dear.",ka boom blam oh excuse dear
"Wooo, we're in orbit now! What's that? A call from the president? Hello?... Uh, yes. ""Let me just say this about that."" Okay, Mr. President...",wooo orbit president hello uh yes let okay president
"Wait a minute. Bart's teacher's name is ""Krabappel?"" I've been calling her ""Crandall."" Why didn't someone tell me? Oh, I've been making an idiot out of myself.",wait minute bart teacher krabappel call crandall tell oh make idiot
"Give me that! Bart, this is your father. Do you know where the remote is? I looked all over the house.",bart father know remote look house
"Wow, I gotta start going to church.",wow get to start go church
"Oh, yeah, a dog like this you have to feed every day.",oh yeah dog like feed day
"Geez, that dog has more education than I do. He's some kinda super dog. Hey, where'd he go?",geez dog education kinda super dog hey
You gave both dogs away?! You know how I feel about giving!,give dog away know feel give
"Well, crying isn't going to bring him back, unless your tears smell like dog food. So you can either sit there, crying and eating can after can of dog food until your tears smell enough like dog food to make your dog come back, or you can go out there and find your dog!",crying go bring tear smell like dog food sit cry eat dog food tear smell like dog food dog come find dog
"Oh, I hope you learned your lesson, Lisa. Never help anyone.",oh hope learn lesson lisa help
I made a bad mistake and Lenny sent me home to think about what I did. But I don't remember what it was so I'm watching TV.,bad mistake lenny send home think remember watch tv
"In that case, he should've made the week an hour longer. Lousy God.",case week hour long lousy god
Wh... what's going on? Wh... wha... why am I on a Japanese box?,wh go wh wha japanese box
"Volunteering is for suckers! Do you know that so-called ""volunteers"" don't even get paid?",volunteering sucker know call volunteer pay
"Well, it was a good ride while it lasted. C'mon kids. Let's go home.",good ride last kid let home
I don't know. I'm kind of dizzy. I should probably go home sick.,know kind dizzy probably home sick
Wow. You've got pencils with your name on 'em. Just like a pencil company executive. I'd give anything for one of these.,wow get pencil like pencil company executive
"Oh, I can't believe it. I've got an enemy. Me! The most beloved man in Springfield.",oh believe get enemy beloved man springfield
"Good morning, fellow employee. You'll notice that I am now a model worker. We should continue this conversation later during the designated break period. Sincerely, Homer Simpson.",good morning fellow employee notice model worker continue conversation later designate break period sincerely homer simpson
"Lenny, tell Mr. Burns I've gone home to work on the contest.",lenny tell burns go home work contest
Then I added some fins to lower wind resistance. And this racing stripe here I feel is pretty sharp.,add fin low wind resistance racing stripe feel pretty sharp
"Well, that's all the time we have. So this is the Simpson family saying: ""As you walk down the road of life...""",time simpson family say walk road life
"Hey, go on, boy. Go get it! Answer the phone! Be a good boy!",hey boy answer phone good boy
"Uh, yeah. I've always said the boy could use more confidence.",uh yeah say boy use confidence
"Shut up! It's my car, and I say we're going to the lost city of gold!",shut car go lost city gold
"So you lost my car, eh? Well, that's just grand. I ought to punch you in the nose, but I have to pick up my kids at school.",lose car eh grand ought punch nose pick kid school
"Marge, you can stand there finding fault, or you can knit me some seat belts.",marge stand find fault knit seat belt
All I had to do was walk a few blocks from the Port Authority Bus Terminal to my train at Penn Station...,walk block port authority bus terminal train penn station
"Lousy Bart... his money... All right, New York, I'm coming back. But you're not getting this!",lousy bart money right new york come get
"Now remember, criminals prey on small-town folk like us. So if anyone asks, we're sophisticated millionaires from the Ozarks.",remember criminal prey small town folk like ask sophisticated millionaire ozarks
Good. I don't want to spend one extra second in this urban death-maze. You wait here at the bus station while I get the car.,good want spend extra second urban death maze wait bus station car
Your vehicle is illegally parked at One World Trade Plaza. Hmmm...,vehicle illegally park world trade plaza hmmm
"They expect me to sit here from nine to five?! That's how many hours? Ten, eleven, denominator... Oh, where's Lisa when you need her?",expect sit hour denominator oh lisa need
"Hey! I'm not a bum... Thanks, but I don't need... Okay, if you insist, but... Spare change, lady? Lousy cheapskate...",hey bum thank need okay insist spare change lady lousy cheapskate
"But I can't leave my car until the parking guy gets here. Oh, why did I drink all that crab juice?",leave car parking guy get oh drink crab juice
Come o-o-on! Come o-o-on!,come o o come o o
"We're getting outta here, now! Jump in, Marge! Trust me! Throw the kids! No time for the baby!",get outta jump marge trust throw kid time baby
"Ooh, a fresh batch of America Balls! Mmm...",ooh fresh batch america balls mmm
"Hey, everybody, look! Armin Tamzarian's back and he's gonna take over the school again!",hey everybody look armin tamzarian go to school
"All right, all right. So, he's a fraud. I don't care! His mom doesn't care! Do any of you care?",right right fraud care mom care care
"MISTER, WE COULD USE A MAN LIKE SHERIFF LOBO AGAIN.",mister use man like sheriff lobo
"Lisa, honey, if it'll make you feel better I'll destroy something Bart loves.",lisa honey feel well destroy bart love
"Don't worry, son. If that bothers you, I'll destroy something Maggie loves.",worry son bother destroy maggie love
"Oh, well, it all happened in 1990. Back then, the artist formerly known as Prince was currently known as Prince. Tracey Ullman was entertaining America with songs, sketches, and crudely-drawn filler material. And Bart was eagerly awaiting his first day of school...",oh happen artist know prince currently know prince tracey ullman entertain america song sketch crudely draw filler material bart eagerly await day school
"Now, son, on your first day of school, I'd like to pass along the words of advice my father gave me...",son day school like pass word advice father give
No problem. I'll just give her a sip of beer. Come on Maggie -- it's Miller time! Yes-it's-Mil-ler-time!,problem sip beer come maggie miller time yes mil ler time
"Oh, my father gave me beer as a child. Till I wrapped my little red wagon around a tree.",oh father give beer child till wrap little red wagon tree
"Oh, it's beautiful! Oh! Oh, let's put Bart's beautiful drawing up on the fridge!",oh beautiful oh oh let bart beautiful drawing fridge
"When a boy doesn't want to play catch with his old man, something is seriously wrong.",boy want play catch old man seriously wrong
"Well, our little girl has a gift and we're willing to do what it takes to help her.",little girl gift willing take help
"Our family was suffering through its worst crisis ever. Bart was miserable at school, and Lisa's gifts were going to waste.",family suffer bad crisis bart miserable school lisa gift go waste
"Uh-uh. Forget it Marge. There is no way I am spending my Saturdays at a Museum. Unless... Museums don't have foosball, do they?",uh uh forget marge way spend saturdays museum museum foosball
"Marge, name one successful person who ever lived without air conditioning.",marge successful person live air conditioning
"Well, I admit it looks bad, Flanders, but haven't you heard of ""Let he who is without sin cast the first stone?""",admit look bad flanders hear let sin cast stone
A musical instrument? Could that be a way to encourage a gifted child? Just give me a sign!,musical instrument way encourage gifted child sign
"Ohhhh, but Marge! Am I doomed to spend the rest of my life sweating like a pig?",ohhhh marge doom spend rest life sweat like pig
"Oh, I've lost everything. I can't go on. No, no, no! I can't just wallow in sadness. It's time to laugh again. I'm the last man alive!",oh lose wallow sadness time laugh man alive
"Oh Spade, why did you put Farley in charge of the bees? Hey buddy, down in front.",oh spade farley charge bee hey buddy
"Hmmm, two bucks... And it only transports matter? Umm... Well, ah... I'll give you 35 cents.",hmmm buck transport matter umm ah cent
"This mountain of stairs used to make bedtime a grueling chore. But not any more, baby!",mountain stair bedtime grueling chore baby
"Get 'im, boy! Smash that fly! Mush him up good!",m boy smash fly mush good
"Relax, Marge. If someone tries to get in here, my burglar alarm will let us know.",relax marge try burglar alarm let know
"Pushy kids think they can tell me what to do in my house. I tell you parents these days, they don't know how to rear children.",pushy kid think tell house tell parent day know rear child
"Oh, come on, be fair Marge. For once in your life, be fair.",oh come fair marge life fair
"I put it in a safe place, Marge. I mean, what are the odds the boy would look in the vegetable crisper?",safe place marge mean odd boy look vegetable crisper
"Marge? Sorry. Marge? Oh, sorry. Marge?",marge sorry marge oh sorry marge
"Oh, honey, please come home. I need you. It's dark in the house and I'm hungry and lonesome. And there's no one there to hear my various witty remarks.",oh honey come home need dark house hungry lonesome hear witty remark
"I'm sorry I lied to you, Marge. But this gun had a hold on me. I felt this incredible surge of power, like God must feel when he's holding a gun. So please, get rid of it, because I know I'll just lie to you again and again!",sorry lie marge gun hold feel incredible surge power like god feel hold gun rid know lie
Now wait a second. You doctors have been telling us to drink eight glasses of gravy a day!,wait second doctor tell drink glass gravy day
"There you go, Bart, Pee Wee Football will melt away those unsightly pounds and inches.",bart pee wee football melt away unsightly pound inch
"Ahh, you got lucky, Flanders! And fix that hat!",ahh get lucky flanders fix hat
"Huh, big deal. I've been carried out of Moe's like that hundreds of times.",huh big deal carry moe like hundred time
"Well, I'm tellin' ya, Flanders can't coach at all! Now I'm not the type to have a grudge for no reason...",tellin ya flanders coach type grudge reason
"Yes. Mr. Koufax, don't you think Flanders is a big jerk? Y'ello? Y'ello?",yes koufax think flanders big jerk
"Hii-hi-hi-hi, hi, Flanders. Go Wildcats!",hii hi hi hi hi flanders wildcat
"No, no. No, no, no. It's just that, well, like I was yelling earlier, it seems like anyone with half a brain could coach better than you.",like yell early like half brain coach well
"I'm tired of watching you dog it on that football field. From now on, I'm gonna work you like a dog. Now go fetch me twenty laps.",tired watch dog football field go to work like dog fetch lap
"Well, if you know a better way for me to live through my son, I'd like to hear it.",know well way live son like hear
"Well, I'm not gonna make the same mistake. From now on I'm gonna be kinder to my son, and meaner to my Dad.",go to mistake go to kind son meaner dad
"Quit runnin', son. I just want to give ya a big hug!",quit runnin son want ya big hug
"Good practice, team. Okay, it's time for the easiest part of any coach's job, the cuts.",good practice team okay time easy coach job cut
"Now while I wasn't able to cut everyone I wanted to, I have cut a lot of you. Wendell is cut. Rudy is cut. Janey, you're gone. Steven, I like your hustle. That's why it was so hard to cut you.",able cut want cut lot wendell cut rudy cut janey go steven like hustle hard cut
"Now just because I'm his father, he'll get no special treatment. He calls me ""Coach"" just like everyone else. Which he'll be doing... as our new starting quarterback!",father special treatment call coach like new starting quarterback
"Great debut, son. You really settled in after some early jitters.",great debut son settle early jitter
"Ohh, boy. Well, I'll just have to go to my back up plan... Nelson, how's your arm feelin'?",ohh boy plan nelson arm feelin
"Come on, guys. We can't play without Bart. He's the heart of this team!",come guy play bart heart team
"I didn't raise him to be a quitter, Marge. It must have been you. You've quit every job you've ever had: cop, pretzel vendor, church counselor, professional gambler...",raise quitter marge quit job cop pretzel vendor church counselor professional gambler
"Mr. Burns, this is Homer J. Simpson, the father of the big quitter. Well, I just wanted to tell you I'm a big quitter, too, and I quit!",burns homer simpson father big quitter want tell big quitter quit
"I'm feelin' kinda low, Apu. You got any of that beer that has candy floatin' in it? You know, ""Skittlebrau""?",feelin kinda low apu get beer candy floatin know skittlebrau
"I wanna apologize. I just got so caught up trying to encourage you, I was blinded to your stinky performance. If you forgive me, I promise I'll never encourage you again.",wanna apologize get catch try encourage blind stinky performance forgive promise encourage
"Aww... You know, tomorrow's the championship game and I could sure use a good offensive tackle.",aww know tomorrow championship game sure use good offensive tackle
"Okay. Half of you vibrate that way, two of you fall down, Nelson, you just spin around in a circle.",okay half vibrate way fall nelson spin circle
"Scully, you're cut. Ehhh, Brooks, Groening, Simon, you're all cut. Castellaneta, gone. Kavner, cut. Cartwright, cut. Smith, sorry, cut. Azaria and Shearer, you're cut. Firestone, you're cut. So is Judge. Namath, you stay. All of those people are cut. Phil, Schultz and Wolf and Silverman. Goldreyer, O'Brien, Dolye, Selman. I don't know what... I don't know what you're doin' here, 'cause you're all cut. Pietila, Clan..., Kuwahaha... There're so many cuts here look, I'll just post 'em up and you just see where your name is. Oooo, look at how many cuts there are there. Ohhh, boy, you're cut. All of you. He's cut, I cut you! You're cut too, Shooshie!",scully cut ehhh brooks groening simon cut castellaneta go kavner cut cartwright cut smith sorry cut azaria shearer cut firestone cut judge namath stay people cut phil schultz wolf silverman goldreyer dolye selman know know cut pietila clan kuwahaha cut look post oooo look cut ohhh boy cut cut cut cut shooshie
"Wellll, you could always move into my house, and tell your mom that Marge is your wife.",wellll house tell mom marge wife
"Oh, that Yodel was so good. I wish I was eatin' it right now.",oh yodel good wish eatin right
"Hey, Dad. I've come to spend some time with my favorite father.",hey dad come spend time favorite father
"Jasper. Gladys. Beatrice. Lookin' good, Hattie. Asa. Hazel. Hazel! Hazel!",jasper gladys beatrice lookin good hattie asa hazel hazel hazel
"Oh, the hell with her. Hester. Emil. Prudence. Lemuel. Increase. Dad.",oh hell hester emil prudence lemuel increase dad
Mmm. Who knew that Lay's made liquid potato chips? I can't suck just one.,mmm know lay liquid potato chip suck
And here I am using my own lungs like a sucker! And how come everyone gets a bedpan and I have to walk all the way over there?,lung like sucker come get bedpan walk way
"When I get old, Marge, I want you to promise you'll put me in a home. It's like being a baby, only you're old enough to appreciate it.",old marge want promise home like baby old appreciate
"Ohhh, right, right. The fake marriage thing. How's that goin'?",ohhh right right fake marriage thing
Put me down! Ganesh commands you! Oh-ho-ho-ho!,ganesh command oh ho ho ho
"Lousy cops. Lucky for you I'm double-parked or I'd... There. Now, can I please have my motorboat?",lousy cop lucky double park motorboat
"No one's calling it an angel, Lisa. If you'll look carefully, you'll notice I never once used the word ""angel"".",call angel lisa look carefully notice word angel
Pfft! Facts are meaningless. You can use facts to prove anything that's even remotely true. Facts shmacts.,pfft fact meaningless use fact prove remotely true fact shmact
"Okay, okay, don't panic. Marge, stop panicking. We need a replacement skeleton, and we need it now. Bart! Strip down to your skeleton!",okay okay panic marge stop panic need replacement skeleton need bart strip skeleton
"Oh, Marge, don't let go, no matter what. If they want you in heaven, they gotta take me, too.",oh marge let matter want heaven get to
"Allll right, I hear ya, honey. Change into something nice. We're steppin' out!",allll right hear ya honey change nice steppin
Seat belts?! Pfft! They kill more people than they save.,seat belt pfft kill people save
"Kids, your mother's under a lot of pressure. Why don't we let her clear the table in peace?",kid mother lot pressure let clear table peace
"Wow, honey, you sold a house and got rid of the Flanders. What's for dinner?",wow honey sell house get rid flanders dinner
"Oh, Marge, I don't wanna hear any more about that silver polish.",oh marge wanna hear silver polish
"I'm gonna kill you! / No, I'm killing him first! / Why you little... Bart, the next time you ever have... / You went too far...",go to kill kill little bart time go far
"Well, the boy told us. But that was after we filed a phony police report.",boy tell file phony police report
Head of the line! A family could get used to being shunned. Huh? Huh?,head line family shun huh huh
There's only one way out. We've gotta give this greedy town its money back.,way get to greedy town money
"Well, they put us on the ""Waiting to Exhale Waiting List."" But they said don't hold your breath.",wait exhale waiting list say hold breath
"Whoa. Whoa. Calm down, little lady--Take it easy--Take it easy. No.",whoa whoa calm little lady easy easy
"Something very close, exactly along those lines--A Clint Eastwood - Lee Marvin shoot 'em up western!",close exactly line clint eastwood lee marvin shoot western
"Ooh, why did they have to screw up a perfectly serviceable wagon story with all that fruity singing?",ooh screw perfectly serviceable wagon story fruity singing
"SEE? ALL THIS SINGING SCARED HIM AWAY / IF WE JUST TALKED LIKE NORMAL, HE'D PROBABLY STAY.",singing scared away talked like normal probably stay
"ALL RIGHT MARGE, YOU'VE CONVINCED ME, THERE ARE MORE TERRIBLE THINGS / THAN MUSICAL COMEDIES WHERE EVERYONE SINGS.",right marge convince terrible thing musical comedy sing
Ice-cream-man-Ice cream-man!,ice cream man ice cream man
"He's not just some ""guy,"" Marge. He's a carny, and part of a noble tradition. Carnies built this country. The carnival part of it, anyway. And though they may be rat-like in appearance, they are truly kings among men.",guy marge carny noble tradition carnie build country carnival rat like appearance truly king man
"Hey, that's not fair! I wanna be a carny, too! Can I, mister? Huh? Can I? Please?",hey fair wanna carny mister huh
"Did ya hear that, Bart? The Carny Code. Bart, did you hear that?",ya hear bart carny code bart hear
Oh-ho-ho-ho! Ow! My leg!,oh ho ho ho ow leg
"Look at 'em, Bart. If a carny can wind up homeless, it can happen to anyone.",look bart carny wind homeless happen
"Oh, it won't be long. Once their resume gets out, they'll have all kinds of offers. The older one can pull out his left eye.",oh will long resume get kind offer old pull left eye
"Listen to 'em, watching my television, sittin' on my couch... You better not be in my ass-groove!",listen watch television sittin couch well ass groove
"Who cares what it is? The point is these are some decent, generous people that I can take advantage of.",care point decent generous people advantage
"Marge, Marge, Marge. Remember when those smooth-talking guys tried to sell me a time-share vacation condo?",marge marge marge remember smooth talk guy try sell time share vacation condo
"NA NA NA NA NA NA NA NA FISH-ING / NA NA NA NA NA NA NA NA FISH-ING / FISH-ING, FISH-ING--",na na na na na na na na fish ing na na na na na na na na fish ing fish ing fish
"Wow, a free movie. Thanks! Outta my way, jerk ass.",wow free movie thank outta way jerk ass
Wait - I'm confused about the movie. So the cops knew that internal affairs was setting them up?,wait confused movie cop know internal affair set
"NA NA NA NA NA NA NA NA LEADER / NA NA NA NA NA NA NA NA LEADER / LEA-DER, LEA-DER, LEA-DER!",na na na na na na na na leader na na na na na na na na leader lea der lea der lea der
"All I had to give them was our life savings, the deed to the house, and a commitment of ten trillion years of labor.",life saving deed house commitment trillion year labor
"Marge, when I join an underground cult, I expect a little support from my family.",marge join underground cult expect little support family
"Yes, it would be nice if he'd buy American, but what are ya gonna do?",yes nice buy american ya go to
These lima beans are even better than the ones we had for breakfast and lunch. Oh! A lima bean that looks just like the Leader! I'll put it with the others.,lima bean well one breakfast lunch oh lima bean look like leader
"I'm glad I'm back! Because the moment that sweet, sweet beer hit my tongue, I was born again!",glad moment sweet sweet beer hit tongue bear
To think I turned to a cult for mindless happiness when I had beer all along.,think turn cult mindless happiness beer
"Water bill, third notice... jury duty, third notice... mortgage bill, ooh, second notice...",water bill notice jury duty notice mortgage bill ooh second notice
"No time to answer that, Marge. I'm setting up a home office for my new business enterprise.",time answer marge set home office new business enterprise
"Oh yeah, everybody's making money off the Internet except us. We've fallen behind. Way behind.",oh yeah everybody make money internet fall way
CompuGlobal HyperMegaNet. Junior Vice President Homer Simpson speaking. How may I direct your call?,compuglobal hypermeganet junior vice president homer simpson speak direct
"Woop, sorry son. I didn't know you, Jay Leno, and a monkey were bathing a clown.",woop sorry son know jay leno monkey bathe clown
"Take that, you greedy fat cats. Marge, gimme your purse.",greedy fat cat marge gimme purse
"From now on, I'm gonna be just like Krusty and tell it like it is. Marge, you're gettin' a little fat around the old thighs.",go to like krusty tell like marge gettin little fat old thigh
I hope he tells us to burn our pants. These things are drivin' me nuts!,hope tell burn pant thing drivin nut
To Marge. And all the blissful years I've spent hiding from her in this bar.,marge blissful year spend hide bar
"Oh, it's probably due to your ugliness. But that doesn't mean we can't find you a woman. Come on, we're goin' to the darkest bar in town.",oh probably ugliness mean find woman come dark bar town
"Okay, I won't lie to you. A lot of people saw that. But you gotta keep tryin'.",okay will lie lot people see get to tryin
"Aw, come on, Moe. Think of all you have to offer besides money.",aw come moe think offer money
"If you really need money, you could sell a kidney, or maybe even your car.",need money sell kidney maybe car
"You're a genius, Moe. All your troubles will soon be over for a couple months.",genius moe trouble soon couple month
"They're showing ""Hail to the Chimp!"" Oh, I have time to see one little movie!",show hail chimp oh time little movie
I gotta find another way to wreck Moe's car!,get to find way wreck moe car
"Oh. Oh. Oh. Oh! Great! Listen, I know it looks bad. But all I can tell you is I destroyed that car for all the right reasons.",oh oh oh oh great listen know look bad tell destroy car right reason
"That's my girl. You just go home, and don't worry your pretty blue head about it. Moe will take care of everything.",girl home worry pretty blue head moe care
"Aw, thanks, boy. I'll give you two packs for that candy bar.",aw thank boy pack candy bar
Must kill Moe. Wheeeeee! Must kill Moe. Wheeeeee!,kill moe wheeeeee kill moe wheeeeee
"Aw, Moe, Moe, Moe, dry those beady little eyes. Your buddy Homer'll get you back on your feet.",aw moe moe moe dry beady little eye buddy foot
"Well, why would I want to look at a pen with a... Oh no, her clothes are coming off! Heh, heh. Hey, you know who would love this? Men.",want look pen oh clothe come heh heh hey know love man
"Boy, seeing that stomach surgery made me hungry! Marge, we need five thousand CC's of snacks, stat!",boy see stomach surgery hungry marge need thousand cc snack stat
"Pff... ""Simpson gene!"" Somebody's got to set that girl straight. And I know how to do it.",pff simpson gene somebody get set girl straight know
"Marge, get me your address book, four beers, and my conversation hat.",marge address book beer conversation hat
"Oh well, thanks, honey. Remember, there's nothing that says you can't be a Simpson and a success.",oh thank honey remember say simpson success
"Yeah. Good things don't end with ""eum."" They end with ""mania""... Or ""teria."" Will there be beer?",yeah good thing end eum end mania teria beer
"Then me and my friend were about to press it, but the man said not to press it. But we pressed it anyway and we ran and we hid in the giant tire. Oh yeah, and my other friend was already there.",friend press man say press press run hide giant tire oh yeah friend
"""Do the message! Da, da, da, dada, dada, da, da. Da, da, da, dada, dada, da, da.""",message da da da dada dada da da da da da dada dada da da
"""Da, da, da, dada, dada, da, da. Da, da, da, dada, dada, da, da. Da, da, da, dada, dada, da, da."" ""After the beep.""",da da da dada dada da da da da da dada dada da da da da da dada dada da da beep
"You know Lisa, I've taken a lot from this country. Maybe it's time I gave something back.",know lisa take lot country maybe time give
"Gee, thanks guys. This is just like ""The Deer Hunter.""",gee thank guy like deer hunter
"You know Marge, joining the reserves was the best thing I ever did. I feel good about myself, I'm helping my country, and later, I'm gonna get Gilligan's autograph.",know marge join reserve good thing feel good help country later go to gilligan autograph
Nu-cue-lar. It's pronounced NU-cue-lar.,nu cue lar pronounce nu cue lar
Es mi dia primero. Wuo gang kai shuchun gong chuo Quack quack quack.,es mi dia primero wuo gang kai shuchun gong chuo quack quack quack
Will you look at those morons? I paid my taxes over a year ago.,look moron pay taxis year ago
"Marge, how many kids do we have? Oh, no time to count, I'll just estimate. Uh, nine.",marge kid oh time count estimate uh
"Shutup! Shutup! If I don't hear you, it's not illegal. Okay, I need some deductions! Deductions! Ah! Business gifts!",shutup shutup hear illegal okay need deduction deduction ah business gift
"No sir, please. I can't go to prison. They pee in a cup and throw it on ya. I saw it in a movie!",sir prison pee cup throw ya see movie
"Okay, but could you pay me under the table? I got a little tax problem.",okay pay table get little tax problem
"Hey, I see you're watchin' the ball game. Looks like a good one. Any of you involved in any illegal activity? Cause I could sure go for some.",hey watchin ball game look like good involve illegal activity cause sure
Ooh! A trillion-dollar bill? 'Atsa spicy meatball!,ooh trillion dollar bill atsa spicy meatball
"But Mr. Burns gave me my job. And he hasn't fired me, even after three meltdowns and one China Syndrome. I can't betray him.",burns give job fire meltdown china syndrome betray
"Well, Mr. Burns, you always come off as kind of a gruff, crotchety loner, but we both know that deep down inside...",burns come kind gruff crotchety loner know deep inside
"Ohh, we're never gonna make it. Let's just divide up the trillion now, and go our separate ways.",ohh go to let divide trillion separate way
"Relax. It's only Mojo. Mojo, Marge. Marge, Mojo. He can do anything you show him. Watch.",relax mojo mojo marge marge mojo watch
"Ow-ow, stupid-trash, rotten-stinky, hate-world, revenge-soon, take out on everyone... Garbage water! Oh-ho-ho!",ow ow stupid trash rotten stinky hate world revenge soon garbage water oh ho ho
"Good news, everyone. I got in a fight with the garbage men and they're cutting off our service.",good news get fight garbage man cut service
"This is a very, very proud day for us, especially me. Your father, me, beat City Hall. It's just like David and Goliath, only this time David won.",proud day especially father beat city hall like david goliath time david win
"And to think you wanted me to crawl, Marge! Well, this man doesn't crawl. He stands tall. That rhymes, Marge, and you know it rhymes. Admit it!",think want crawl marge man crawl stand tall rhyme marge know rhyme admit
"But this isn't like a loan application or a will -- you signed away my dignity. And I'm going to get it back. Lisa, do I have my pants on?",like loan application sign away dignity go lisa pant
I want to register to run for Sanitation Commissioner. And tell the fatcats upstairs -- things are gonna change in this town!,want register run sanitation commissioner tell fatcat upstairs thing go to change town
"Why you little... No one's gonna beat ya, son. You're gonna get such a beating.",little go to beat ya son go to beating
"Hey, vote Simpson... Hi... Nice to see ya... Heh, thanks for comin' out... Keep puttin' on weight, huh? Lenny, my man.",hey vote simpson hi nice ya heh thank comin puttin weight huh lenny man
"Quiet, you! I know you youngsters wanna see these rockin' rockers. But I also know you care about the race for Sanitation Commissioner. So, let me give ya the 911...",quiet know youngster wanna rockin rocker know care race sanitation commissioner let ya
"That's a good question, Bono. 'Cause I'd be the most wack, tripped-out Sanitation Commissioner ever! Can ya dig it?",good question bono wack trip sanitation commissioner ya dig
Fellow citizens! How would you rate the trash service in this town?,fellow citizen rate trash service town
"Uh, okay, it's excellent. But aren't you tired of waking up early and dragging the garbage to the curb?",uh okay excellent tired wake early drag garbage curb
"Well, Ray Patterson thinks you should do it! Animals are crapping in our houses, and we're picking it up. Did we lose a war? That's not America. That's not even Mexico.",ray patterson think animal crap house pick lose war america mexico
"Not if we hire more men. And my men will do all your messy jobs. They'll wash your car, scrub your shower, air out your stinkables...",hire man man messy job wash car scrub shower air stinkable
"Yes, I gotta work hard, honey. Daddy made a lot of crazy promises.",yes get to work hard honey daddy lot crazy promise
"Oh, the garbage man can, Marge. The garbage man can.",oh garbage man marge garbage man
"They let me sign checks with a stamp, Marge. A stamp!",let sign check stamp marge stamp
"Okay, before I show ya, who wants to guess how I got the money?",okay ya want guess get money
"Look at that beautiful garbage! Other cities don't want it, so they pay me to dump it in this old abandoned mine.",look beautiful garbage city want pay dump old abandon
Marge... ix-nay on the ash-hole-tray.,marge ix nay ash hole tray
"Yeah, but whaddaya gonna do? If you need me, I'll be at Moe's.",yeah whaddaya go to need moe
"If God didn't want us to eat in church, he would have made gluttony a sin.",god want eat church gluttony sin
"Sorry, son, Daddy's down for the day. Why don't you go capture me some more potato salad?",sorry son daddy day capture potato salad
"Yeah, well, I've humiliated my son for the last time. I'm going to get into shape.",yeah humiliate son time go shape
"Hey, these Power Sauce bars look pretty healthy.",hey power sauce bar look pretty healthy
"Hmm... A bushel of apples packed in each bar, plus a secret ingredient that unleashes the awesome power of apples. Wow.",hmm bushel apple pack bar plus secret ingredient unleash awesome power apple wow
"Ow! Ow! Ow! Boy, am I feeling this. Ow! Oh, my head's gonna be sore in the morning. Ow!",ow ow ow boy feel ow oh head go to sore morning ow
"You too, Marge. If you toned up a little, you'd probably get a lot more action.",marge tone little probably lot action
"Sorry, I only eat food in bar form. When you concentrate food, you unleash its awesome power, I'm told. That's why I'm compressing five pounds of spaghetti into one handy mouth-sized bar.",sorry eat food bar form concentrate food unleash awesome power tell compress pound spaghetti handy mouth sized bar
"Yeah, he helped me blast through the burn and ride the zone.",yeah help blast burn ride zone
"That's right, Brad and Neil. I only eat Power Sauce -- the bar with Apple-saucicity.",right brad neil eat power sauce bar apple saucicity
"Homer Simpson here. I've sent the Sherpas home and I'm heading for the top, solo.",homer simpson send sherpas home head solo
The hell I won't. You're forgetting I've got my Power Sauce bars.,hell will forget get power sauce bar
La la la la la la la la...,la la la la la la la la
La la la la la la la la la...,la la la la la la la la la
"""Last entry. I have mountaineered to the utmost, but the peak is unclimbable. Worse still, that treacherous skunk Abe Simpson stole my oxygen, and tried to eat my left arm.""",entry mountaineer utmost peak unclimbable worse treacherous skunk abe simpson steal oxygen try eat left arm
"Ew, Dad. ""Tell my beloved wife my last thoughts were of her, blinding and torturing Abe Simpson. Cheerio.""",ew dad tell beloved wife thought blind torture abe simpson cheerio
"Hmm. So you want to take the bus, huh? I don't know. That's a pretty big decision...",hmm want bus huh know pretty big decision
"Frankly, I do. I know you had your heart set on a limo, but sometimes daddies have to say no, honey. I'm afraid you're gonna have to take the bus.",frankly know heart set limo daddy honey afraid go to bus
"My daughter's at that Egyptian dealy right now. She wanted to take a limo, but I made her take the bus.",daughter egyptian dealy right want limo bus
"MMMaybe... but you don't know Lisa. I mean she's so smart, they hooked her up to a big computer to try to teach it some things, but she had so much knowledge it overloaded and then it got really hot and caught on fire.",mmmaybe know lisa mean smart hook big computer try teach thing knowledge overload get hot catch fire
"Feel your heart pumping a mile a minute? That's what my heart's doing all the time. Bet your left arm's tingling too, huh?",feel heart pump mile minute heart time bet left arm tingle huh
Could you open the window? The cops have Daddy's prints on file.,open window cop daddy print file
"Anytime, honey. Just remember, never be afraid to live life on the edge. Now let's get home before your mother kills us.",anytime honey remember afraid live life edge let home mother kill
"But Marge, the Gilded Truffle is an intimate, elegant place.",marge gilded truffle intimate elegant place
"Hey Marge, wouldn't it be weird if they had little parties at night? Wee little parties?",hey marge weird little party night wee little party
"Another super year with a super lady. Good night, honey.",super year super lady good night honey
Ow! Ow! Ow! Ow! Ow! Ow!,ow ow ow ow ow ow
"Sorry, guys. Marge and I are spending the weekend at a bed and breakfast.",sorry guy marge spend weekend bed breakfast
"There's the dirty girl I married. Come on, I have a disgusting idea.",dirty girl marry come disgusting idea
Gil! Thank God it's you. You gotta help us.,gil thank god get to help
"Marge, uh, can we not land here?... Honey?... Baby doll...?",marge uh land honey baby doll
"Marge, if you don't mind, I'm a little busy right now achieving financial independence.",marge mind little busy right achieve financial independence
"Li-sa, I can't imagine anyone being more likable than you. But apparently this new girl is. So my advice would be to start copying her in every way.",li sa imagine likable apparently new girl advice start copy way
"If she didn't want her car ruined, she should've done a better job hiding her keys.",want car ruin well job hide key
"Bart, please. The groundskeeper and I are trying to settle this like adults.",bart groundskeeper try settle like adult
"No, I don't deserve sugar. I'm halfway to my grave, and I haven't accomplished anything. Oh, I am not looking forward to my funeral.",deserve sugar halfway grave accomplish oh look forward funeral
"Marge, no matter what happens in the future, promise me you won't vote for Lenny.",marge matter happen future promise will vote lenny
"I've wasted half my life, Marge. Do you know how many memories I have? Three! Standing in line for a movie, having a key made, and sitting here talking to you. Thirty-eight years and that's all I have to show for it.",waste half life marge know memory stand line movie have key sit talk thirty year
"Stupid movies. Who invented these dumb things anyway? Was it you, Bart?",stupid movie invent dumb thing bart
"No one man can do all that. You're a liar, honey. A dirty, rotten liar.",man liar honey dirty rotten liar
"Ohh, that's where you're wrong, Marge. He was a shameless self-promoter.",ohh wrong marge shameless self promoter
"Marge, that's it! That's why I haven't done anything with my life! I need to be more like Thomas Edison!",marge life need like thomas edison
"What? Eh. Eh. Let me handle the creative end of this, Marge. You don't understand how the creative mind works like I do.",eh eh let handle creative end marge understand creative mind work like
"But it does break easily. Now this next one's for the ladies. How many times have you gals been late for a high-powered business meeting, only to realize you're not wearing makeup?",break easily lady time gal late high power business meeting realize wear makeup
"That's why I invented this revolutionary makeup gun. It's for the woman who only has four-fifths of a second to get ready. Close your eyes, Marge.",invent revolutionary makeup gun woman fifth second ready close eye marge
"Oh, that. I stuck a couple of extra legs on there 'cause I kept tipping over when I was trying to invent stuff.",oh stick couple extra leg keep tip try invent stuff
No! We both lived in another man's shadow. This old-timey nerd and I have suffered the same frustration and heartache.,live man shadow old timey nerd suffer frustration heartache
"Yeah, quit stalling, Marge. We want our reward.",yeah quit stalling marge want reward
"Man, it feels good to get out of that car. Ooo, go-carts! C'mon everybody, let's go.",man feel good car ooo cart everybody let
"Woo hoo! Marge, they found a donor! I'm saved!",woo hoo marge find donor save
Mama took those batteries / She took 'em away / Mama took those batteries / Size double A...,mama take battery take away mama take battery size double
"Huh? Oh, okay... Let's see... ""pause,"" ""three,"" no ""fa-fa""...",huh oh okay let pause fa fa
"Look, Marge! Maggie lost her baby legs!",look marge maggie lose baby leg
I promise you kids lots of things. That's what makes me such a good father.,promise kid lot thing make good father
"""Magilla Gorilla, gorilla for sale..."" Hey, you shouldn'ta oughta taken my banana, Mr. Peebles.",magilla gorilla gorilla sale hey oughta take banana peebles
"Mmmm. Ugh, pesticides! Carbomate, if I'm not mistaken. Yep, Carbomate.",mmmm ugh pesticide carbomate mistaken yep carbomate
"Faster, Marge! Faster! The snapping turtles are massing!",fast marge fast snap turtle mass
"Heads up. Comin' through. Look out! Hey, volley ball. Can I play later? Hi, Apu.",head comin look hey volley ball play later hi apu
"I'm soaring! Soaring majestically like a candy wrapper caught in an updraft! Higher, Marge! Higher!",soar soar majestically like candy wrapper catch updraft high marge high
"A gallon of wheat grass juice, a five pound wad of tofu, some jellied zinc, and a couple-a pairs of $600 sunglasses.",gallon wheat grass juice pound wad tofu jellied zinc couple pair sunglass
You shouldn't have to survive on dry crumbly muffins from... the Gersh Agency. You should let me do your shopping. I know where I can get you some great muffins.,survive dry crumbly muffin gersh agency let shopping know great muffin
"Okay, fine. But I could do all kinds of stuff for you. I noticed that skylight in your bedroom's broken.",okay fine kind stuff notice skylight bedroom break
"Please, Homer. C'mon, if you let me hang around a while, I can do all kinds of stuff for ya.",homer let hang kind stuff ya
"Apu, I'm about to purchase some weird and fruity items, and I don't want any guff. First of all, I'll need the following mushrooms: portobello --",apu purchase weird fruity item want guff need following mushroom portobello
"And lift, and strain, and hy-per-extend, keep those knees rigid, jerk that lower back...",lift strain hy extend knee rigid jerk lower
"The important thing is, it's got the perfect part for you. Either one of you. It's about a killer robot driving instructor who travels back in time for some reason. Ron Howard's attached to direct.",important thing get perfect killer robot drive instructor travel time reason ron howard attach direct
"All right, I'm gonna let you guys in on something. But you've got to keep it much more secret than I did.",right go to let guy get secret
"All right, I'll go. But the next time you want someone to remind you which brother is which, or smell your hair while you're sleeping, just remember, old Homer won't be here anymore.",right time want remind brother smell hair sleep remember old homer will anymore
"When Kim makes a Manwhich, she uses foccacia bread. And would it kill you to put some fennel in it?",kim make manwhich use foccacia bread kill fennel
Our dog isn't famous. And you kids aren't exactly John and Joan Cusack. And you. You couldn't open a movie if your life depended on it. I'm about ready to ankle this family.,dog famous kid exactly john joan cusack open movie life depend ready ankle family
"Hmmm... She may not be famous, but she's right. Those big shot stars used me up and spit me out. I did their laundry, got their pictures developed, took their garbage to the dump... And I've still got a car full of their crap. Crap, eh...?",hmmm famous right big shot star spit laundry get picture develop take garbage dump get car crap crap eh
"That's right, Mister Tough Guy can't handle a little penicillin. Oh, and look at this. We can't even pay our bills and they're drinking Royal Crown Cola.",right mister tough guy handle little penicillin oh look pay bill drink royal crown cola
"Ooh, look at me! I'm Kim Basinger, the big movie star! I'm so beautiful! I think I'm so great! I'm too important to take Homer to the Oscars.",ooh look kim basinger big movie star beautiful think great important homer oscars
Gotta-go-thank-you-for-supporting-the-Museum-of-Hollywood-Jerks.,gotta thank support museum hollywood jerks
"I believe that famous people have a debt to everyone. If celebrities didn't want people pawing through their garbage and saying they're gay, they shouldn't have tried to express themselves creatively.",believe famous people debt celebrity want people paw garbage say gay try express creatively
"Well, I'll always have my crank calls. Hello, old lady from ""Titanic""? You stink!",crank call hello old lady titanic stink
"Well, that settles it. For all those reasons and more, let us choose an electrifying career in... Line.",settle reason let choose electrifying career line
"I didn't choose to be a gifted actor, Marge. It chose me. I'm merely a vessel through which genius flows. Now help me make up some phony credits.",choose gifted actor marge choose merely vessel genius flow help phony credit
"Yeah, but they were all part of a single ball of lies. The point is, I'm a grown man, and I deserve a middle name.",yeah single ball lie point grown man deserve middle
"Wow, look at this place. There's a pond for skinny dippin', a tire for skinny swingin'... I can actually feel the good vibrations.",wow look place pond skinny dippin tire skinny swingin actually feel good vibration
"Oh, my God! My middle name is right behind that shrub. I'll finally know what ""J"" stands for! From this moment forth, I will be known as Homer...Jay Simpson. It's so beautiful. What a magical gift for my mother to leave me.",oh god middle right shrub finally know j stand moment forth know homer jay simpson beautiful magical gift mother leave
Bummer... love-in... Dean Rusk... By George I've got it!,bummer love dean rusk george get
"Your potato? You can't like own a potato, man. It's one of Mother Earth's creatures.",potato like potato man mother earth creature
"That was cool. Think I'll stick around. We've got everything we need right here. Good times, sunshine, free love...",cool think stick get need right good time sunshine free love
Ohh... we're never gonna freak anybody out with this music. I brought something from my personal stash that'll blow some minds.,ohh go to freak anybody music bring personal stash blow mind
"Sleep gentle hippies, sleep. Let old Homer Jay set things right.",sleep gentle hippie sleep let old homer jay set thing right
"Cherry Garcia... Honey Bono... Desmond Tutti Fruitti... Lisa, help Daddy find some normal flavors.",cherry garcia honey bono desmond tutti fruitti lisa help daddy find normal flavor
"Hmmm, eight dollars a pound... times say, oh, five pounds... is, ummm... let's see, how many pounds in a gallon? Oh, I can't afford that.",hmmm dollar pound time oh pound ummm let pound gallon oh afford
"I tell ya, I'm a financial genius. I buy an eight-dollar lobster, fatten it into an eighty-dollar lobster, and eat the profits.",tell ya financial genius buy dollar lobster fatten eighty dollar lobster eat profit
"Aren't you proud of your big sister, Mr. Pinchy? Hmm? Hmm?",proud big sister pinchy hmm hmm
"Sorry, Marge. Pinchy got all dirty in the yard chasing birds. But don't worry. I put him in a nice hot bath.",sorry marge pinchy get dirty yard chasing bird worry nice hot bath
"Uh-huh. Pinchy would have wanted it this way. My dear, sweet Pinchy. No more pain where you are now, boy.",uh huh pinchy want way dear sweet pinchy pain boy
"Oh God, that's tasty. I wish Pinchy were here to enjoy this. Ohhh, Pinchy!",oh god tasty wish pinchy enjoy ohhh pinchy
"Come on, come on, come on. Start, damn you. Start!",come come come start damn start
"Oh, we've gotta get home. I don't wanna miss, ""Inside the Actor's Studio."" Tonight it's F. Murray Abraham.",oh get to home wanna miss inside actor studio tonight murray abraham
You just sit back and relax. I'm not gonna let anything happen to my old dad.,sit relax go to let happen old dad
"Yep, that's what happens when you get older. It's one of those natural things. Beautiful in its way.",yep happen old natural thing beautiful way
"Excuse me, doctor. I think I know a little something about medicine...",excuse doctor think know little medicine
"Pork chops, sloppy joes, hot dogs, and pork chops?",pork chop sloppy joe hot dog pork chop
"But I don't want them cutting up my soft, supple body. Why didn't somebody tell me what I was volunteering for? This is everybody's fault but mine.",want cut soft supple body somebody tell volunteer everybody fault
I owe Dad so much. Those bedtime stories began my lifelong love affair with the printed word.,owe dad bedtime story begin lifelong love affair print word
"Uh, excuse me, I'm fleeing in shame and I'd like to look my best.",uh excuse flee shame like look good
"Oh, I'd like to apply for a job. Any job. If you don't have a captain, I could be that.",oh like apply job job captain
"Well, back on land, my name was Homer Simpson. And I guess it is here, too. I promised my Dad one of my kidneys, but I chickened out at the last minute and left him on his deathbed.",land homer simpson guess promise dad kidney chickene minute leave deathbed
"Oh, I wish I had that kind of relationship with my father... or my kids. Well, I guess it's up to me to take the first step.",oh wish kind relationship father kid guess step
"All right, this is it. No more living in shame. I'm going to show my family the kind of man I really am.",right live shame go family kind man
"I'm sorry, Dad. The way I behaved was shameful. I guess fear made me run away. But love made me come back.",sorry dad way behave shameful guess fear run away love come
"I'm sorry I ran off again. Oh, I guess Dad must be dead by now. When I get better, and after I've built those shelves for the kitchen, we'll visit his grave...",sorry run oh guess dad dead well build shelf kitchen visit grave
You stupid nerds! He's trying to save you money on long distance!,stupid nerd try save money long distance
A-- Wait a second. I'm not saving you unless you promise to get that rats' milk out of the schools.,wait second save promise rat milk school
"It's my duty, Marge. Besides, those mobsters don't scare me. Bart, would you go start Daddy's car?",duty marge mobster scare bart start daddy car
"Yesss! Nobody messes with the mayor when Homer Simpson's on -- Aw, crap.",yesss mess mayor homer simpson aw crap
Hey! How did Churchy La Femme get half price?,hey churchy la femme half price
"Geez, Flanders. You're 60 years old, and you haven't lived a day in your life.",geez flanders year old live day life
"Well, well, well. So flawless Flanders needs help from stinky-pants Simpson.",flawless flanders need help stinky pant simpson
"Welly, welly, welly... Mr. Clean wants to hang with Dirty Dingus Magee.",welly welly welly clean want hang dirty dingus magee
"One day soon I will come for you, and then the game will begin. Could be in the middle of the night. It could be when you least expect it. Or whatever's good for you. I don't care.",day soon come game begin middle night expect good care
"""Nobody's goin' to take my Ned / I'll teach him to have fu-un / Ooh, he's a Flanders machine...""",ned teach fu un ooh flanders machine
"Let's see... what's Marge's birthday? Barney is July fifteenth, same as Lassie's, so Marge's must be... fifty... oh, forget it. Flanders, what's your birthday?",let marge birthday barney july fifteenth lassie marge oh forget flanders birthday
"Way to go, Flanders. The Bible's finally pulling its weight. Got any more holy numbers?",way flanders bible finally pull weight get holy number
"Oh, that. That can be treated with our good friend alcohol. You might want to write that down. Where the hell's your notebook?",oh treat good friend alcohol want write hell notebook
"Okay... okay... okay... okay... okay... okay... okay. Okay, you're saying that Ned and me married you two?",okay okay okay okay okay okay okay okay say ned marry
"Wait a minute. This could be some kind of scam -- or possibly, scam-ola. We would remember if we got married.",wait minute kind scam possibly scam ola remember get marry
"Ladies, we want to do the honorable thing. So breakfast is on us, with full waffle-bar privileges. But first, I'm afraid we have some bad news. The waffle bar is closed. I'm sorry. I'm so very--",lady want honorable thing breakfast waffle bar privilege afraid bad news waffle bar closed sorry
"Chop, chop, dig, dig. Chop, chop, dig, dig. Chop, chop, dig, dig...",chop chop dig dig chop chop dig dig chop chop dig dig
"Ow, that sting hurt so much. We gotta get outta this, Ned.",ow sting hurt get to outta ned
"All right, let's get our stories straight for Marge and Maude. We were out buying them fabulous gifts...",right let story straight marge maude buy fabulous gift
"Because, I loved them once and they broke my heart. Let that be a lesson to you, sweetie: never love anything.",love break heart let lesson sweetie love
"Oh, my God! Look what those rotten kids did to my car!",oh god look rotten kid car
"Well, if kids are so innocent, why is everything bad named after them? Acting childish. Kidnapping. Child abuse...",kid innocent bad name act childish kidnapping child abuse
"Speak for yourself! Bart, get down here! I'm gonna spank you back to the Stone Age!",speak bart go to spank stone age
"C'mon, Lenny. I just need four more guys to fill my Super Bowl bus. Whaddaya say?",lenny need guy fill super bowl bus whaddaya
"Yes! Now that Lenny's in, Carl will fall like a domino.",yes lenny carl fall like domino
"Scalping tickets to the Super Bowl. Have you no shame, sir? I should give you a royal caning.",scalping ticket super bowl shame sir royal caning
"Aw, get lost, ya bloodsucking parasite. Wally and I have all the tickets we need.",aw lose ya bloodsucke parasite wally ticket need
"Excuse me, Uh, Mr. Scalper, sir. Have I told you that I love you?",excuse uh scalper sir tell love
"Okay, Moe. I believe you had me by the throat. Reverend Lovejoy was working the body...",okay moe believe throat reverend lovejoy work body
"Hit the road, Gramps. This is a private sky box.",hit road gramps private sky box
"Ow! Oh! All right, Lovejoy! You're gonna get it.",ow oh right lovejoy go to
"Oh, I can't wait. Look, Marge, I had a scorecard printed up at that all-night scorecard place.",oh wait look marge scorecard print night scorecard place
"There's ""The Laughter Family."" That's animated. Networks like animation 'cause they don't have to pay the actors squat.",laughter family animate network like animation pay actor squat
"Gee... I never thought I'd say this about a TV show, but this is kinda stupid. Hey, ""PoliceCops."" That sounds like a lethal combination.",gee think tv kinda stupid hey policecops sound like lethal combination
Wow. They've captured my personality perfectly. Did you see the way Daddy caught that bullet?,wow capture personality perfectly way daddy catch bullet
"Y'ello... yes, this is the original Homer Simpson. Who's this?... The Debbie Pinson who was the homecoming queen at high school?... Yes, I'm still available.",yes original homer simpson debbie pinson homecoming queen high school yes available
"Marge, that was Debbie Pinson. DEB-BIE PIN-SON.",marge debbie pinson deb bie pin son
Local Man Has Same Name. A TV character has the same name as Springfield resident Homer Simpson.,local man tv character springfield resident homer simpson
"Hey, what's going on? That guy's not Homer Simpson. He's fat and stupid.",hey go guy homer simpson fat stupid
Who-o-oa! Who-o-oa! Who-o-oa!,o oa o oa o oa
I can't understand what happened. Why did they change Homer Simpson's character from cool to stupid?,understand happen change homer simpson character cool stupid
"Well, I'm sorry to disappoint you gentlemen, but you seem to have me confused with a character in a fictional show. Now if you'll excuse me, my fondue is just about...",sorry disappoint gentleman confuse character fictional excuse fondue
"People are laughing at me, Marge. Let's get outta here. Forget the baby's medicine.",people laugh marge let outta forget baby medicine
"The whole town's laughin' at me. Even that cat out there. Bart, kill that cat!",town laughin cat bart kill cat
"Uh, so, I just want to know how come you made your Homer Simpson character so...",uh want know come homer simpson character
"Your honor, I'd like to sue the producers of ""PoliceCops"" for twenty million dollars for improper use of my name.",honor like sue producer policecops million dollar improper use
"That's the way Max Power is, Marge. Decisive, uncompromising, and rude.",way max power marge decisive uncompromising rude
Nobody snuggles with Max Power. You strap yourself in and feel the G's.,snuggle max power strap feel g
So I want the monogram to read M-A-X P-O-W-,want monogram read m x p o
"Marge, this is Thai food. From now on, I want it morning, noon and night.",marge thai food want morning noon night
Uh-oh. Here comes Lorne Michaels. Pretend you don't see him.,uh oh come lorne michaels pretend
"""You're A-peeling. Let's Never Split."" That's funny 'cause they're monkeys. So long, rejects.",peeling let split funny monkey long reject
"Oh, she's not gonna leave you right before Valentine's Day. That'd be like going to an air show and leaving before the plane crash.",oh go to leave right valentine day like go air leave plane crash
"Goood dog! Good doggie! ""Tax Hike Approved""? Bad dog. Bad, bad dog.",goood dog good doggie tax hike approve bad dog bad bad dog
Everybody's marriage is falling apart except ours. See the problem's communication. Too much communication.,everybody marriage fall apart problem communication communication
"But Marge, it's worth it. Look, the Taco Bell dog. Yo quiero Ta... Hey, where'd it go? Here boy!",marge worth look taco bell dog yo quiero ta hey boy
Mr. John. I'm your biggest fan. I've tape recorded all your songs off the radio.,john big fan tape record song radio
"We're putting an end to your insane Valentine's rampage. Never again will good, lazy men have to... What the--?",put end insane valentine rampage good lazy man
"Wow. Did you see that thing, Marge? So powerful. So commanding. So forceful and raw. It didn't ask, it just took.",wow thing marge powerful command forceful raw ask take
"A three-chambered peanut! Marge, look what I did! Come quick! Hurry! Marge?",chambered peanut marge look come quick hurry marge
"Aw, please come in. Maggie smells bad. And the cat wants something, but I don't know what.",aw come maggie smell bad cat want know
I've seen plays that were more exciting than this. Honest to God. Plays.,see play exciting honest god play
I don't wanna pay four bucks to watch some monkey wannabe lay in the sun.,wanna pay buck watch monkey wannabe lie sun
"Don't worry, honey. Daddy will fix that broken animal.",worry honey daddy fix broken animal
I'm not gonna hurt him. I'm just gonna wake him up.,go to hurt go to wake
"Don't worry, kids. I know just what to do. Jumanji! Does anything from the movies actually work?",worry kid know jumanji movie actually work
"Oh, I'm gonna die! Jesus, Allah, Buddha, I love you all!",oh go to die jesus allah buddha love
"I'd like to read the following statement, but I do so under my own free will. It has come to my attention that NBC sucks. I apologize for misleading you and urge you to watch as many FOX shows as possible. So in summary, NBC bad, FOX good. CBS great.",like read follow statement free come attention nbc suck apologize mislead urge watch fox show possible summary nbc bad fox good cbs great
I've got to warn everybody about Hitler! And get to the ice cream store!,get warn everybody hitler ice cream store
"We did a Lisa thing last month. And I'm glad we did, but now I think we should do something normal people would like.",lisa thing month glad think normal people like
"Oh, no! Ho, ho. I'm not falling for that again. If it doesn't have Siamese twins in a jar, it's not a fair.",oh ho ho fall siamese twin jar fair
"This is all your fault for trading away your turn. Just for that, no dessert tonight!",fault trade away turn dessert tonight
"Ya gotta admit, Marge, that's a lot more roaming.",ya get to admit marge lot roaming
"Oh, honey, you missed a great race. Bart was winning, but then he said ""this is stupid"" and he stopped, and I won!",oh honey miss great race bart win say stupid stop win
"I'm sorry, Lisa. Oh, it's not your fault. I know we love each other, Dad, but we're two very different people. And, much as I hate to say it, as time goes on, we'll probably just drift further and further apart.",sorry lisa oh fault know love dad different people hate time go probably drift apart
"Oh Lisa, honey, I won't ever let that happen.",oh lisa honey will let happen
"Nah, you must be thinking of your mother. I'm always exploring alternatives and expanding my horizons into realms of... Can't we just go in?",nah think mother explore alternative expand horizon realm
Absolutely not. My little girl's tummy hurts. Do you have anything to stop her complaining?,absolutely little girl tummy hurt stop complain
"Let's try some oil of Lorenzo. And, uh, what's keeping Joan Rivers alive?",let try oil lorenzo uh keep joan rivers alive
OOH EEE OOH AH AH / TING TANG WALLA WALLA BING BANG / OOH EEE OOH AH AH / WALLA BING BANG TING TING TOOO!,ooh eee ooh ah ah ting tang walla walla bing bang ooh eee ooh ah ah walla bing bang ting ting tooo
Wait. There's a place like that in Springfield?! Then why are we eating this crap?,wait place like springfield eat crap
"Wait a minute. Is this the biggest steak you've got? 72 ounces? I thought this was supposed to be a steakhouse, not a little... girly... underpantsy... pink doily... tea party place.",wait minute big steak get ounce think suppose steakhouse little girly underpantsy pink doily tea party place
"Oh, you're just jealous 'cause you don't have the belly for it anymore. Mr. No-Belly... Mr... Hasn't-Got-A-Belly...",oh jealous belly anymore belly mr got belly
So much steak... lungs filling... sinuses packed with meat...,steak lung fill sinus pack meat
Why you gotta... Come on! Ah! Now I'm gettin' the hang of this thing. I don't know why I didn't become a trucker before.,get to come ah gettin hang thing know trucker
"Oh, yeah? My left arm says different.",oh yeah left arm say different
Piece o' cake. Just need a little truck-driving music.,piece o cake need little truck drive music
"Great. I'll write your mother and tell her the marriage is off. And then when the paperwork is done, I'll make Gwenn my wife.",great write mother tell marriage paperwork gwenn wife
You'll never believe what happened. I fell asleep at the wheel and the truck drove here by itself.,believe happen fall asleep wheel truck drive
"Hey, Bart, watch me run down this old lady.",hey bart watch run old lady
"The second I let go of the wheel, this little wonder kicks in.",second let wheel little wonder kick
"And if scaring old ladies don't float your boat, watch this!",scare old lady float boat watch
"Relax, everybody! The Navitron Auto-Drive System is driving the truck for me! But keep it a secret! It's a big scam! Okay?",relax everybody navitron auto drive system drive truck secret big scam okay
"Red. The trucker. Big fat guy, couldn't handle his steak?",red trucker big fat guy handle steak
"'Course not. There's no pain in the Garden of Eden. Hey, you must be Eve.",course pain garden eden hey eve
"No problem, Lord. And it would be even easier to avoid that temptation if I had a few extra wives.",problem lord easy avoid temptation extra wife
You're pretty uptight for a naked chick. You know what would loosen you up? A little fruit.,pretty uptight naked chick know loosen little fruit
Usually a mink massage makes me feel better. But something's missing now.,usually mink massage make feel well miss
"Ohhh, my dear, sweet Eve. I love you even more than the butterscotch pond or the porno bush.",ohhh dear sweet eve love butterscotch pond porno bush
"Hey, now let's not do anything rash... God is love, right?",hey let rash god love right
"Hey, look! Oh, they're out of hot dogs! And the cole slaw has pineapple in it! German potato salad!",hey look oh hot dog cole slaw pineapple german potato salad
You put da beer in da coconut and drink it all up / You put da beer in da coconut and throw da can away...,da beer da coconut drink da beer da coconut throw da away
"But, Marge, I'm not like other men. That's why you buy my pants at that special store.",marge like man buy pant special store
"Fine. I'll drop everything I'm doing just for you. But you'll have to live with the guilt of ruining my Saturday. Can you live with that, Marge? Huh? Can ya?",fine drop live guilt ruin saturday live marge huh ya
"Look Pop, I'm planning some expert home repairs, and I need a pair of bolt cutters, or wire cutters, or something to get the lock off my toolbox.",look pop plan expert home repair need pair bolt cutter wire cutter lock toolbox
"How 'bout it, Bart? Would you like a new backyard barbecue pit?",bart like new backyard barbecue pit
"Well, if you'll follow the flashlight, you'll see the receipt embedded here and here... and elements of the box here, here, and possibly here.",follow flashlight receipt embed element box possibly
"Well, of course. Any kid would love to have this, uh... activity center. It teaches them while they learn.",course kid love uh activity center teach learn
"Uh... All right! Just go ahead and sue me. Everybody else does! The average settlement is $68,000.",uh right ahead sue everybody average settlement
"Lisa, all great artists love free food. Check out Jasper Johns.",lisa great artist love free food check jasper johns
"Woo hoo! Look, Marge, my first sale! In your face, Jasper Johns!",woo hoo look marge sale face jasper johns
"So I'm giving you kids permission to get me mad. C'mon, gimme what you got.",give kid permission mad gimme get
"Moe, this is Astrid, my ""dealer."" And these are my fans, Gunter, Kyoto, and Cecil Hampstead-on-Cecil-Cecil.",moe astrid dealer fan gunter kyoto cecil hampstead cecil cecil
"Wow. It's like Marge's dream come true... for me! Isn't that great, Marge?! For me!",wow like marge dream come true great marge
"Look Marge, they're advertising my show in ""Art in America."" It's the first time I've been mentioned there, that I know of.",look marge advertise art america time mention know
"Marge, I've screwed up everything I've ever done. I mean, look at Bart. But I finally found something where people worship me for screwing up. And that feels pretty good.",marge screw mean look bart finally find people worship screw feel pretty good
"I give you ""Botched Hibachi."" The tricycle is on loan from the Maggie Simpson collection.",botched hibachi tricycle loan maggie simpson collection
"This piece I call ""Failed Shelving Unit with Stupid Stuck Chainsaw and Applesauce.""",piece failed shelving unit stupid stuck chainsaw applesauce
"Wait! Come back! I'm a God to you! Worship me -- or fear my wrath! Please fear my wrath, please... Call me.",wait come god worship fear wrath fear wrath
It's glorious! The streets are paved with water. You could ride a walrus to work!,glorious street pave water ride walrus work
Ow! Ah! No! Ow! Ow! Hey! Ow! Ow! You're mean.,ow ah ow ow hey ow ow mean
It's conceptual art -- the Grand Canals of Springfield. Just like Venice without the black plague. What do you think?,conceptual art grand canals springfield like venice black plague think
"Knowing you always hate my first idea, I prepared a backup. How about a big Olympic hello for Springy, the Springfield Spring!",know hate idea prepare backup big olympic hello springy springfield spring
"To you, my bubbly, long-necked, beechwood-aged lover.",bubbly long neck beechwood aged lover
"Lucky stiff. I'm working my ass off here. Good steak, honey.",lucky stiff work ass good steak honey
"Boy, Lenny, you sure look hungry. Have some nuts.",boy lenny sure look hungry nut
"Now if you want to be the life of the party like Lenny here, just place your order for this hilarious novelty item.",want life party like lenny place order hilarious novelty item
"Boy, Moe, you sure look angry. Here, have some nuts.",boy moe sure look angry nut
"Welcome to the Kitchen of Tomorrow today! Marge, how much would you pay for a self-flipping hamburger pan?",welcome kitchen tomorrow today marge pay self flip hamburger pan
"Don't answer yet. Watch how easy it is to flip hamburgers with the help of God's greatest creation, the spring.",answer watch easy flip hamburger help god great creation spring
Can't we go home yet? My feet hurt. All this fresh air is making my hair move. And I don't know how much longer I can complain.,home foot hurt fresh air make hair know long complain
"Well, how 'bout donating money to charity? Lots of crazy old coots do that.",donate money charity lot crazy old coot
"Wait a minute... because I brought the check, they named a wing after me? Oh, you must be mad.",wait minute bring check name wing oh mad
"Good luck, Mr. Burns. And if you get in trouble, I wrote some jokes about how white people are different from black people.",good luck burns trouble write joke white people different black people
"You see white people have names like ""Lenny,"" whereas, black people have names like ""Carl.""",white people name like lenny black people name like carl
"Oh, yeah! And I'm not easily impressed. Wow! A blue car!",oh yeah easily impressed wow blue car
"Don't worry, Mr. Burns. We're gonna find that monster, no matter how long it takes. Besides, I'm getting kind of used to wearing a kilt!",worry burns go to find monster matter long take get kind wear kilt
"Well, if you wanted people to love you, you sure blew it with that insane rampage.",want people love sure blow insane rampage
"But you know what? To be loved you have to be nice to people. Every day! But, to be hated, you don't have to do squat.",know love nice people day hate squat
Wow. I can't believe someone I never heard of is hangin' out with a guy like me.,wow believe hear hangin guy like
"Hey, why didn't you tell me the new issue of ""Weird"" was here?! I love their hilarious send-ups of hit movies.",hey tell new issue weird love hilarious send up hit movie
"Ohh, don't worry, sweetheart, I'll get us the money. Even if I have to get a second job.",ohh worry sweetheart money second job
"It's just that you and Maude live like royalty in your fancy castle, while I got Marge trapped over there like a pig in a mud beehive.",maude live like royalty fancy castle get marge trap like pig mud beehive
"Well, if you're not rich then how come you have a new refrigerator, an electric can opener, a milkshake machine...",rich come new refrigerator electric opener milkshake machine
"I'm squeezing... I'm squee-zing it. Hey, I squeezed so hard it went into my hand.",squeeze squee ze hey squeeze hard go hand
"Oh, so Flanders thinks he can steal our vacation, huh?",oh flanders think steal vacation huh
"That's not how I remember it. Besides, if we want to see Japanese people we could have gone to the zoo.",remember want japanese people go zoo
What? The guy who washes the elephants is Japanese. His name is Takashi. He's in my book club.,guy wash elephant japanese takashi book club
It's worth every cent. I'm tired of fumbling with round fruit.,worth cent tired fumble round fruit
"Oh, of course. You're right. You know, I read about a Shinto tea house where they practice the traditional... Run, Bart!",oh course right know read shinto tea house practice traditional run bart
"Mmm... fifty dollar pretzel. Hey, what's Baby Huey doing?",mmm dollar pretzel hey baby huey
"Oh, I'm sick of doing Japanese stuff. In jail we had to be in this dumb Kabuki play about the forty-seven Ronin and I wanted to be Oshi, but they made me Ori.",oh sick japanese stuff jail dumb kabuki play seven ronin want oshi ori
It's a crane. The Japanese believe they bring good luck.,crane japanese believe bring good luck
"Well, I haven't talked it over with the family, but I think we'd all like a free dinner at AmericaTown.",talk family think like free dinner americatown
"Hmmm, I see... I sure hope they don't have an ice cream round.",hmmm sure hope ice cream round
"Before I go, I want to say something. Game shows aren't about cruelty, they're about greed and wonderful prizes like poorly-built catamarans. But somewhere along the line, you lost your way. For shame.",want game show cruelty greed wonderful prize like poorly build catamaran line lose way shame
"Hello, I, uh, love your planet deeply and am interested in purchasing one of your electronic autos.",hello uh love planet deeply interested purchase electronic auto
"Um, I'm sorry, the car did not meet my eco-concerns. Can I have my prize now?",um sorry car meet eco concern prize
We didn't? That's odd. Seems like we would've done that right after we left the car place.,odd like right leave car place
"Aww, movie tickets! That hardly seems worth destroying a car.",aww movie ticket hardly worth destroy car
At least the Jimmy Stewart version had that giant rabbit who ran the savings and loan.,jimmy stewart version giant rabbit run saving loan
"Oh, you're just saying that because your ""boyfriend"" was in it. I'll bet you would've hated it if me and Lenny were Mr. Smith.",oh say boyfriend bet hate lenny smith
"Oh, that's it! I'm telling Mr. Stupidest man alive what I really thought of his movie! Hey, Gibson!",oh tell stupidest man alive think movie hey gibson
"Really? You want my help? Marge, did you hear that? Mel Gibson wants my help! Mel Gibson!",want help marge hear mel gibson want help mel gibson
"A mini-van... Oh boy, you celebrities sure know how to live. What is this? Toyota Previa?",mini van oh boy celebritie sure know live toyota previa
"Sorry, son, but we're going to be very busy. Mel's movie really stinks.",sorry son go busy mel movie stink
"Okay, this opening scene should be in fast motion. Everybody likes that 'cause it looks funny.",okay opening scene fast motion everybody like look funny
They will if you set up that the dog is evil. All you have to do is show him doing this and people will suspect the dog.,set dog evil people suspect dog
"Oh! Mel, it's the most boring piece of garbage I've ever seen. And it's not easy for me to say that.",oh mel boring piece garbage see easy
Those movies sucked. I only saw 'em to get Marge into the sack. PS: mission accomplished.,movie suck see marge sack ps mission accomplish
No time talk! Need steal car! Must save powerful but controversial movie!,time talk need steal car save powerful controversial movie
"Movies aren't stupid! They fill us with romance and hatred and revenge fantasies. ""Lethal Weapon"" showed us that suicide is funny.",movie stupid fill romance hatred revenge fantasy lethal weapon show suicide funny
"I'm tired of running away. Did ""Braveheart"" run away? Did ""Payback"" run away? It's time we showed those suits what we're made of.",tired run away braveheart run away payback run away time show suit
"Oh, this thing'll do anything. Watch, I'll ask it how many leagues in a furlong. No, wait... I'll make it say ""Whatsa matta you?"" in Turkish.",oh watch ask league furlong wait whatsa matta turkish
"Marge, this is the greatest gift any wife has ever given her husband.",marge great gift wife give husband
Uh-oh. Somebody's gonna have a tummyache.,uh oh somebody go to tummyache
"We should have paid more attention to these side-effects. It's all here -- erratic behavior, paranoia, diarrhea...",pay attention effect erratic behavior paranoia diarrhea
"I WORK HARD FOR THE MONEY! / SO HARD FOR THE MONEY! / OH, I SOMETHING, SOMETHING MONEY! / COME ON, GIVE ME LOTS OF HONEY!",work hard money hard money oh money come lots honey
"I LIKE PIZZA / I LIKE BAGELS / I LIKE HOT DOGS, WITH MUSTARD AND BEER...",like pizza like bagel like hot dog mustard beer
"I'LL EAT EGGPLANT / I COULD EVEN EAT A BABY DEER... LA LA LA LA LA LA LA LA LA LA... WHO'S THAT BABY DEER ON THE LAWN, THERE...",eat eggplant eat baby deer la la la la la la la la la la baby deer lawn
"Thanks for the chance. You won't never regret this, Mr. Editing Guy!",thank chance will regret editing guy
"We don't need no stinkin' ""E"". Restaurant Review... No. Eatery Evaluation... No. Food box... Go or no go? By Homer... No. Earl. No. Bill Simpson!",need stinkin e restaurant review eatery evaluation food box homer earl bill simpson
"That's brilliant. And they have this sweet, sweet chocolate mousse -- really, the only word for it is .",brilliant sweet sweet chocolate mousse word
We make a good team. A groin-grabbingly good team!,good team groin grabbingly good team
"Marge, shh! It's important that no one know that I'm a food critic.",marge shh important know food critic
"Can ya believe it, Marge? This job is the greatest -- they're paying me to eat!",ya believe marge job great pay eat
Stupid script! Nearly wrecked Jim Carrey's career! You-- I'm gonna... What?,stupid script nearly wreck jim carrey career go to
"Look, Marge, I'm making a difference in people's lives!",look marge make difference people life
Are you gonna fire me for swiping office supplies?,go to fire swipe office supply
"Hm. This pea soup is as weak as the acting, and nowhere near as hammy.",hm pea soup weak acting near hammy
"Ah, not bad... if lasagna is Italian for ""pile of puke.""",ah bad lasagna italian pile puke
"Well, I hope you cut me better than you did these string beans. Hm, I seem to be missing a piece of my ear. TouchÃ©!",hope cut well string bean hm miss piece ear touchã
"Sorry, Marge. I'm afraid this gets my lowest rating ever, seven thumbs up.",sorry marge afraid get low rating seven thumb
"Marge, I'm sorry, but your cooking's only got two moves: ""Shake"" and ""Bake.""",marge sorry cooking get move shake bake
"People change, Marge. My palate has grown more sophisticated.",people change marge palate grow sophisticated
Oh... it's a special time in a boy's life when... Gotta go!,oh special time boy life get to
"So come to The Legless Frog... if you want to get sick and die, and leave a big, garlicky corpse. P.S. Parking was ample.",come legless frog want sick die leave big garlicky corpse parking ample
"Nobody talks to me that way! I'm Homer Simpson! The most powerful food critic in town, who will never get his comeuppance! You hear me? No comeuppance! We'll be right back.",talk way homer simpson powerful food critic town comeuppance hear comeuppance right
"Oh, Lisa... you saved me! And after all the bad things I said about you.",oh lisa save bad thing say
"Don't worry. I've got a plan. Okay, Ned, the first thing we have to do is...",worry get plan okay ned thing
"Hi, Maude. Diddily. I've been having fun with my pal Homer. Diddily.",hi maude diddily have fun pal homer diddily
"When I think about Ned, I can't help but remember the look on his face when Marge drove over...",think ned help remember look face marge drive
"Dear God, it's Homer. If you really love me, you'll save my life now.",dear god homer love save life
"Okay, Marge, you hide in the abandoned amusement park.",okay marge hide abandon amusement park
"Hey, Foamy, I want the news, not the weather. Marge, did you hear me zing Werewolf Flanders?",hey foamy want news weather marge hear ze werewolf flanders
"Well, those ivory tower eggheads have screwed us again. Let's just have some milk and go to bed...",ivory tower egghead screw let milk bed
"Certainly. I am... the, ah, piano genius from the movie ""Shine.""",certainly ah piano genius movie shine
"Good-bye Lisa, remember me as I am... filled with murderous rage.",good bye lisa remember fill murderous rage
"Well, son. I guess this is the end. But we've both had long, full lives. Oh, right.",son guess end long life oh right
"No Tommy Tune, eh? Oh, that's it. You insulted my honor.",tommy tune eh oh insult honor
"Wow, a free beer! And I owe it all to a little glove slap. GLOVE SLAP...",wow free beer owe little glove slap glove slap
Coming through... challenge... duel... Hi Lenny... how dare you... demand satisfaction...,come challenge duel hi lenny dare demand satisfaction
"Flanders, you gotta help me. Is there a southern couple parked in front of my house?",flander get to help southern couple park house
"Com'on, Maw. Bring the young 'uns! There's no leeches! Lots of snakes, though.",maw bring young un leech lot snake
Absolutely. This is our big chance. The Simpsons will be reborn as a bunch of gap-toothed bumpkins.,absolutely big chance simpsons reborn bunch gap toothe bumpkin
"Sorry, boy. Going back to Springfield would be a coward's way out.",sorry boy go springfield coward way
"Oh, you're right. I'm a coward. I've made such a mess of things. If only there was some magic potion that would make those crops grow...",oh right coward mess thing magic potion crop grow
Of course not. But you know something? Sometimes you have to break the rules to free your heart.,course know break rule free heart
"Brace yourselves, everybody. You're about to see the hugest, juiciest, possibly super-intelligent vegetables man has ever known. You might want to crane your necks upward now to save time.",brace everybody hugest juiciest possibly super intelligent vegetable man know want crane neck upward save time
"All right, now don't panic. It's possible the giant vegetables are invisible.",right panic possible giant vegetable invisible
Look at my babies. This tomato will be Heinz ketchup. And this to-mah-to will be Hunt's catsup.,look baby tomato heinz ketchup mah hunt catsup
"Did you see the way Emile's lookin' at Mindy? Hoo-hoo, I think something's going on there.",way emile lookin mindy hoo hoo think go
Mindy and I are just hammering out a payment plan. We'll talk Monday!,mindy hammer payment plan talk monday
"Oh, I'm twenty-six hours late for work. No time for Maggie.",oh hour late work time maggie
"Heh, heh. I'd hate to see the look on ol' Burnsie's face if he knew I was just gettin' in. Hee hee.",heh heh hate look burnsie face know gettin hee hee
"Mmm, who is that? Big ugly nose... bald... liver spot... liver spot... Mmmm.",mmm big ugly nose bald liver spot liver spot mmmm
Mr. Burns is making me eat all these drums of toxic waste.,burns make eat drum toxic waste
The cooling tank just blew and they're taking Lenny to the hospital.,cool tank blow take lenny hospital
"Yeah, so I'm going to have to work late, instead of seeing you and the kids, which is what I really want.",yeah go work late instead see kid want
"Hey, guys. Is it normal to see Burns' face on a bowling ball?",hey guy normal burns face bowling ball
"Thank you! Thank you! But there was someone else with me on that alley. I'm talkin' about the big man, Carl.",thank thank alley talkin big man carl
"Thank you, Bart's teacher. You know, kids, my teachers said I would never amount to anything. And until last week, they were dead right. But now I've achieved perfection.",thank bart teacher know kid teacher say week dead right achieve perfection
"Hey, this was supposed to be about me. Now, any other questions? Pumpkin face? Headgear? Chicken pox? Smelly? Lazy eye? Spikey head? Okay, class dismissed. Rock on!",hey suppose question pumpkin face headgear chicken pox smelly lazy eye spikey head okay class dismiss rock
"I can't believe it, Moe. The greatest feat of my life is already forgotten.",believe moe great feat life forget
"Save your tears, Moe. Save 'em in a shot glass for someone who still has a shred of hope.",save tear moe save shot glass shred hope
"THIS IS THE END / MY ONLY FRIEND, THE END / WEIRD SCENES INSIDE THE GOLD MINE...",end friend end weird scenes inside gold
"Listen, boy... I was wondering if you could use a little more fatherly attention.",listen boy wonder use little fatherly attention
"I've been so blind. I'll lavish my attention on Maggie, the forgotten Simpson.",blind lavish attention maggie forget simpson
Daddy's gonna spend a lot more time with you. Yes he is. Yes he is.,daddy go to spend lot time yes yes
"Hi Maggie! I'm Homie-Womie, the Teletubby. And I'm all man, in case you've heard otherwise. Let's see what's on Tummy-vision!",hi maggie homie womie teletubby man case hear let tummy vision
"Whee! Whee! Don't be scared, Maggie. Daddy won't drop you. Whee!",whee whee scared maggie daddy will drop whee
"You're a tough cookie, Maggie, but I'm gonna win you over. Just like I did with Lisa.",tough cookie maggie go to win like lisa
"I'm sorry, Maggie. I never realized things between us had gotten this bad.",sorry maggie realize thing get bad
"And this riptide is certainly nothing Daddy can't struggle against. Help! Help! Somebody, help!",riptide certainly daddy struggle help help somebody help
"Well, all I care about is that my little girl loves me. And we're gonna spend a lot more time together from now on.",care little girl love go to spend lot time
"Kids are the best, Apu. You can teach them to hate the things you hate. And they practically raise themselves, what with the Internet and all.",kid good apu teach hate thing hate practically raise internet
"Hey Apu. Sittin' in the ice cream cooler, eh?",hey apu sittin ice cream cooler eh
"Ooh, look at that. Ooh, gingerbread house. Hansel and Gretel are set for life.",ooh look ooh gingerbread house hansel gretel set life
"Eight kids. Hm, I'm sterile, right baby doll?",kid hm sterile right baby doll
"Please, Mr. Kidkill, look into your heart. I know these babies have a lifetime contract. But what if I put together an even better act for you? Something sensational!",kidkill look heart know baby lifetime contract well act sensational
Stupid mongoose! get the snake! The snake! Do I look like a snake? Ow! Ow! He bit me Show's over! Show's over! Next show is eight o'clock and ten!,stupid mongoose snake snake look like snake ow ow bite
"Yeah, that's the life for me, Marge. Cruisin' and hasslin' shopkeepers.",yeah life marge cruisin hasslin shopkeeper
"You know, if you want to be in the gang, eventually you're gonna have to get motorcycles.",know want gang eventually go to motorcycle
Carl looks great. Can't take a bad picture of that guy.,carl look great bad picture guy
... And those bikers saw that hard look in my eye -- you know that hard look I get sometimes? -- and they ran away like schoolgirls with their tails between their legs.,biker see hard look eye know hard look run away like schoolgirl tail leg
"Now don't worry. I am gonna search high and low for your mother. But just in case I don't find her, I want you to contact this agency.",worry go to search high low mother case find want contact agency
"Okay, we kinda got off on the wrong foot there. Long story short, my ""old lady"" was...",okay kinda get wrong foot long story short old lady
"No! My wife is not a doobie, to be passed around. I took a sacred vow on my wedding day, to bogart her forever.",wife doobie pass take sacred vow wedding day bogart forever
"Forget it. He releases the hounds on every charity that comes to his door: Feed the Children, Save the Whales, even Release the Hounds.",forget release hound charity come door feed child save whales release hounds
Writhing Funzos / In my sack / Makes me happy / Makes me hurt my back...,writhe funzos sack make happy make hurt
"Um, uh... Mr. Coleman, I've been thinking... My wife always makes too much stuffing and sweet p'taters and all, and... Aw, heck! Would you like to spend Christmas with us?",um uh coleman think wife make stuff sweet aw heck like spend christmas
"Hello, Lollipop Island? There's a little girl here who had too many sourballs.",hello lollipop island little girl sourball
"Huh? Springfield University Homecoming! Finally, a chance to relive my golden college years...",huh springfield university homecoming finally chance relive golden college year
Then the big game between Springfield U. and Springfield A & M. I hate Springfield U. so much.,big game springfield springfield hate springfield
"Oh, couldn't you try a non-delicious fat? Oh, there's no such thing.",oh try non delicious fat oh thing
"No, wait! I got a kid who's a miracle worker! He'll heal him up real good.",wait get kid miracle worker heal real good
"Please, Bart. You've gotta use your powers! I'm beggin' ya!",bart get to use power beggin ya
"This is my year, Marge. Everyone knows I'm what makes this city great.",year marge know make city great
"Jimmy is such an ugly word, Marge. Unless you're talking about Jimmy Smits.",jimmy ugly word marge talk jimmy smits
"Listen, I worked long and hard for this place. And no one's going to take it away from me. Not you, not its rightful owner, not anybody.",listen work long hard place go away rightful owner anybody
"Just a second, Marge. Hello! Thailand? How's everything on your end? Uh-huh. That's some language you got there. And you talk like that twenty-four seven, huh?",second marge hello thailand end uh huh language get talk like seven huh
"Havin' a party, Moe. I'll need four kegs of your finest imported-sounding beer.",party moe need keg fine import sound beer
"They were so drunk. Gentlemen, get off your knees. Your rich uncle Homer is throwing the wildest box social the high seas have ever seen!",drunk gentleman knee rich uncle homer throw wild box social high sea see
"Marge, you know I normally listen to you, but I've gotta seize this opportunity. Just in case I never become a real billionaire.",marge know normally listen get to seize opportunity case real billionaire
"They're rebroadcasting Major League Baseball with implied oral consent, not expressed written consent! Or so the legend goes.",rebroadcast major league baseball imply oral consent express write consent legend go
"Ow, ow! Oh, real mature, Lenny.",ow ow oh real mature lenny
Look at those poor saps back on land. With their laws and ethics. They'll never know the simple joys of a monkey knife fight.,look poor sap land law ethic know simple joy monkey knife fight
"Oooh, oooh, Charlie horse, Charlie horse!",oooh oooh charlie horse charlie horse
"I don't know. After living like a billionaire, this place is kind of a dump.",know live like billionaire place kind dump
"That's right. Just because we're not rich, doesn't mean that we don't have... Oh, I can't even finish. I wanna be rich!",right rich mean oh finish wanna rich
"Like these guys. And look at all these rich people here. Not as rich as they should be of course. But still rich. All that big money. Look at all of these. Got all this money. I have lots of money. Oh look at all the other people. Oh, look at all the people who can buy and sell me. I should send a list of these names to the IRS. I'm takin' 'em all down. Oh, look at all the rich people. Oh, look at the rich...",like guy look rich people rich course rich big money look get money lot money oh look people oh look people buy sell send list name irs takin oh look rich people oh look rich
"It's B.T.O.! They're Canada's answer to E.L.P. Their big hit was ""T.C.B."" That's how we talked in the '70s. We didn't have a moment to spare.",canada answer big hit talk moment spare
"But he'll bring us joy, Marge. Unlike all your silly gewgaws.",bring joy marge unlike silly gewgaw
"Marge, your pro-mop, anti-horse agenda has been clear for some time. But don't worry, I have a way for Duncan to earn his keep.",marge pro mop anti horse agenda clear time worry way duncan earn
"Mmm, that's terrific, Duncan. You're ten for ten. Now, let's look in the rulebook and see if horses can play in the NFL.",mmm terrific duncan let look rulebook horse play nfl
Hollywood-is-leading-our-kids-down-a-moral-sewer-Gotta-go!,hollywood lead kid moral sewer gotta
"Yeah, she's the best. Ooo, can you imagine her face on her body?",yeah good ooo imagine face body
"No they didn't. They just surrounded it with something wonderful -- like a raisin covered in chocolate, or a monkey in a cowboy suit.",surround wonderful like raisin cover chocolate monkey cowboy suit
"And poor Ned didn't get a chance to say goodbye. Well, from now on I'm never gonna let you leave the room without telling you how much I love you and how truly special... this is really eating up a lot of time. Maybe just a pat on the butt. Yeah, that works.",poor ned chance goodbye go to let leave room tell love truly special eat lot time maybe pat butt yeah work
"Those feelings are normal, Ned. They're part of the process. Watch the sprinkler.",feeling normal ned process watch sprinkler
You want anything else? Water? Chili fries? How about some white noise?,want water chili fry white noise
"Yep, it would've been a lot better if you'd said ""I love you,"" or ""you're special."" You know, something sweet instead of that hot dog crack.",yep lot well say love special know sweet instead hot dog crack
"Okay, from here we star-wipe to a glamour shot of Flanders paying his bills...",okay star wipe glamour shot flanders pay bill
"Now, the audio needs some tweaking, and there's some footage of Maggie being born that I couldn't get rid of... Anyway, enjoy.",audio need tweaking footage maggie bear rid enjoy
Ned does everything with class. Whether he's punching in his ATM code...or keeping clean in the shower...,ned class punch atm code keep clean shower
"...Step up to the best. Ned Flanders, the man with the chest.",step good ned flanders man chest
"Now, we'll just send this to the dating service, the chicks'll fall for you, and bam! The healing begins.",send date service fall bam healing begin
"Oh-ho-ho-ho, that's great. Chicks really dig sensitivity. Did you get that, Bart?",oh ho ho ho great chick dig sensitivity bart
"Oh, wake up, Ned. You think Maude isn't dating in heaven?",oh wake ned think maude date heaven
"How could she not? The place is full of eligible bachelors -- John Wayne, Tupac Shakur, Sherlock Holmes...",place eligible bachelor john wayne tupac shakur sherlock holmes
"That's right, Ned. Those floozies we married in Vegas were crazy about you.",right ned floozie marry vegas crazy
"I toileth not on ye Sabbath, woman! A pox on thee.",toileth ye sabbath woman pox thee
"Hey, I'm as surprised as you, but I've stumbled upon the most delicious British sit-com.",hey surprised stumble delicious british sit com
"It's about a hard-drinking, yet loving family of soccer hooligans. If they're not having a go with a bird, they're having a row with a wanker.",hard drinking love family soccer hooligan have bird have row wanker
"Yes, I'd like to pledge ten thousand dollars to get them to shut up. From... anonymous.",yes like pledge thousand dollar shut anonymous
"Uh-oh. You've gotta help me, Bart.",uh oh get to help bart
"Umm... It's an honor to give ten thousand dollars, especially now, when the rich mosaic of cable programming has made public television so very, very unnecessary.",umm honor thousand dollar especially rich mosaic cable programming public television unnecessary
"Maybe your movie star banks are open crazy hours, but we in Springfield are simple folk. We like our cars fast, and our banks closed. Okay, fine, we'll go down there. But they're not going to be open.",maybe movie star bank open crazy hour springfield simple folk like car fast bank close okay fine go open
Quick! You've got to hide me from PBS! Their bloodthirsty pursuit is made possible by a grant from the Chubb Group!,quick get hide pbs bloodthirsty pursuit possible grant chubb group
Please help me! I'll do anything! I'll light a candle! I'll help with your next charity scam!,help light candle help charity scam
Wha -- Wait! I'm no missionary! I don't even believe in Jebus! Let me out!,wha wait missionary believe jebus let
"Oh, God! Oh, God! Oh, God! Oh, God!",oh god oh god oh god oh god
"Mmm, I can see the house is falling apart without me, so here's the new order: Bart, you're the man of the house. Lisa -- I'm promoting you to boy. Maggie's now the brainy girl. The toaster can fill in for Maggie. And Marge, you're a consultant.",mmm house fall apart new order bart man house lisa promote boy maggie brainy girl toaster fill maggie marge consultant
"Oh, really? Well, if you'll excuse me, I've got some civilization to spread like butter on the English muffin that is these people, with all their little nooks and crannies...",oh excuse get civilization spread like butter english muffin people little nook cranny
"Well, I'm not not licking toads... Well, it's time to get to work. Humanitarian Homer Simpson, over and out.",lick toad time work humanitarian homer simpson
"Like this, from the Book of P-salms: ""God will shatter the heads of his enemies, the hairy crown of those who walk in their guilty ways. That you may bathe your feet in blood."" As true today as it was when it was written.",like book p salm god shatter head enemy hairy crown walk guilty way bathe foot blood true today write
"Well, Ak, it's because God is powerful, but also insecure, like Barbra Streisand, before James Brolin. Oh, he's been a rock.",ak god powerful insecure like barbra streisand james brolin oh rock
"Now, over here I've brewed up my favorite beverage: beer. It's mostly Dristan and holy water, but it does the job.",brew favorite beverage beer dristan holy water job
"Well, I may not know much about God, but I have to say, we built a pretty nice cage for Him.",know god build pretty nice cage
"Not bad, Lisa Junior. But God's palace is way up on the moon...so if we want Him to hear us, we've gotta crank up the volume.",bad lisa junior god palace way moon want hear get to crank volume
"Do you hear me, Lord?! Homer's doing your work! I'm the greatest missionary of all time! Of all time!",hear lord homer work great missionary time time
I know. I'm a character. Now a little beer music to get in the mood.,know character little beer music mood
"Aw, Maggie wants a balloon and daddy will take a hand stamp so he can get back in.",aw maggie want balloon daddy hand stamp
"Oh, Moe. There's lots of people uglier than you. Like, you ever been to White Castle?",oh moe lot people ugly like white castle
"Oh, you dear, dear man. You're one of us beautiful people now. And your new life begins today.",oh dear dear man beautiful people new life begin today
"You don't love me. The only thing you love is your ear, nose and throat pavilion.",love thing love ear nose throat pavilion
"Well, Sister Bernadette will leave the convent and start a softball team. With sexy results.",sister bernadette leave convent start softball team sexy result
...and only then do we find out that Professor Gallaway's half-sister is plotting to take over International Perfume and Wine.,find professor gallaway half sister plot international perfume wine
"HI-HOW-ARE-YA, HI-HOW-ARE-YA, HI-HOW-ARE-YA, HI-HOW-ARE-YA.",hi ya hi ya hi ya hi ya
Bleh. This virtual fudge tastes like crap.,bleh virtual fudge taste like crap
"Oh, I'm tired of giving you money. Why can't you be more like Lisa?",oh tired give money like lisa
"Gold bars discovered by Marge? Zero. Gold bars discovered by Homer? Well, let's just see...",gold bar discover marge zero gold bar discover homer let
"Oh boy, oh boy, oh boy...",oh boy oh boy oh boy
"That lying , rail-splitting , theater-going freak!",lie rail splitting theater go freak
"Ah, trash night. In France, they call it ""La Nuit Des Poubelles."" In Germany, it's ""Crappenfest.""",ah trash night france la nuit des poubelles germany crappenfest
"Marge, you're making a complete fool of yourse... Oh, it's just Barney.",marge make complete fool yourse oh barney
You came to the right guy. I'll straighten ya out... right after I finish this beer.,come right guy straighten ya right finish beer
So you missed some big changes at Moe's. He hangs newspapers over the urinals now. You can read the sports page while you pee. Very la-di-da.,miss big change moe hang newspaper urinal read sport page pee la di da
Wasted? What about our staring contests? And the way we always knew what football coaches should've done? Remember the day we jumped that Census guy and stole his clicker?,waste stare contest way know football coach remember day jump census guy steal clicker
"Lenny and Carl suck. Please don't tell Lenny and Carl I said that, 'cause if I ever lost them as friends...",lenny carl suck tell lenny carl say lose friend
"Hey, Apu. You got any of those potato chips that give you diarrhea? I need to do a little ""spring cleaning.""",hey apu get potato chip diarrhea need little spring cleaning
"Lenny, Carl, I know a lot of people bad-mouth you, and focus on how you suck, but not me. To me, you're true blue.",lenny carl know lot people bad mouth focus suck true blue
"Ooh, my first issue of ""Self-Test Monthly."" Finally I get to find out what makes me tick.",ooh issue self test monthly finally find make tick
"""Yes."" ""Are you a good lover?"" ""Yes."" Oh, I'm doin' great!",yes good lover yes oh great
"Okay, Flanders, your love quiz score is 61. That makes you a ""Frigid Frieda."" I took off thirty points for all that crying you did.",okay flanders love quiz score make frigid frieda take thirty point cry
"""In an average week, how many braised ribs do you eat?"" Marge, do you think that counts honey-braised?",average week braised rib eat marge think count honey braise
"See?! And these quizzes are never wrong, Marge. They're put together by the finest scientists in the magazine business.",quiz wrong marge fine scientist magazine business
Can't sleep. Gonna die. Can't sleep. Gonna die.,sleep go to die sleep go to die
You gotta hide me. Death is after me! And I don't entirely trust these cowboys.,get to hide death entirely trust cowboy
Par-ty! Par-ty! Par-ty!,par ty par ty par ty
Par-ty! Par-ty! Par-ty!,par ty par ty par ty
"Oh, no, it's a lost child! Don't worry, folks. I'll tackle him.",oh lost child worry folk tackle
BAWITDABA / BANANA FANA / OOGA CHOCKA / ETC.,bawitdaba banana fana ooga chocka etc
WE BUILT THIS CITY / ON ROCK ANNND ROLL! Uh-oh.,build city rock annnd roll uh oh
"My insomnia, it's gone! Check it out, Marge. I'm sane again! And I owe it all to... Spring Break!",insomnia go check marge sane owe spring break
Fine. Be nerds. I'll find some people who know the true meaning of the words par-tay.,fine nerd find people know true meaning word par tay
WE BUILT THIS CITY / THIS KICK-ASS CITY / WHAT KIND OF MUSIC BUILT THIS CITY?,build city kick ass city kind music built city
JIMMY CRACK CORN AND I DON'T CARE / JIMMY CRACK CORN AND I'M NOT THERE / WE BUILT THIS CITY ON ROCK AND ROLLLLL / SOMETHING SOMETHING DAY.,jimmy crack corn care jimmy crack corn build city rock rolllll day
"Yep, this place is great. And someday, when Lisa and Bart get married, it'll all be theirs.",yep place great someday lisa bart marry theirs
"Whee! Touch the sky, Maggie! Whee! Touch the sky!",whee touch sky maggie whee touch sky
"Hey, we got a postcard from Bart. ""Dear Mom and Homer. I'm having fun."" Aw, sounds like he's having fun.",hey get postcard bart dear mom homer have fun aw sound like have fun
"Look at you, all sugar and spice instead of equations and test tubes.",look sugar spice instead equation test tube
"Now honey, what were you trying to say before we kept interrupting you with our loving proudness?",honey try keep interrupt love proudness
"That's not true, honey. You can always write a depressing Broadway play of some kind.",true honey write depressing broadway play kind
Ow! Ow! Ow! Ow! Ow! Ow! Ow! Ow!,ow ow ow ow ow ow ow ow
"In about fifteen minutes I'd take off that wedding dress, or you're gonna look crazy.",minute wedding dress go to look crazy
CH-CH-CH-CHANGES / TIME TO CHANGE THE OIL / YEAH / CHANGES / DON'T WANNA BE AN OILY MAN /,ch ch ch changes time change oil yeah changes wanna oily man
"Becky, I think I speak for all of us when I say ""When's the ice cream gonna get here?""",becky think speak ice cream go to
"Run, Marge, run! Pump those crazy legs!",run marge run pump crazy leg
"Don't worry, she'll show up here sooner or later. To finish off Becky. Then we'll have Mommy back.",worry soon later finish becky mommy
"Oh, about that. Uh -- when I changed your oil, I may have drained your brake fluid. I didn't say anything 'cause I thought you'd be mad.",oh uh change oil drain brake fluid think mad
"Then we figured out we could park them in front of the TV. That's how I was raised, and I turned out TV.",figure park tv raise turn tv
"Our favorite show was ""Hollywood Hogwash."" But we also loved ""The Dreck Squad""...",favorite hollywood hogwash love dreck squad
"Every day I thought about firing Marge. You know, just to shake things up.",day think fire marge know shake thing
And that horrible act of child abuse became one of our most beloved running gags.,horrible act child abuse beloved running gag
I want to set the record straight. I thought the cop was a prostitute.,want set record straight think cop prostitute
"Yep, there I go. Then came the rocks. Jagged rocks. Hitting me with their jags.",yep come rock jagged rock hit jag
"Oh, my leg! This is the worst pain ever! Stop pummeling me! It's really painful! Owww!",oh leg bad pain stop pummel painful owww
"That slugfest at the state fair was really a blessing. It gave us a chance to pursue solo projects. I returned to my first love, the legitimate theater.",slugf state fair blessing give chance pursue solo project return love legitimate theater
"WHERE IS THE RENT? / I MUST HAVE THE RENT! / DOLLARS, DIMES AND NICKELS / I NEED THEM ALL RIGHT NOW!",rent rent dollars dimes nickels need right
"It was the best Thanksgiving ever. I mean, emotionally, it was terrible. But the turkey was so moist.",good thanksgiving mean emotionally terrible turkey moist
"Ow! Oooh! Paper cut, paper cut!",ow oooh paper cut paper cut
"St. Peter! Woo hoo! Got to heaven before you, Flanders!",peter woo hoo got heaven flanders
"No, not really. Marge, you gotta help me. I have to do one good deed to get into heaven.",marge get to help good deed heaven
"Whoa, whoa, whoa. I'm just trying to get in. I'm not running for Jesus.",whoa whoa whoa try run jesus
Uh-oh. Uh... I'm pretty sure she was gonna be the next Hitler. Hello? Good deed done.,uh oh uh pretty sure go to hitler hello good deed
"Just one minute left to get into heaven! There's gotta be some good deed I can do. C'mon, think, think.",minute leave heaven get to good deed think think
"Oh, I'm no dunce. I was born an oaf, and I'll die an oaf.",oh dunce bear oaf die oaf
"So long, kids. Enjoy your new home! Say hi to your other brother and sister.",long kid enjoy new home hi brother sister
"Boy, dumping your kids in the forest sure gets your hands dusty.",boy dump kid forest sure get hand dusty
"... Two Krusty shakes, a donut burger with cheese and a party-size bucket of flan.",krusty shake donut burger cheese party size bucket flan
"Hey, leave my daughter alone! C'mon, humans! We've wiped out entire species before. We can do it again!",hey leave daughter human wipe entire specie
"I'm not gonna stand for this. I'm gonna call the newspapers, the TV stations, the gas stations, everybody.",go to stand go to newspaper tv station gas station everybody
"Quiet, honey. Daddy's asking the man a question.",quiet honey daddy ask man question
I accuse the phone company of making that film on purpose!,accuse phone company make film purpose
"And as usual, we Joe Twelve-Packs get the royal screw job.",usual joe packs royal screw job
"Okay, Plan B. Fellow 9-3-9'ers, I say we break off and form our own city!",okay plan fellow break form city
There. We're officially a city. Now we just sit back and wait for an NFL franchise.,officially city sit wait nfl franchise
"I reluctantly accept this highly-paid, glamorous job.",reluctantly accept highly pay glamorous job
"Sweetie, you know your mother and I only stay together for the sake of my political career.",sweetie know mother stay sake political career
"Oh yeah? They think they're better than us, huh? Bart, c'mere a minute.",oh yeah think well huh bart minute
"Loyal citizens of New Springfield. You stayed on my side of town despite a total lack of hospitals and schools, and a sewage nightmare that threatens to consume us all.",loyal citizen new springfield stay town despite total lack hospital school sewage nightmare threaten consume
"Okay, now as for food, the following breeds of dog are edible...",okay food following breed dog edible
"That's right. And I implore you to move your concert to our town. Don't play Olde Springfield, or as it is sometimes known, Sun City.",right implore concert town play olde springfield know sun city
"C'mon, what happened to the angry, defiant Who of ""My Generation,"" ""Won't Get Fooled Again,"" and ""Mama's Got a Squeeze Box""?",happen angry defiant generation will fool mama got squeeze box
"But those Olde Springfield squares are just gonna make you cut your hair, turn down your music and wear frilly shirts like Keith Partridge.",olde springfield square go to cut hair turn music wear frilly shirt like keith partridge
"Oh, c'mon, it plays itself. ""Pacman Fever / A do do do do / It's driving me crazy."" Look Lisa, Daddy's in the Who!",oh play pacman fever drive crazy look lisa daddy
"So, New Springfield's lookin' pretty good now, isn't it? With our ample parking and daily Who concerts.",new springfield lookin pretty good ample parking daily concert
"Oh, don't worry. You'll be sleeping in this beautiful new doghouse. Target date: January, 2007.",oh worry sleep beautiful new doghouse target date january
"And now, the grand finale... ""Get Lisa's jammed tape out of VCR.""",grand finale lisa jammed tape vcr
"Uh, honey, there's a point in every father's life when he blows up his daughter's room.",uh honey point father life blow daughter room
"Oh Lisa, this must be a rough time for you. Do you have any friends or family you can stay with?",oh lisa rough time friend family stay
"Fine, I'll just discuss heavenly matters. So, how's Maude Flanders doin' up there? She playin' the field? Ooh... yeah, really? All those guys? Amen.",fine discuss heavenly matter maude flanders playin field ooh yeah guy amen
"Well, I won't lie. Fatherhood isn't easy like motherhood. But I wouldn't trade it for anything. Except for some mag wheels. Oh, man, that would be sweet.",will lie fatherhood easy like motherhood trade mag wheel oh man sweet
"Yeah, I'm watching, honey. Nice cannonball. Anyhoo, the key to fathering is don't over-think. 'Cause over-thinking is... What were we talking about? Ooh, a clown.",yeah watch honey nice cannonball anyhoo key fathering think thinking talk ooh clown
"A WEEMA-WAY, A WEEMA-WAY, A WEEMA-WAY, A WEEMA-WAY, A-WEEM...",weema way weema way weema way weema way weem
"You want money? Get a job, like your old man.",want money job like old man
I knew this day would come. The cows are taking back what's theirs.,know day come cow take theirs
"Look, Marge! I'm in a limo! The Simpsons are going to Paris!",look marge limo simpsons go paris
"First comes love, then comes, um... Dammit, I know this.",come love come um dammit know
"This is your fault, with your non-threatening Bobby Sherman-style good looks. No girl could resist your charms.",fault non threatening bobby sherman style good look girl resist charm
"Thanks for the beer, Moe. But before Lisa died, she made this tape that I think you should hear.",thank beer moe lisa die tape think hear
"Okay, so we can't pay for your precious food. What are you gonna do about it?",okay pay precious food go to
I'm just trying to work up the courage to ask Burns for a raise. Or a highly-paid internship. Something to solve my money woes.,try work courage ask burns raise highly pay internship solve money woe
"Well, sir... you see, sir... I've worked here a long time, and my wife has a game leg, and my kids have game things as well...",sir sir work long time wife game leg kid game thing
"I'd like to buy a mint condition ""Spider-Man Number One,"" please.",like buy mint condition spider man number
"I don't need to rehearse. Ho, ho, ho, Merry... Line!",need rehearse ho ho ho merry line
Let's just say Lisa gave me an early Christmas present. The gift of dignity.,let lisa give early christmas present gift dignity
"Stupid pothole. Don't worry, head. The computer will do our thinking now.",stupid pothole worry head computer thinking
"No kiddin'. What do you think of my page, Lisa? Be honest. It's great, isn't it? Go ahead and say it's great if you want to.",kiddin think page lisa honest great ahead great want
I did it. I changed the world. Now I know exactly how God feels.,change world know exactly god feel
No way! Mr. X is gonna keep on digging... and probing... until every person in this town is in jail!,way x go to dig probe person town jail
"Ya, please forgive my unexplained two-week absence. To make it up to you, we will go out to dinner at a sensibly-priced restaurant, then have a night of efficient German sex.",ya forgive unexplained week absence dinner sensibly price restaurant night efficient german sex
"Come on, pony up, Flanders. The kid's not turning tricks for nothin'.",come pony flanders kid turn trick
"Well, yeah. But God conned me out of sixty-five hundred bucks in car repairs.",yeah god con buck car repair
You've just won 10 million dollars from that Publisher's Cleary-dealie!,win million dollar publisher cleary dealie
I guess we'll just have to haul the check back to headquarters. Too bad we couldn't just give it to these nice folks.,guess haul check headquarters bad nice folk
"Absolutely. We had stopped in for a quick prayer, when... Bart, would you call him a crazy man?",absolutely stop quick prayer bart crazy man
"'Course he did, son. He's a filthy crook. Now, let's all hit the hay.",course son filthy crook let hit hay
Nobody carjacked me. I tried to pull a con and got conned myself. And then I lied to you all! So did Bart.,carjack try pull con get con lie bart
"Wait a minute. You're telling me the police force, the TV news, a courthouse full of people, and a popular entertainer had nothing better to do than to teach me and Bart a lesson?",wait minute tell police force tv news courthouse people popular entertainer well teach bart lesson
"C'mon, kids. Let's leave this awful place and never come back.",kid let leave awful place come
You're right. That suit gizmo could be worth billions. And I'm gonna get a piece of the action!,right suit gizmo worth billion go to piece action
"Hello, Marge. Hi, Homie. Sign this, please? You're the boss! Daddy, ask the man for some candy! No, no, no candy for you. Then at least get some candy for yourself.",hello marge hi homie sign boss daddy ask man candy candy candy
"Now, who's up for a trip to the library tomorrow? Notice I no longer say ""liberry"" or ""tomorry"".",trip library tomorrow notice long liberry tomorry
"Everything from Hop on Pop to Death Be Not Proud. It's so tragic, the way they hopped on pop.",hop pop death proud tragic way hop pop
"Hey, Flanders, headin' for church? Well, I thought I could save you a little time.",hey flanders headin church think save little time
"Better. I was working on a flat tax proposal, and I accidentally proved there's no God.",well work flat tax proposal accidentally prove god
I am here to give hope to the least of you. Because we all have a crayon up our nose. Maybe it's not a crayon made of wax. Maybe it's a crayon made of prejudice...,hope crayon nose maybe crayon wax maybe crayon prejudice
"Effigy, eh? Yeah, nothing burns like an effigy. Hey, that's me!",effigy eh yeah burn like effigy hey
"Hey, don't blame me. This movie is tired and predictable. You know she's gonna wind up marrying Richard Gere.",hey blame movie tired predictable know go to wind marry richard gere
That's ridiculous. You do nothing but play God! And I think your octoparrot would agree.,ridiculous play god think octoparrot agree
"It was great, all right. But all I wanna do right now is hit the adjustable sack with a good juice box. Because when all is said and done... Prison rodeo!?",great right wanna right hit adjustable sack good juice box say prison rodeo
"Well, there's a dull ache, certainly. And overlaid on that is a club sandwich of pain. Only instead of bacon, there's agony. Marge, can I have a BLT?",dull ache certainly overlay club sandwich pain instead bacon agony marge blt
"Hey, I thought real doctors hated chiropractors.",hey think real doctor hate chiropractor
"You brought a convict to live here, near my unpatented idea?",bring convict live near unpatented idea
"Hmm. I don't know what that is, so I'm gonna say yes. Now, go limp.",hmm know go to yes limp
Don't worry your spiky little head. I've got it all planned out.,worry spiky little head get plan
"Now, when you've got a bum ticker like we do, you need all the friends you can get. And Moe's is the friendliest place in the Rum District.",get bum ticker like need friend moe friendly place rum district
"Aw, now, be nice, Moe. This guy just got out of the hospital.",aw nice moe guy get hospital
"Come on, Marge -- all sports have their lovable clowns: John Rocker, O.J. Simpson, Dorf...",come marge sport lovable clown john rocker simpson dorf
"Okay, honey. I can see this means a lot to you. I'll practice till my elbow is swollen and discolored.",okay honey mean lot practice till elbow swollen discolor
"Good news, honey. I found a way to prove to the town we're not losers. I've entered us in a doubles tournament.",good news honey find way prove town loser enter double tournament
"Don't worry. The tournament's not till tomorrow. Okay, get ready for the serve.",worry tournament till tomorrow okay ready serve
"Lookin' good, Honey. I think you and I might just win this tournament dealy.",lookin good honey think win tournament dealy
"Hey, Bart. Yeah, you got your daddy's hustle.",hey bart yeah get daddy hustle
"Too busy to reply, huh? I know how that goes. Well, I think I'll go lay out my clothes for the tournament.",busy reply huh know go think lay clothe tournament
"With that little outfit on, everyone's gonna think you're playing in the tournament.",little outfit go to think play tournament
Don't touch me. Your hands feel like salad tongs.,touch hand feel like salad tong
"Go ahead and smile, smart guy. I'm gonna mop you up like turkey gravy.",ahead smile smart guy go to mop like turkey gravy
"Oh, come on. You've been gunning for queen bee ever since you buzzed into this hive. Now serve!",oh come gun queen bee buzz hive serve
"Now Lisa, dumping is such a harsh word. Let's just say I'm replacing you.",lisa dumping harsh word let replace
"You know, there's a lesson here for all of us: it's better to watch stuff than to do stuff.",know lesson well watch stuff stuff
Oh boy! Oh boy! Oh boy!,oh boy oh boy oh boy
"38! That's roughly my age! Marge, after a lot of thought, I've decided to run the Springfield marathon.",roughly age marge lot thought decide run springfield marathon
"Stay out of this, Lisa. Marge, I've made up my mind. I'll do your job for a day, and you do mine. Then we'll see who has it tougher.",stay lisa marge mind job day tough
"Let's see. Sweatbands... check. Anti-chafing nipple tape... Check, check... and check.",let sweatband check anti chafing nipple tape check check check
"All right, now here's the 411: I'm a record producer, see. I'm starting a new boy band and there's a place in it for Bart.",right record producer start new boy band place bart
YVAN EHT NIOJ. Ya gotta love that crazy chorus.,yvan eht nioj ya get to love crazy chorus
"Wait a minute, Bart's band is brainwashing kids with subliminal messages? That's pretty farfetched, Lisa.",wait minute bart band brainwash kid subliminal message pretty farfetched lisa
Here comes the jealousy bug. Gonna git ya! Gonna git ya!,come jealousy bug go to git ya go to git ya
"You're right, honey. Hear that, kids? The Simpsons are going to Blockoland!",right honey hear kid simpsons go blockoland
You sold my little girl a shoddy Eiffel Tower.,sell little girl shoddy eiffel tower
"You know, standing up for the little guy felt good. I'm gonna do it more often.",know stand little guy feel good go to
"Well, you're welcome, honey. Now, I'm gonna spend the whole day helping shmoes with their problems. Got a problem, Bart?",welcome honey go to spend day help shmo problem got problem bart
"Well duh! He's breathtaking, but Bart has inner beauty... like you'd find in a rodent.",duh breathtake bart inner beauty like find rodent
"Boy, you weren't kidding. Your profit margins are razor-thin.",boy kid profit margin razor thin
I'm trying to get a refund for this ticket. Is this the executive office of the ball club?,try refund ticket executive office ball club
"Well, okay. But you can't silence Homer Simpson. I'm the friend of the downtrodden. And I'm not gonna forget what I saw here today.",okay silence homer simpson friend downtrodden go to forget see today
"So? I can stop. And I will stop. I'm on a hunger strike, starting right... now!",stop stop hunger strike start right
"My hunger strike will not end until Duff admits they're moving the team. Bart, my chains.",hunger strike end duff admit move team bart chain
"Oh, so hungry... Can't give up... Must continue fighting evil corporation.",oh hungry continue fight evil corporation
"So hard to resist. Mesquite-grilled onions... jalapeÃ±o relish... Wait a minute, those are Southwestern ingredients!",hard resist mesquite grill onion relish wait minute southwestern ingredient
Mango-lime salsa?! That's the kind of bold flavor they enjoy in... Albuquerque!,mango lime salsa kind bold flavor enjoy albuquerque
This is such an eye-opener. I always pictured the kids dying in the living room.,eye opener picture kid die living room
"Now don't feel bad, honey. Did you know back in grade school, I had a bully problem myself?",feel bad honey know grade school bully problem
But I'll just draw bunny faces on them to scare Maggie away.,draw bunny face scare maggie away
"See, honey, Daddy's protecting you from all the sharp scary things. Here, hold this a sec.",honey daddy protect sharp scary thing hold sec
"Of course you are. Marge, I've finally discovered the reason God made me: to protect his tiniest, most breakable creatures. And I've got to share that gift with the world.",course marge finally discover reason god protect tiny breakable creature get share gift world
Problem: a pointy deity. And I've got the perfect solution.,problem pointy deity get perfect solution
Babies of Springfield! We need your help! Please! Skin your knees! Put dice up your nose! Let cats sleep on your face!,baby springfield need help skin knee dice nose let cat sleep face
"Y'know, I always felt sorry for Marge, having to do the shopping, but this is kind of fun.",feel sorry marge have shopping kind fun
So hungry... There's gotta be some food left. Sulfur jerky... Cream of toast... Where did we get all this crap?,hungry get to food leave sulfur jerky cream toast crap
"I want to shoot a lion in the face, fight Muhammad Ali, and ride in a convertible with two happy zebras.",want shoot lion face fight muhammad ali ride convertible happy zebra
GLIBBIE GLOP GLOOPIE / NIBBIE NABBIE NOOBIE / LA LE LO LO LO.,glibbie glop gloopie nibbie nabbie noobie la le lo lo lo
"Now, honey, poachers are nature's way of keeping the balance. Whenever there are so many species that people get confused and angry, a poacher is born.",honey poacher nature way keep balance specie people confused angry poacher bear
"I told you, yes. Now Bart, go to the top of that hill and see if you can spot our hotel.",tell yes bart hill spot hotel
"Hey, look! Our tour guide got a new job.",hey look tour guide get new job
Aww... Cereal? You know I like my breakfast fried or chicken-fried!,aww cereal know like breakfast fry chicken fry
Oh God oh God oh God!,oh god oh god oh god
"Come on! Come on, boy! Oh, please give it back. You want people food? I can get you people food.",come come boy oh want people food people food
"Okay, if the doctor asks why you cut it off, you caught me in bed with four beautiful women.",okay doctor ask cut catch bed beautiful woman
"Well, I really shouldn't, what with my massive blood loss and all... Although I do like the occasional beer...",massive blood loss like occasional beer
"Did you ever see that ""Blue Man Group?"" Total rip-off of the Smurfs. And the Smurfs? They suck.",blue man group total rip smurfs smurfs suck
He can't admit he likes her till he's sure she likes him back. And there's only one way to find out.,admit like till sure like way find
"Ned, Praiseland has touched an entire town with its inspiring message and toxic super-freakouts. Look at those smiling faces.",ned praiseland touch entire town inspire message toxic super freakout look smile face
"Pick me! Pick me! I've got hoop dreams, coach. I've got 'em bad.",pick pick get hoop dream coach get bad
"Yes! Losers! Lo-sers! Lo-sers! L-- You said ""Homer,"" right?",yes loser lo ser lo ser say homer right
"Woo! You da man, Carl. I believe you can fly.",woo da man carl believe fly
"Okay guys, I've got a secret play I've been saving for the Olympics or possibly the Final Four, and it goes something like this... Uh, Skinner I want you... Moe, you can take ... Homer, you can take Groundskeeper Willie. No way am I taking Groundskeeper Willie. Yes you are. Are you a team player or not?",okay guy get secret play save olympics possibly final go like uh skinner want moe homer groundskeeper willie way take groundskeeper willie yes team player
"Soon I will have a miracle hybrid, with the loyalty of a cat and the cleanliness of a dog.",soon miracle hybrid loyalty cat cleanliness dog
"Oh, it feels so good to talk to another human being. Stupid Flanders.",oh feel good talk human stupid flanders
Peek-a-boo! Peek-a-boo! Peek-a-boo! Peek-a-boo! Peek-a-boo! Peek-a-boo! Peek-a-boo!,peek boo peek boo peek boo peek boo peek boo peek boo peek boo
"Don't worry honey, you'll have children of your own someday. Then you'll know my joy.",worry honey child someday know joy
Uh... For frosty chocolate milkshakes. Frosty chocolate milkshakes!,uh frosty chocolate milkshake frosty chocolate milkshake
"Why did you rat me out, kids? Was it because I showered love on those other children while ignoring you?",rat kid shower love child ignore
"Well, I learned my lesson. From now on you two are the only kids I'll care about. Oh, and Maggie.",learn lesson kid care oh maggie
"Hey, wait a minute. ""Airport tax, five dollars?""",hey wait minute airport tax dollar
A poor delicious buffalo. He'll be dinner for the whole wagon train.,poor delicious buffalo dinner wagon train
"I haven't had buffalo in six hours. Marge, how 'bout whipping up some buffalo sausage, huevos buffaleros, and some fresh-squeezed buffal-O.J.",buffalo hour marge whip buffalo sausage huevos buffalero fresh squeeze buffal
"A fortune teller? Oh, no you don't. This phony gypsy just wants to rip you off. See, this wart is a fake!",fortune teller oh phony gypsy want rip wart fake
"Marge, that ""curse"" is just a lot of silly superstition. Right Lisa?",marge curse lot silly superstition right lisa
"Lucky, shmucky. I knocked her up. But she's stuck now -- we're married, till death do us part. But if I died, she'd be completely free. For man or machine.",lucky shmucky knock stick married till death die completely free man machine
"WON'T YOU MARRY ME, BI-ILL? / I GOT THE WEDDING GOWN BI-ILL / 'CAUSE WEDDINGS ARE NI-ICE...",marry bi ill got wedding gown bi ill cause wedding ni ice
"Your Honor, if I may sing a little bit of ""Don't Fear the Reaper"", I think you'll agree that...",honor sing little bit fear reaper think agree
I couldn't agree more. Perhaps some sort of court-appointed baby-sitter or au pair.,agree sort court appoint baby sitter au pair
"Come on, these kids are never gonna use that stuff.",come kid go to use stuff
"Okay, son. Concentrate... Shut out everything but the sound of my criticism.",okay son concentrate shut sound criticism
Ow! Ow! Ow! Oh! Ah! Ow! Ow! Owww! That really hurt.,ow ow ow oh ah ow ow owww hurt
"Wait. I'm to blame, Judge. You see, I was pressuring my wife to make love in front of our son... you're gonna laugh when you hear this... when suddenly...",wait blame judge pressure wife love son go to laugh hear suddenly
"You know, we could get out of these stupid things if you'd just tell the judge you're a bad mother. And you don't even have to say ""bad."" It could be ""negligent"" or ""unfit"" or ""drugged-up.""",know stupid thing tell judge bad mother bad negligent unfit drug
You're right. It's time to stand up to that firm-breasted judge.,right time stand firm breast judge
"Okay, she lives at one Ocean View Drive. Let's start skulking.",okay live ocean view drive let start skulk
"I hate to call a judge dirty names, but there's only one way to describe a nasty super witch like her.",hate judge dirty name way describe nasty super witch like
"The bridge column. Oh, that South. You never know what he'll do next. Hm... Aw. Look at that dad in ""Drabble."" He's like an unfunny version of me.",bridge column oh south know hm aw look dad drabble like unfunny version
No Moe. You've got it all wrong. People buy beer from you.,moe get wrong people buy beer
For what? A little splattered food never hurt anybody. Now everybody shut up and dance!,little splatter food hurt anybody everybody shut dance
Teenage vandals smashing the bar! Moe's gonna kill me.,teenage vandal smash bar moe go to kill
I'm gonna tell Moe exactly what I think of his...,go to tell moe exactly think
I think it's pretty obvious. I'm turning our garage into a tavern. The kind Moe's used to be.,think pretty obvious turn garage tavern kind moe
It's not about spite. It's about petty revenge and getting back at that traitor Moe. Now help me nail up this urinal.,spite petty revenge get traitor moe help nail urinal
"Okay, cranberry sauce, stuffing, potatoes. Come on, turkey. Join your friends.",okay cranberry sauce stuffing potato come turkey join friend
"Here, turkey, turkey... Turkey, turkey, turkey, turkey, turkey...",turkey turkey turkey turkey turkey turkey turkey
"All right turkey. Where are you? Turkeys, the only animal smarter than man.",right turkey turkey animal smart man
"And I'm thankful I get to spend Thanksgiving with my family, these alternative rockers, and my favorite bartender.",thankful spend thanksgiving family alternative rocker favorite bartender
"These fortunes are terrible. They're supposed to predict stuff, and ease you through times of doubt and sickness.",fortune terrible suppose predict stuff ease time doubt sickness
"Okay, let's see... ""The price of stamps will climb ever higher.""",okay let price stamp climb higher
"Let's see. ""You will invent a humorous toilet lid."" ""You will find true love on Flag Day."" ""Your store is being robbed, Apu."" Are you getting all this, Lisa?",let invent humorous toilet lid find true love flag day store rob apu get lisa
"Burns wants me to come along on his date, to show him where hip young people go.",burns want come date hip young people
"Yep, no one's rowdier and more youthful than old man Burns.",yep rowdier youthful old man burn
Oh my God! Oh my God! Oh my God!,oh god oh god oh god
"Um, has the ship sailed on my foot massage suggestion?",um ship sail foot massage suggestion
"Marge, a bee almost stung me today. I felt the wind go right by my ear.",marge bee sting today feel wind right ear
"Love? ""Signed photo""?! Marge hasn't asked me for a signed photo in months! Well I'll show her!",love sign photo marge ask sign photo month
I don't know. But I was quite moved by your letter. I'd love to meet you and your family. Shall we say dinner?,know move letter love meet family shall dinner
"I was having a private conversation with my wife, in the guise of Chad Sexington. Do you mind?",have private conversation wife guise chad sexington mind
"It was hard on me, too. I had to wear a suit. Oh, you're right. I've gotta make it up to her.",hard wear suit oh right get to
Huh?... There have been so many classic Simpson moments. I remember that time I tried to jump over Springfield gorge...,huh classic simpson moment remember time try jump springfield gorge
"Hm, twelve... Well, I remember I used to go hiking a lot with these two guys. With these two guys.",hm remember hike lot guy guy
"It was one of those lazy summer days you thought would last forever. And to kill the boredom, we sang.",lazy summer day think forever kill boredom sing
"WHEN YOU HAVE A RIB-EYE STEAK / YOU MUST FLOSS IT / OH, THAT MEATLOAF TASTED GREAT / YOU MUST FLOSS IT / NOW FLOSS IT, FLOSS IT GOOD.",rib eye steak floss oh meatloaf taste great floss floss floss good
"Now all we need is our astronaut. Bart, where's America's newest hero?",need astronaut bart america new hero
"Son, we are about to break the surly bonds of gravity and punch the face of God.",son break surly bond gravity punch face god
"Okay Nibbles, you can guide her down. Step one: Right in front of you is a blue handle. Pull for a controlled burn of two point four seconds...",okay nibbles guide step right blue handle pull control burn point second
"So, you think you know better than this family, huh. Well, as long as you're in my house, you'll do what I do and believe what I believe. So butter your bacon!",think know well family huh long house believe believe butter bacon
"No, you are an angel like Denzel Washington in ""The Preacher's Wife,"" or Will Smith in ""Bagger Vance,"" or Slimer in ""Ghostbusters.""",angel like denzel washington preacher wife smith bagger vance slimer ghostbusters
"Don't blame me, blame Tinseltown and its second golden age. May it never end.",blame blame tinseltown second golden age end
"Okay Gabriel, this is a ""bar."" It's where I go to drink ""alcohol,"" which is the mortal equivalent of your ambrosia.",okay gabriel bar drink alcohol mortal equivalent ambrosia
"Look, the thing about my family is, there's five of us. Marge, Bart, girl-Bart, the one who doesn't talk, and the fat guy. How I loathe him.",look thing family marge bart girl bart talk fat guy loathe
"Oh, no! The roast beef is making them stronger -- and the falafel is making them angrier!",oh roast beef make strong falafel make angrier
"Look, I did marry her, but I abandoned her. Amber, tell her how I abandoned you.",look marry abandon amber tell abandon
"Look, I married her, but that is as far as we went. We never, ever made whoopee -- or even mouth whoopee.",look marry far go whoopee mouth whoopee
"My lady's glass is empty, Moe. Bring her another cookies 'n' creme martini.",lady glass moe bring cookie n creme martini
"A library selling books? If I don't want 'em for free, why would I want to pay for 'em?",library sell book want free want pay
That's a great idea. Do you think I could run a mile in three and a half minutes?,great idea think run mile half minute
Fellow Springfielders. I have called you all here so we can enter the Duff Book of World Records.,fellow springfielders call enter duff book world records
All right. I'll make a base camp here and try for the summit tomorrow.,right base camp try summit tomorrow
"Now that everyone's so open about being fat, I can finally stop sucking in my gut.",open fat finally stop suck gut
Wait. You went to a sugar factory? Were there Oompa-Loompas?,wait go sugar factory oompa loompas
"Well, well. If it isn't the woman who's too busy saving the world to save her own marriage.",woman busy save world save marriage
"Thank you, Erin Choco-snitch. That was a group effort.",thank erin choco snitch group effort
Count Fudge-ula? I thought you wanted to get off the stuff.,count fudge ula think want stuff
"No Marge, I love when you do that. You're a regular Carin' A-lot-ovich.",marge love regular carin lot ovich
I just poured myself a new glass of milk. The old one sat out for a little while. Are you comin' to bed?,pour new glass milk old sit little comin bed
"Marge, I could stand here and argue with you, but then I'd have to get a new glass of milk. Goodnight, honey.",marge stand argue new glass milk goodnight honey
Marge? Marge is gone! But at least the Demolition Derby form is...,marge marge go demolition derby form
"Ah, this beer's deliskous. I'm gonna saves me wife! Now let's get this show on the road.",ah beer deliskous go to save wife let road
Looks like I need some fuel for me mule. Gas for me ass.,look like need fuel mule gas ass
"Aw, looks like a little angel. Now to save me Marge.",aw look like little angel save marge
"That's okay, Marge, you're a good wet blanket. The kind I like wrapped around me.",okay marge good wet blanket kind like wrap
"It's like being married to my best friend, and he lets me feel his boobs.",like married good friend let feel boob
"Hm, a million dollars? Wait a minute. How much sex would be involved? 'Cause if it's ""some""...",hm million dollar wait minute sex involve
"If we had Artie's money, I could get that snoring surgery. Plus at least two of those other surgeries I desperately need.",artie money snore surgery plus surgery desperately need
"And by funny stuff I mean handholding, goo goo eyes, misdirected woo -- which is pretty much any John Woo film--",funny stuff mean handholding goo goo eye misdirect woo pretty john woo
"This round's on me, Moe. I got a big payday comin'.",round moe get big payday comin
Yeah. Homer sold his wife for a million bucks.,yeah homer sell wife million buck
"Gee, a million bucks, that's gonna buy him a lot of, uh... Swings in the old battin' cage.",gee million buck go to buy lot uh swing old battin cage
"Wait, you really think Marge is gonna fall for this guy? Even after I bought her that hockey-fight tape?",wait think marge go to fall guy buy hockey fight tape
"Oh God, you're right. I've gotta get her back before it's too late.",oh god right get to late
"Oh guys, it was horrible. I saw Marge kissing a far superior man.",oh guy horrible see marge kiss far superior man
"My life here is over. Lenny, how'd you like to leave town with me, and never come back?",life lenny like leave town come
"I'm leaving you, Marge. The next time you see my name will be in the hobo obituaries. Don't worry about the kids -- I'll drop 'em off with Patty and Selma.",leave marge time hobo obituary worry kid drop patty selma
"This job'll be perfect. I'm gonna leave this world the way I entered it -- dirty, screaming and torn away from the woman I love.",perfect go to leave world way enter dirty scream tear away woman love
Why? So I can watch my wife spend the rest of her life in the arms of another man? I don't think so. Good day.,watch wife spend rest life arm man think good day
"Artie, thanks for saving my life. Now, I believe there's a little matter of the million dollars...",artie thank save life believe little matter million dollar
"Oh, I can't take his money... I can't print my own money... I have to work for money... Why don't I just lie down and die?",oh money print money work money lie die
"I gotta hand it to Artie Ziff, Marge. That little nerd saved my life.",get to hand artie ziff marge little nerd save life
You wait 'til next month! You wait 'til next month!,wait til month wait til month
"Hey Marge, watch me burn Flanders. Ned Flanders bids fifty dollars.",hey marge watch burn flanders ned flanders bid dollar
"Look, boy. Here's my advice on women: don't give them nicknames like ""jumbo"" or ""boxcar"" and always get receipts -- it makes you look like a business guy...",look boy advice woman nickname like jumbo boxcar receipt make look like business guy
DE-FENSE! DE-FENSE! DE-FENSE!,de fense de fense de fense
"Ooh, who's a good dog? What a goody doggie! Oh what dee de bobo! Echee chee googie!",ooh good dog goody doggie oh dee de bobo echee chee googie
"Look Bart, sometimes dogs, or people, hate you for no reason.",look bart dog people hate reason
"Well, I thought if you were looking to worship someone, maybe it could be your old man?",think look worship maybe old man
My son lost his hero. This should be the greatest night of my life. How come I'm not happy?,son lose hero great night life come happy
Here you go. Just stop this bank robbery and you'll be a hero again. I'll wait in the car.,stop bank robbery hero wait car
"Not now, Marge. I'm waitin' for the new XFL season. Who will win this year's Million Dollar Game? Who? Who?",marge waitin new xfl season win year million dollar game
"Aw, Dad... We've got what people never get, a second chance.",aw dad get people second chance
"Yeah, yeah, yeah, yeah. We'll call you. Or send you some fruit.",yeah yeah yeah yeah send fruit
Lisa doesn't borrow my car and stay out all night with some... hoochie.,lisa borrow car stay night hoochie
"No, he's gotta learn, Marge. The way my dad made me learn.",get to learn marge way dad learn
"Overdue book?! This is the biggest frame-up since O.J. Wait a minute... blood in the Bronco... the cuts on his hand... those Jay Leno monologues... Oh my God, he did it!",overdue book big frame wait minute blood bronco cut hand jay leno monologue oh god
"Oh yeah, I checked that out when Bart was born. I was gonna read to him every day.",oh yeah check bart bear go to read day
Stuff kept comin' up -- mostly car-related. Piece of crap...,stuff keep comin car relate piece crap
"Hm, ""Homer's Odyssey."" Is this about that mini-van I rented once?",hm homer odyssey mini van rent
"That mini-van had the biggest cup holders. And change slots for every coin, from penny to quarter!",mini van big cup holder change slot coin penny quarter
"Anyway, over torture, one of your soldiers mentioned that you collect giant wooden animals. We hope you don't have a horse.",torture soldier mention collect giant wooden animal hope horse
Forget it. Sacrificing animals is barbaric. Now have the slaves kill the wounded.,forget sacrifice animal barbaric slave kill wounded
"My son, I have some shocking news. I was murdered. Murdered, I tells ya!",son shocking news murder murder tell ya
"Son, it's not only a great play, but also became a great movie. Called ""Ghostbusters.""",son great play great movie call ghostbusters
"Oh, that poor little boy. We've got to find him.",oh poor little boy get find
"So it's opposite land. Crooks chase cops, cats have puppies...",opposite land crook chase cop cat puppy
TAKE ME TO THE HOTEL / MY HANDS ARE ON A GUY'S ASS / BOY THIS DUDE MUST WORK OUT...,hotel hand guy ass boy dude work
Gimme a drink with all your sweetest Brazilian fruits mixed together.,gimme drink sweetest brazilian fruit mix
"So Lisa says by killing their enemy, I became the alpha-crow.",lisa say kill enemy alpha crow
I hate getting stitches in my eyes. Stupid crows.,hate get stitch eye stupid crow
"Okay, let's see: ""Toke as needed. Caution: objects may appear more edible than they actually are.""",okay let toke need caution object appear edible actually
"THEY BURNED DOWN THE GAMBLING HOUSE - IT DIED WITH AN AWFUL SOUND / I AM HUNGRY FOR A CAN-DY BAR / I THINK I'LL EAT A ""MOUNDS""...",burn gambling house die awful sound hungry dy bar think eat mound
I could walk up to the President and blow smoke in his stupid monkey face and he'd just have to sit there groovin' on it.,walk president blow smoke stupid monkey face sit groovin
"Hey, it's me. I got Marge on the other line and she is totally bumming me out.",hey get marge line totally bum
"Which you must never use because it will ruin your life, lets Daddy see and hear magical things you will never experience. Ever.",use ruin life let daddy hear magical thing experience
"Oh my God, this dude does the best Flanders! You got the mustache and the didilly... Okay, now do Wiggum.",oh god dude good flanders get mustache didilly okay wiggum
"Oh-ho-ho-ho right, the God dude. Hey, I got a question for you.",oh ho ho ho right god dude hey get question
"We gotta get out and stop that initiative. Marge, I'm gonna need ten thousand veggie burritos.",get to stop initiative marge go to need thousand veggie burritos
"Oh, man. Oh, man. We killed Mr. Burns. Mr. Burns is gonna be so mad.",oh man oh man kill burns burns go to mad
"Mr. Burns, as we're running long, may we skip your speech and go directly to the questions?",burns run long skip speech directly question
"Things started out great. I ate what my mother ate. And my mother loved chili. Then, suddenly:",thing start great eat mother eat mother love chili suddenly
Then came the day that changes every couple forever. The day we got our elephant.,come day change couple forever day get elephant
"While I wait for my family, I'll tell you about the time my baby shot my boss.",wait family tell time baby shoot boss
"All my other senses are getting sharper. Bart, you had pizza for lunch. Lisa, you're extremely depressed.",sense get sharp bart pizza lunch lisa extremely depressed
"Always drawing your old man, huh? You must think I'm the greatest dad in the world.",draw old man huh think great dad world
That guy's hilarious. I especially like his white shirt and blue pants. Wait a second... Angry Dad is me!,guy hilarious especially like white shirt blue pant wait second angry dad
"Stupid ""Bart-toon""! Bart-toon, that's clever. I'm gonna kill him!",stupid bart toon bart toon clever go to kill
Homer mad! Homer smash! Get revenge on world!,homer mad homer smash revenge world
"I need some supplies: a keg of beer, and a six-pack to hold me till I tap the keg.",need supply keg beer pack hold till tap keg
"Oh my God! I know you must get this all the time, but can I suggest a flavor?",oh god know time suggest flavor
Don't worry. I'm just gonna drain the area around your wound. So cold... so cold...,worry go to drain area wound cold cold
"Dirty love. I mean, thirty love. I mean, anyone for penis? I'll just get the shuttlecock.",dirty love mean thirty love mean penis shuttlecock
"Marge, why are you crying? You're not in any physical pain. The only kind of pain a man can understand.",marge cry physical pain kind pain man understand
"Let's say this pepper got married to this salt shaker, and along comes sexy Mrs. Dash...",let pepper get married salt shaker come sexy dash
I bought the issue for Richard Avedon's pictures of Lenny.,buy issue richard avedon picture lenny
I TAKE A WHISKEY DRINK / I TAKE A CHOCOLATE DRINK / AND WHEN I HAVE TO PEE / I USE THE KITCHEN SINK / I SING THE SONG THAT REMINDS ME I'M A URINATING GUY!,whiskey drink chocolate drink pee use kitchen sink sing song remind urinating guy
FLEX! FLEX! FLEX! FLEX! FLEX! FLEX! FLEX!,flex flex flex flex flex flex flex
"I was trying to throw Bart over the roof, and he got stuck in this tree.",try throw bart roof get stick tree
"Guys, I just ordered my wife the greatest anniversary present -- a koi pond.",guy order wife great anniversary present koi pond
"Aw, the poor thing's in pain. What he needs is a visit from kindly old Dr. Foot.",aw poor thing pain need visit kindly old foot
Lousy Community Service. Meals on wheels! Eat it up or I go to jail!,lousy community service meal wheel eat jail
Please don't kill me! I won't tell anyone about the skeleton. And I could bring you more victims. Like Lenny! He'd go great with wild rice.,kill will tell skeleton bring victim like lenny great wild rice
"Hey, I'm not running an employment service, you old ba-- Oh-ho-ho, you mean me? I'd be delighted.",hey run employment service old oh ho ho mean delighted
"Hello?... Uh-huh. Yes Mrs. Bellamy, I'll be right there.",hello uh huh yes bellamy right
"Oh-ho, so it's a good thing she died. From our point of view. Financially.",oh ho good thing die point view financially
"Don't worry, Marge. I'll cut us a deal by becoming a jailhouse snitch. I know who stopped up the toilet!",worry marge cut deal jailhouse snitch know stop toilet
Can't you do anything? Surprise witnesses? Evidence tampering? Play the race card. Play it.,surprise witness evidence tamper play race card play
I want to confess. I killed and robbed the old lady all by myself. Marge is completely innocent. The only thing she's guilty of is loving too much the murder I did.,want confess kill rob old lady marge completely innocent thing guilty love murder
"Well, I'm glad everyone's all right, but I think you should be ashamed -- toying with a human life for TV ratings.",glad right think ashamed toy human life tv rating
"I admit it. I did screw up, but I won't feel guilty until I can put a human face on this.",admit screw will feel guilty human face
"Hey, you know, stopping criminals is fun. And I felt like a big man pushing that kid around.",hey know stop criminal fun feel like big man push kid
"You know, I've had a lot of jobs: boxer, mascot, astronaut, imitation Krusty, baby proofer, trucker, hippy, plow driver, food critic, conceptual artist, grease salesman, carny, Mayor, grifter, bodyguard for the Mayor, country western manager, garbage commissioner, mountain climber, farmer, inventor, Smithers, Poochie, celebrity assistant, power plant worker, fortune cookie writer, beer baron, Kwik-E-Mart clerk, homophobe, and missionary. But protecting Springfield, that gives me the best feeling of all.",know lot job boxer mascot astronaut imitation krusty baby proofer trucker hippy plow driver food critic conceptual artist grease salesman carny mayor grifter bodyguard mayor country western manager garbage commissioner mountain climber farmer inventor smithers poochie celebrity assistant power plant worker fortune cookie writer beer baron kwik e mart clerk homophobe missionary protect springfield give good feeling
"Fellas, I'm starting my own private police force. Will you join me?",fellas start private police force join
"Flanders, I was able to find your missing leaf blower, belt sander and morning newspapers.",flander able find miss leaf blower belt sander morning newspaper
"You know, the old lady's apartment was actually Lenny's. We just used a different duvet cover.",know old lady apartment actually lenny different duvet cover
"Now that I am the law, I'm gonna make a lot of changes around here. First, I'm gonna cut overhead by freeing Otis, the lovable town drunk.",law go to lot change go to cut overhead free otis lovable town drunk
"If that thug thinks he can run me out of town... oh man, I love this song.",thug think run town oh man love song
"I don't get it. I finally did a job where I wasn't lazy, stupid, or corrupt -- and now I'm gonna get killed for it.",finally job lazy stupid corrupt go to kill
"She's just like Clark Kent. When there's lots of excitement, she's nowhere to be found. Nighty-night, sweetie.",like clark kent lot excitement find nighty night sweetie
The hammock man! I'm glad he's a little early today.,hammock man glad little early today
"Wow, four of me. I think this could be a magic hammock. And it just might be the answer to my problems.",wow think magic hammock answer problem
"Oh, how to explain this to a child... Hm... Future Daddy needs to double-kill these corpses so they won't come back as zombies, and-- Get 'im!",oh explain child hm future daddy need double kill corpse will come zombie m
"Hear me, people of Springfield. I come from yet another distant future where gun violence has destroyed the very Earth itself.",hear people springfield come distant future gun violence destroy earth
"Marge, you were like a wild beast. So voracious and prowly.",marge like wild beast voracious prowly
"Oh my God! She's become a monster! Which I have to admit, I sort of suspected during the sex.",oh god monster admit sort suspect sex
Gotta find a way to change Marge back. And replace the M&Ms I took from the mini bar.,get to find way change marge replace take mini bar
Wait'll Moe sees how wasted I got without him. He's gonna plotz.,moe see wasted get go to plotz
"Ah, I don't care about the color of your skin, Lenny. You're my friend!",ah care color skin lenny friend
I don't remember anybody telling me I was gonna be on TV.,remember anybody tell go to tv
"Oh you know, I'm a guy at a place. How'd you get such a crappy job? You a convict or a junkie?",oh know guy place crappy job convict junkie
Oh yeah... wife and two or three kids. Can't imagine my life without 'em.,oh yeah wife kid imagine life
"One minute, you're a carefree teenager with dreams of being a rock star, or a photographer for Playboy... Then bam, some babe gets her claws in ya...And boom, you got a buncha kids that always need love.",minute carefree teenager dream rock star photographer playboy bam babe get claw ya boom get buncha kid need love
"So whammo, you get stuck in some boring job where they don't let you play guitar or take pictures of naked women, and all you can do is watch yourself get bald and fat, and kiss your dreams good-bye...",whammo stick boring job let play guitar picture naked woman watch bald fat kiss dream good bye
"Oh, I can't believe they took ""Monkey Trauma Center"" off for this.",oh believe take monkey trauma center
"Oh, I don't resent you, sweetheart. What I was trying to say, and maybe I didn't use the right words, was that marriage is like a coffin and each kid is another nail, but as coffins go...",oh resent sweetheart try maybe use right word marriage like coffin kid nail coffin
"""The Rolling Stones Rock 'n' Roll Fantasy Camp!!"" But I thought you guys were mad at me. For once in my life, I'm confused.",rolling stones rock n roll fantasy camp think guy mad life confused
Omigod! Omigod! Omigod! It's Mick Jagger and Keith Richards...,omigod omigod omigod mick jagger keith richards
"Uh-huh. Now I'm afraid that if I stop talking, I'll die. Isn't Mick cool? I thought he'd be all like, ""I'm a rock star. Aren't I great?"" But he's just like you or me or Jesus over there.",uh huh afraid stop talk die mick cool think like rock star great like jesus
I'm entitled to a private life! I'm not a role model! And so forth.,entitle private life role model forth
"Test... ""TEST TEST, YOU'RE TESTIN' MY LOVE FOR YOU, CHECK CHECK, YOU'RE CHECKIN' TO SEE IF I'M TRUE...""",test test test testin love check check checkin true
TEST ONE-TEST TWO-TEST THREE-TEST FOUR YOU TEST ME LIKE THE WATER IN EL SALVADOR...,test test test test test like water el salvador
"BABY, BABY, BABY, BABY, BABY... Uh-oh.",baby baby baby baby baby uh oh
"There's no need for apologies, guys. You're rock stars! You're supposed to be reckless and destructive, and be celebrated for behavior that would land normal people in jail.",need apology guy rock star suppose reckless destructive celebrate behavior land normal people jail
"I can't take any more of these shows. If I wanted reality, I'd finally have this lump looked at.",show want reality finally lump look
"Stupid writers and actors, priced yourselves right out of the business. Nice going, geniuses.",stupid writer actor price right business nice go genius
"Marge, we can't pinch pennies on the machine that's going to be raising our children.",marge pinch penny machine go raise child
"Come on, kids. Daddy knows a way to get the money... with no risk.",come kid daddy know way money risk
"Hey, Flanders -- check out my new satellite dish!",hey flanders check new satellite dish
Dew-ey! Dew-ey! Dew-ey!,dew ey dew ey dew ey
... And that's how my beautiful wife brought our son Bart into the world.,beautiful wife bring son bart world
"Hey, why would I want Purina when I've got Fancy Feast right here?",hey want purina get fancy feast right
"Aw, it sounds like all you're looking for is a little reassurance. Well...",aw sound like look little reassurance
"Well, that cinches it. Lisa gets the prize for the best off-the-cuff response.",cinch lisa get prize good cuff response
"That's not true, Lisa, there are a lot of complicated issues here, that can only be explained through song.",true lisa lot complicated issue explain song
"YOU TOOK A TWENTY-KARAT DIAMOND, AND MADE IT GLEAM / LIKE A BIG SPAGHETTI DINNER, SMOTHERED IN WHIPPED CREAM.",take karat diamond gleam like big spaghetti dinner smother whipped cream
"I came out the elephant's mouth, right? 'Cause I already showered once today.",come elephant mouth right shower today
"Check out those non-skybox losers, watching hockey without sushi. If you can call that hockey.",check non skybox loser watch hockey sushi hockey
Because she took the trouble to wander away and talk to a stranger.,take trouble wander away talk stranger
Don't worry. We'll just hang out in front of the house beside these garbage cans. The time will just fly by.,worry hang house garbage can time fly
"I know, we'll stay with my very best friend in the world, Lenny.",know stay good friend world lenny
"Oh-ho-ho, you look adorable, Lisa.",oh ho ho look adorable lisa
"Look, we can't give up. We're on TV. And when you're on TV, you dig in your claws and you never let go. Just like Bill Moyers!",look tv tv dig claw let like bill moyers
Marge! Throw me an old-timey rope in an old-timey way!,marge throw old timey rope old timey way
"Wow. Marge, I think I figured out their primitive language!",wow marge think figure primitive language
No more reality shows for us. Let's watch some quality scripted television.,reality show let watch quality scripted television
"Hmm... Well, there's Mr. Burns, Fat Tony, The Emperor of Japan, ex-President Bush.",hmm burns fat tony emperor japan ex president bush
"PBS, Stephen Hawking, the fat little Dixie Chick...",pbs stephen hawking fat little dixie chick
"Mardi Gras, eh? Didn't last year's king have to abdicate because he married a commoner?",mardi gras eh year king abdicate marry commoner
"Look, Junior. I expect this to be fixed with quality GM parts.",look junior expect fix quality gm part
Oh my God! Attention drunken idiots: this is your king! Sacrifice yourselves to slow me down!,oh god attention drunken idiot king sacrifice slow
Don't be so sure. I've got my legs wrapped around your ass pretty tight.,sure get leg wrap ass pretty tight
"Whoa, wait. Frank Grimes wasn't married. How could he have a son?",whoa wait frank grimes marry son
"Yeah, it's every parent's dream to outlive their children. Goodnight, son.",yeah parent dream outlive child goodnight son
Bart! Turn down that original cast recording and go to sleep!,bart turn original cast recording sleep
You know what made me feel better about myself? That award I got for World's Greatest Dad.,know feel well award get world greatest dad
"Hey Skinner! Do you and Edna want to join Marge and me at ""Great Moments With Mr. Eisner""?",hey skinner edna want join marge great moments eisner
Oh-my-God-oh-my-God-oh-my-God.,oh god oh god oh god
"Hey, your kid is in the movie -- and the movie knows his name. Maybe Lisa will like this better than the diary. Stupid Flanders, you're a genius!",hey kid movie movie know maybe lisa like well diary stupid flanders genius
But it's a personalized video about my favorite little star -- Lisa Simpson.,personalized video favorite little star lisa simpson
"I need you to find out everything about my daughter, so she'll think I'm a good Dad.",need find daughter think good dad
"Anything to trick my daughter into liking me. Now, if you need to reach me, my email is chunkylover53 at AOL.",trick daughter like need reach email aol
I thought you might like to go to an animal rights protest today.,think like animal right protest today
On the way home we could stop and get your favorite treat: ice...cream!,way home stop favorite treat ice cream
"Uh, report is a daddy word that means ""loves his daughter.""",uh report daddy word mean love daughter
"You did it! Lisa thinks I'm the greatest. I might even put you to work on Bart and Maggie, go superdad on all their asses.",lisa think great work bart maggie superdad ass
"Oh yes. Well, let's take a look and see-- a thousand dollars! How did you spend a thousand dollars?",oh yes let look thousand dollar spend thousand dollar
You've been living like a king on my dollar... Super unleaded gas... Silver bullets?,live like king dollar super unleaded gas silver bullet
I can't believe the man who agreed to follow my daughter around -- for money -- would turn out to be a dirt bag.,believe man agree follow daughter money turn dirt bag
"... pay attention to you, my sweet little father-loving pile of forgiveness. Yes.",pay attention sweet little father love pile forgiveness yes
"Hello, this is a phone survey. If the election were held today, would you vote for ""A"" the cops are there, or ""B"" you are free to talk?",hello phone survey election hold today vote cop b free talk
"Lisa, I can't lie to you any longer... this is all my fault. I'm the worst dad in the world.",lisa lie long fault bad dad world
"Cheer up, honey, we're living an all natural existence, the kind you like. Ooh, a trash can. We'll find breakfast in here.",cheer honey live natural existence kind like ooh trash find breakfast
We'll just tell the police and then I'm back to being plain old Rock Strongo.,tell police plain old rock strongo
"Oh, Lisa has excellent hearing. Once when she was three, I was quietly sobbing in the closet and she found me!",oh lisa excellent hearing quietly sob closet find
The weights that changed you from a Bavarian creme puff to a mass of twitchy muscles?,weight change bavarian creme puff mass twitchy muscle
"Yep, but you're still safe at home. After a few practice trips here, the real Kwik-E-Mart will be a piece of cake. Now, Bart will play Apu...",yep safe home practice trip real kwik e mart piece cake bart play apu
"Look, I'm the first to admit it. I don't write good parts for women.",look admit write good part woman
"Listen kids, your Mom is going to be living in the basement. But with our love, she'll get better soon.",listen kid mom go live basement love well soon
"Wow honey, eating dinner downstairs is great! Isn't it, kids?",wow honey eat dinner downstairs great kid
Ow-wooh-wooh-wooh! I'm married to Joey Heatherton.,ow wooh wooh wooh married joey heatherton
"Alright Mom! / Yay, Mom! / Woo hoo!",alright mom yay mom woo hoo
"Somewhere in that sea of bull hormones is the sweet, wonderful girl I married. The woman who instead of swatting a fly, will give it a bath and send it on its way. I'd sure like to go home and have Jiffy Pop with her.",sea bull hormone sweet wonderful girl marry woman instead swat fly bath send way sure like home jiffy pop
Good. Can you wax the car? Ow! Ow! Ow! I'm kidding! I'm kidding!,good wax car ow ow ow kid kid
It's not fair. I always wanted to drive a food-shaped car.,fair want drive food shape car
They thought of everything! How come all the good things happen to Jesus H. Nice? By which I mean Flanders!,think come good thing happen jesus nice mean flanders
"Flanders, what's your secret? You never get arrested, you don't buy your clothes at ""Mr. Blob"" and look at your beautiful lawn. It sickens me.",flanders secret arrest buy clothe blob look beautiful lawn sicken
"It worked! I got my wish! From now on, I'll pray till my hands are chapped and bleeding.",work get wish pray till hand chap bleed
Vengeful God / Loving God. Vengeful God / Loving God. Vengeful God / Loving God. Vengeful God / Loving God. I could do this all day. And I just might. Vengeful God / Loving God. Vengeful God / Loving God.,vengeful god love god vengeful god love god vengeful god love god vengeful god love god day vengeful god love god vengeful god love god
"You know, I used to think God only helped professional athletes and Grammy winners. But now I realize he helps shmoes like me, too, Carl.",know think god help professional athlete grammy winner realize help shmo like carl
"Dear Lord, as I think of you, dressed in white with your splendid beard, I am reminded of Colonel Sanders, who is now seated at your right hand, shoveling popcorn chicken into thy mouth. Lord, could you come up with a delicious new taste treat like he did? I command you!",dear lord think dress white splendid beard remind colonel sanders seat right hand shovel popcorn chicken thy mouth lord come delicious new taste treat like command
Mmm. Move over eggs. Bacon just got a new best friend: Fudge.,mmm egg bacon get new good friend fudge
"Oh Lord, I see thou art working through thy imperfect vessel, Marge. For thou art most wise...",oh lord thou art work thy imperfect vessel marge thou art wise
"Look, this church is our only option. Don't you kids want to live here?",look church option kid want live
"You're right, Marge. I'll make it up to them. By throwing the bitchin-est beer bash this church has ever seen!",right marge throw bitchin est beer bash church see
She went to Lovejoy's temporary church. She's worried about her immortal soul.,go lovejoy temporary church worried immortal soul
"Oh look, God's giving us a little shower.",oh look god give little shower
"Oh, wet and wonderful God, your flood has driven us to the roof of your church. Surely this has proven whatever point you had.",oh wet wonderful god flood drive roof church surely prove point
La la la la la la la la la.,la la la la la la la la la
La la la la la la la. Nothing left. La la la... la... la.,la la la la la la la leave la la la la la
"I know this looks bad, but if you reverse it, Daddy's a hero!",know look bad reverse daddy hero
"Hey, my dad was lousy and I didn't sue him. I just dumped him in the cheapest home I could find.",hey dad lousy sue dump cheap home find
"Why you little...! Um, I'm sorry, Judge. That's a rare lapse in my normally calm demeanor.",little um sorry judge rare lapse normally calm demeanor
"Son, I just want you to know, whatever that judge decides, I'm gonna be the best dad I can.",son want know judge decide go to good dad
For the past week I've been carrying around this bag of sugar. It's taught me how to love and care for a child.,past week carry bag sugar teach love care child
"You know son, I've been doing a lot of thinking. I was wrong to exploit you, and I won't do it again.",know son lot thinking wrong exploit will
"Yeah, I make up words too. Anyway, I was wondering if you could pretend to lose to me in a skateboarding contest so I can be a hero to my boy again.",yeah word wonder pretend lose skateboarding contest hero boy
"You know, I could save money by buying separate nuts and mixing them at home.",know save money buy separate nut mix home
"Woo hoo! I rule this pseudo sport! Come back to me, boy!",woo hoo rule pseudo sport come boy
"Aw, that's the dumbest thing I ever heard, you stupid little kid.",aw dumb thing hear stupid little kid
"Finally, someone explains it to me in words I can understand. Look, boy. I know I did wrong and I am truly sorry.",finally explain word understand look boy know wrong truly sorry
That sounds like a magical family moment. I'm sorry I won't be there.,sound like magical family moment sorry will
"Oh, sweetie, you're the most important thing to me in the whole world. Only very serious Daddy business can tear me from your side.",oh sweetie important thing world daddy business tear
Three Ribwiches please. And instead of a shake I'd like a blended Ribwich.,ribwiche instead shake like blend ribwich
"Not again! First you took away my Philly Fudge Steak, and then my Bacon Balls, then my Whatcha-ma-chicken. You monster!",take away philly fudge steak bacon balls whatcha ma chicken monster
"Lisa? Is this what I've come to? Fighting over a stupid sandwich on my daughter's big day? Mister, I'll take that car.",lisa come fight stupid sandwich daughter big day mister car
"Yeah, you're the number one speller in this car or in that car or in that car or, don't look at that car.",yeah number speller car car car look car
"Flanders, I mix Twinkies and Ding Dongs all the time. In Europe they call it a Dinkie.",flander mix twinkie ding dongs time europe dinkie
Now wait just a minute -- I used to worry Marge was too good for me. She was always thinking of ways to improve me. But then part of her died and she doesn't try any more. So we're all where we want to be.,wait minute worry marge good think way improve die try want
"Hello? Yes, I'm Ned Flanders' close personal friend... that's right, hot and heavy... they've never been happier. Oh yes, I she does look pregnant. Now, who might you be? A tabloid? Is that one of those really strong mints? Hello? Hello?",hello yes ned flanders close personal friend right hot heavy happy oh yes look pregnant tabloid strong mint hello hello
"Look, Flanders. I'm always interested in talking about free milk. And if there's cookies involved, so much the better.",look flanders interested talk free milk cookie involve well
"Krusty, you've let everyone down. And even worse, you've let down this sacred document.",krusty let bad let sacred document
"Oh, no! That's Maggie's mix tape! Then Maggie must have gotten...",oh maggie mix tape maggie get
"That's it! Thank you, outdoor advertising! You saved my marriage -- and not for the first time.",thank outdoor advertising save marriage time
"""Releasing your inner screenplay,"" ""Create an online kennel,"" ooh, ""Strip for your wife!""",release inner screenplay create online kennel ooh strip wife
"Listen up, ""life obstacles."" From now on, nothing's gonna stand in Homer Simpson's way!",listen life obstacle go to stand homer simpson way
"Hmm. What next, Megatronics? ""Point out problems at your workplace to your boss. To separate yourself from the herd, just tattle on the cattle. Hm.",hmm megatronics point problem workplace boss separate herd tattle cattle hm
"Mr. Burns, I've made a list of recommendations to improve plant efficiency.",burns list recommendation improve plant efficiency
"Well, he does. All my life I've had one dream: to achieve my many goals. Mr. Burns has never given me a thumbs up or a ""way to be"" or a ""you go, girl."" No, he just steps all over everyone who works for him, taking pleasure in making us feel small.",life dream achieve goal burns give thumb way girl step work take pleasure make feel small
I gave Mr. Burns the best years of my life. And how much respect does he give me?,give burns good year life respect
"Unlike Mr. Burns, I will respect you, the working class slob, because we are all equals. And now, as I ascend this crystal staircase to my office, I say: avert your gaze!",unlike burns respect work class slob equal ascend crystal staircase office avert gaze
"Lisa, I deeply resent...with a big bowl of applesauce.",lisa deeply resent big bowl applesauce
"Yes, yes. If I keep putting work first, I'll lose everyone I care about, just like you did.",yes yes put work lose care like
Ow! Ow! He bit me! You saw him! He bit me! You little...,ow ow bite see bite little
"You may be a smart kid, Lisa, but you don't know much about not hurting people's feelings.",smart kid lisa know hurt people feeling
"Oh, right. Chinese guy, Chinese guy, frisbee dog...",oh right chinese guy chinese guy frisbee dog
"Aww, Marge saved all this stuff from when we were going out. The fake business card I made up to impress her...",aww marge save stuff go fake business card impress
Moe's Tavern Grand Opening... That was back when his floors were sticky with promise.,moe tavern grand opening floor sticky promise
"""Dear Homer, I can't believe you're making this the worst night of my life.""",dear homer believe make bad night life
"Why did she stay with me if she hated me so much? Hey, two days later she had a doctor's appointment.",stay hate hey day later doctor appointment
"Oh, so you don't like it when I drink. What other secrets have you been hoarding to use against me?",oh like drink secret hoard use
"It is to me! Marge, I can't live like this! I'm tired of walking around on eggshells.",marge live like tired walk eggshell
"Kids, sometimes when a daddy learns that a mommy always hated him, he needs some time away to think.",kid daddy learn mommy hate need time away think
"Stupid Flanders with his misleading silhouette. Well, I guess I have no choice but to go back home and... hey, I never noticed that newspaper box.",stupid flanders mislead silhouette guess choice home hey notice newspaper box
"Me too. I'm a member of this club where if I eat one more sub sandwich, I get a free sub sandwich. You probably saw the ads, with this guy who used to be fat, but now he's just ugly.",member club eat sub sandwich free sub sandwich probably see ad guy fat ugly
Are you trying to tell me that you guys are those guys that like guys?,try tell guy guy like guy
"Marge, please. Let's not fight in front of the kids. Just secretly hate me the way you always have.",marge let fight kid secretly hate way
How much do you tip a leg waxer? I need to know by tomorrow!,tip leg waxer need know tomorrow
"Maybe it is. I used to look at Marge and get the same tingle you guys get when you see Rip Taylor. But now, I don't know what's gonna happen. C'mon, let's dance.",maybe look marge tingle guy rip taylor know go to happen let dance
"Which one was better: ""Livin' La Pizza Loca"" or ""Another One Bites The Crust""?",well livin la pizza loca bites crust
Wait a minute... Marge likes a little bit of stubble.,wait minute marge like little bit stubble
"I've learned a lot living here. It doesn't matter what someone's sexual preferences are, unless they're a celebrity, in which case it's dish, dish, dish!",learn lot live matter sexual preference celebrity case dish dish dish
Sorry I'm late -- the Velvet Mafia made me a Margarita I couldn't refuse.,sorry late velvet mafia margarita refuse
"But it was Marge. My first and only love. I'm like David Spade without Chris Farley, alone and useless!",marge love like david spade chris farley useless
Wow. Wow. I never realized you felt about me that way. We should really take some time to talk and...I'd just end up hurting you!,wow wow realize feel way time talk end hurt
Those suck. They're worse than nothing. I could write way better songs.,suck bad write way well song
"Flanders, I am a patient, reasonable, handsome man. But even I have my limits. Now beat it!",flander patient reasonable handsome man limit beat
How am I supposed to write a song with that stupid jerk bothering me all the time... Wait a minute...,suppose write song stupid jerk bother time wait minute
EVERYBODY IN THE USA / HATES THEIR STUPID NEIGHBOR / HE'S FLANDERS AND HE'S REALLY REALLY LAME / FLANDERS TRIED TO WRECK MY SONG / HIS VIEWS ON BIRTH CONTROL ARE WRONG / I HATE HIS GUTS AND FLANDERS IS HIS NAME.,everybody usa hates stupid neighbor flanders lame flanders try wreck song views birth control wrong hate guts flanders
HE'S THE MAN THAT I HATE BEST / I'D LIKE TO SEE HIS HOUSE GO UP IN FLAME!,man hate best like house flame
"Hey, Mister? If you like my song so much, would you like to buy a tape? It's already rewound.",hey mister like song like buy tape rewound
Me too -- I've come to hate my own creation. Now I know how God feels.,come hate creation know god feel
And fight the crowds? Forget it. The Simpsons are going to Bart's idea!,fight crowd forget simpsons go bart idea
This dude ranch is gonna be great -- a whole week without hearing that stupid song.,dude ranch go to great week hear stupid song
"We did it! Finally, man has triumphed over a small, furry animal!",finally man triumph small furry animal
"It's okay, Bart. This track has been abandoned since nineteen -- uh-oh.",okay bart track abandon nineteen uh oh
"Watch your step... Don't panic... By going down the ladder, you are agreeing not to sue.",watch step panic go ladder agree sue
"Oh thank God, the dog's here! Pull me free, boy.",oh thank god dog pull free boy
Flames? Searing pain? A black cat? I must be in heaven.,flame sear pain black cat heaven
I always thought cats were just for losers who live in apartments until my life was saved by this sweet little kitty.,think cat loser live apartment life save sweet little kitty
"All my life, Kent. I prefer ""catsup"" to ""ketchup."" And to me, ""Yusuf Islam"" will always be ""Cat Stevens.""",life kent prefer catsup ketchup yusuf islam cat stevens
"I want you to just sit there, look through the window and watch me eat a ham. Marge, prepare the emergency ham.",want sit look window watch eat ham marge prepare emergency ham
"Boy, you're now second best in the family, right ahead of Marge.",boy second well family right ahead marge
"Aww. There, there, boy. I'll help you get him back. He may have been a dirty, stinkin' coward, but show me a Simpson that isn't.",aww boy help dirty stinkin coward simpson
"Now let me think. How did that beautiful young naked lady in ""Jaws"" make it out alive?",let think beautiful young naked lady jaws alive
"I'm sorry I was ever mean to you. Marge, prepare the celebration ham.",sorry mean marge prepare celebration ham
"Hey, take it easy. I went to the video store, to rent a movie for the family...",hey easy go video store rent movie family
"I DANCE, I DANCE, I DANCE / AROUND A MEXICAN HAT / I DANCE, I DANCE, I DANCE / AND THAT'S THE END OF THAT / OR IS IT I GUESS I'LL KEEP SINGING / MY CELL PHONE APPEARS TO BE RINGING...",dance dance dance mexican hat dance dance dance end guess singing cell phone appear ringing
DVD player? Check. Snow-cone machine? Check. Lite Brite?,dvd player check snow cone machine check lite brite
"CHAKA KHAN, LET ME ROCK YOU / LET ME ROCK YOU, CHAKA KHAN / CHAKA KHAN CHAKA KHAN...",chaka khan let rock let rock chaka khan chaka khan chaka khan
"That reminds me, we gotta pick up my slacks at that dry cleaner in Shelbyville.",remind get to pick slack dry cleaner shelbyville
"Thanks for picking my friends up from the strip club, Marge.",thank pick friend strip club marge
Public transportation is for jerks and lesbians. I guess I'll walk.,public transportation jerk lesbian guess walk
"Now now, honey. We all appreciate what you do. But real chauffeurs have uniforms and licenses. You could get in a lot of trouble with the Livery Commission.",honey appreciate real chauffeur uniform license lot trouble livery commission
Look at those suckers in their metal coffins. I can go to work any way I want.,look sucker metal coffin work way want
I LIKE TO WALK DOWN THE AVENUE / BUST A MOVE WITH DISCO STU...,like walk avenue bust disco stu
"It's okay, Marge. It would have been a lot worse if I hadn't been carrying this Bible in my crotch.",okay marge lot bad carry bible crotch
"Yeah, the doctor says that soon my pelvis will actually be stronger and more beautiful than ever.",yeah doctor say soon pelvis actually strong beautiful
"No, it's true. The car, the soup... It's like you hate me... your own husband...",true car soup like hate husband
"There's Homer... Homer J. Simpson... and Commander Cool, a/k/a me.",homer homer simpson commander cool k
"I'm gonna treat Marge to a romantic dinner, to make up for all my shortcomings.",go to treat marge romantic dinner shortcoming
"Honey, I couldn't keep 'em away if I tried. Except for Flanders. He was mysteriously called out of town.",honey away try flanders mysteriously call town
"Tonight, we're here to serve you. Sit back and enjoy the finest foods Springfield has to offer.",tonight serve sit enjoy fine food springfield offer
Now I'd like to propose a toast: to a woman who's done so much for us without getting anything in return.,like propose toast woman get return
I AM HOMER TRIBAL CHIEF / I AM WEARING TINY BRIEFS / BRAVES TEACH VALUE BOYS SHOULD KNOW / NOW EXTENDED DRUM SO-LO,homer tribal chief wear tiny brief braves teach value boys know extended drum lo
"Now I'm Michael Jackson. I own all your songs, losers. Hee, hee, hee.",michael jackson song loser hee hee hee
"Hey, these freaks do a lot of cool stuff. ""Cookouts, hayrides, bowling...""",hey freak lot cool stuff cookout hayride bowl
"Let's see. What Native American activities should we do? Making wallets... faking crop circles... respecting nature... jeez, no wonder these guys lost the Civil War.",let native american activity make wallet fake crop circle respect nature jeez wonder guy lose civil war
"The noble Chiefs outsmarted the treacherous Cowboys with a seven-yard screen pass. Unfortunately, after further review, the great father in the sky determined that the receiver's moccasins were out of bounds. I shall bet no more forever.",noble chiefs outsmart treacherous cowboys seven yard screen pass unfortunately review great father sky determine receiver moccasin bound shall bet forever
"But I was chosen by the Great Spirit to teach these young braves the ways of the antelope and the ear of corn... which we call maize... that the papoose... eh, I'll be at Moe's talking normal.",choose great spirit teach young brave way antelope ear corn maize papoose eh moe talk normal
"Marge, you were an excellent peace-time Chief. But these times call for men of cruelty.",marge excellent peace time chief time man cruelty
How come Lisa always gets to pick the family activities?,come lisa get pick family activity
"Yeah, it's great that she's got a father-figure in her life. She--hey wait, that's supposed to be me!",yeah great get father figure life hey wait suppose
"No way! I'm not gettin' my fingerprints on that train wreck. But if I lose Maggie, I'm oh-for-three. I've gotta get her back.",way gettin fingerprint train wreck lose maggie oh get to
This is how we play. THE SQUIRMY WORMY SPIDER / SQUIRTS OUT OF DADDY'S HANDS...,play squirmy wormy spider squirt daddy hand
... DADDY FEELS REJECTED / HE'S GONNA EAT SOME CAKE.,daddy feel rejected gonna eat cake
"Yeah. You know, looking at this sweet precious child makes me want to have one of our own.",yeah know look sweet precious child make want
What are you screaming about? Did you discover my snake farm? 'Cause I can explain. I'm going to farm and sell snakes.,scream discover snake farm explain go farm sell snake
"Moe, I was just thinking, if Maggie and I were in the neighborhood, maybe we could drop by and have a playdate with you... and your ham.",moe think maggie neighborhood maybe drop playdate ham
"You kids have got to learn that actions have consequences! Eat fire, punks!",kid get learn action consequence eat fire punk
"Death, Death, we miss you so much. You were a busboy in the restaurant of life, clearing away the oldies and the sickies and the chokies. And you made NASCAR racing exciting.",death death miss busboy restaurant life clear away oldie sickie choky nascar race exciting
"Okay God, I bumped off the love of my life, according to your divine whim. Now release me from this ghastly vocation.",okay god bump love life accord divine whim release ghastly vocation
"Just one of life's mysteries, like why is my nose jammed full of army men?",life mystery like nose jam army man
"Yeah, she must have some kind of super-chore in there! Like getting the rat out of Maggie's room!",yeah kind super chore like get rat maggie room
"All right. ""Drought threatens to turn west into dessert""? Yum, yum. I think I'd like some whipped cream on my Wyoming!",right drought threaten turn west dessert yum yum think like whip cream wyoming
"Someone, or something, knows I love oversized food and short, punchy articles. So they hid a message in the first letter of each line. See: ""HOMER, MEET ME 4TH STREET OVERPASS, MIDNITE.""",know love oversized food short punchy article hide message letter line homer meet street overpass midnite
"Mom? You're back. Just like you were back before, then you left me again. I love you so much, but it's so hard for me to trust you. Oh, what the heck.",mom like leave love hard trust oh heck
I think the government has better things to do than to read my mail.,think government well thing read mail
"Mom, I swear on your eventual grave I will never, ever, let the police get their hands on you. Uh-oh.",mom swear eventual grave let police hand uh oh
"I barely know my mother. And every time I see her, she's taken away again. And when a man doesn't have his mother, he winds up like me.",barely know mother time take away man mother wind like
"Welcome to your room, Mom. I want you to stay here forever.",welcome room mom want stay forever
Candlepin bowling? That's a great idea. We'll play right after I break your grandmother out of prison.,candlepin bowl great idea play right break grandmother prison
"Okay, boy. Flip through those highway warnings 'til we find one that'll stop that bus.",okay boy flip highway warning til find stop bus
"Mom, I'm gonna hide you where there's no one around for miles... Disney's California Adventure.",mom go to hide mile disney california adventure
"Last week's garbage. I missed the pick-up date. But it doesn't matter, because my Mom is alive. See?",week garbage miss pick date matter mom alive
I'd like to cash in these chips. Give me most of it in cash and the rest in suitcases to carry the cash.,like cash chip cash rest suitcase carry cash
"Oh, what a delicious quiche! I drive a pink Miata.",oh delicious quiche drive pink miata
"Well, I'd like to return to Brazil. But I hear the monkey problem is even worse now.",like return brazil hear monkey problem bad
"Marge, I'll be on my best behavior -- you have my word as a gentleman and a lady. Now let's see, which rifle should I bring?",marge good behavior word gentleman lady let rifle bring
"Well, Marge, you've gotta admit. I've been on my best behavior this trip.",marge get to admit good behavior trip
That was over soccer results! Can you believe they gave Giggs a yellow card in the box?,soccer result believe give giggs yellow card box
"Now, now, let's just look... there's Big Ben, there's Piccadilly Circus, there's Jimmy Page, one of the greatest thieves of American black music who ever walked the earth. Bup, there's the kids.",let look big ben piccadilly circus jimmy page great thief american black music walk earth bup kid
"Lady, please. Get back in your overturned car. Let the guys handle this.",lady overturn car let guy handle
"My Lord, we Americans love queens, be they homecoming or Dairy. This woman, however, is an imposter.",lord americans love queen homecoming dairy woman imposter
"Your Honor, I've completely disappointed my wife. That's punishment enough. You understand these things, you're a grandmother.",honor completely disappoint wife punishment understand thing grandmother
"Boy, she's good. If she were a hundred years younger... and I were a hundred years older...",boy good year young year old
America rules! Our Beatles are way better than your precious Rolling Stones!,america rule beatles way well precious rolling stones
"Well Marge, if I die here, there's one thing I want you to remember: don't buy any videotapes in England. They won't work in our VCR!",marge die thing want remember buy videotape england will work vcr
"Boy, it's a good thing I'm leaving before I went nuts. Goodbye Sparkly Elves.",boy good thing leave go nuts goodbye sparkly elf
"Hey, this place is amazing. It's fit for a Duke, or even an Earl...",hey place amazing fit duke earl
"Lady, you're gorgeous. You make Dame Edna look like a dude!",lady gorgeous dame edna look like dude
"Okay, Mother's Day gift check. Let's see what you got.",okay mother day gift check let get
"Yeah, I love Sprawl-Mart. They've got everything. Even Christian videos with talking vegetables.",yeah love sprawl mart get christian video talk vegetable
"Yeah, it's impressive. But I still haven't found the perfect gift for Marge. Only imperfect stuff for me.",yeah impressive find perfect gift marge imperfect stuff
"Marge, you're gonna love my present. It is so thoughtful it makes the kids' gifts look like crap.",marge go to love present thoughtful make kid gift look like crap
"Hmm, dare I pour caramel over the cotton candy?",hmm dare pour caramel cotton candy
This is eighty-five pounds of tooth-melting sugar. Dig in!,eighty pound tooth melt sugar dig
"Maybe you're right, Marge. Or maybe you're right, candy ball. No, Marge. Then again... No, Marge. Definitely Marge.",maybe right marge maybe right candy ball marge marge definitely marge
"Goodbye, old friend. I'll think of you whenever I have a stroke or a heart attack.",goodbye old friend think stroke heart attack
"Oh God, they're in our food! Teddy Grahams, Gummi Bears...",oh god food teddy grahams gummi bears
Can I fight human-style? By slowly poisoning his environment until he loses his fur and becomes sterile?,fight human style slowly poison environment lose fur sterile
"Gentlemen, sometimes a man must put his marriage at risk for reasons that are confusing even to him.",gentleman man marriage risk reason confuse
"Hey, you're not mean. It was just this tag that made you go ape-scat. We're not so different. Give me a hug.",hey mean tag ape scat different hug
Wait! Stop! I know bullets can be scary sometimes. But I have an idea. First we pull off all of your fur.,wait stop know bullet scary idea pull fur
BAH-DAH-DAH DAH-DAH DAH-DAH DAH-DAH DAH-DAH...,bah dah dah dah dah dah dah dah dah dah dah
"Welcome to the Homer Simpson Show. I'm your host, Next Card. Homer Simpson it's great to be here in Next Card. Springfield my guests are...Moe Szyslak, local businessman, Carl Carlson, raconteur, and Lenny Leonard, three-time juror. Gentlemen, what's on your minds?",welcome homer simpson host card homer simpson great card springfield guest moe szyslak local businessman carl carlson raconteur lenny leonard time juror gentleman mind
"Every year the gulf between rich and poor nations gets larger. Yet, the IMF insists on unrealistic debt-repayment schedules.",year gulf rich poor nation get large imf insist unrealistic debt repayment schedule
Why should America consume ninety percent of the world's resources? Argentina must devalue her currency to pay her debts!,america consume ninety percent world resource argentina devalue currency pay debt
"Hey, everybody! We're going shopping at the Springfield Heights Promenade!",hey everybody going shop springfield heights promenade
"Marge, TV and nightmares have joined forces to teach me a lesson. From now on, I will stop being selfish and start being good. In fact, I'll be the nicest man in town.",marge tv nightmare join force teach lesson stop selfish start good fact nice man town
"Look, Lenny. I know I was a pretty bad Secret Santa, so I wanted to make it up to you.",look lenny know pretty bad secret santa want
I'm not looking for glory or wealth. I'm just buying that stairway to heaven Jesus sang of.,look glory wealth buy stairway heaven jesus sing
"Being unselfish is a natural high, like hiking or paint thinner.",unselfish natural high like hiking paint thinner
Pathetic Flanders. Thinking he can buy people's love with thoughtful gifts.,pathetic flanders think buy people love thoughtful gift
I'll show Flanders. I'm gonna get everyone a car. What's that one good American car?,flanders go to car good american car
"YOU'RE A HERO, HOMER J. / YOU'RE AS CRAFTY AS A SKUNK / THEY'LL THANK YOU IN THE MORNING FOR STEALING FLANDERS' JUNK / HOMER JAAAAAY! / You're a double-bacon genius-burger... AND JUST A LITTLE DRUNK.",hero homer crafty skunk thank morning steal flanders junk homer jaaaaay double bacon genius burger little drunk
"And now, I think the only thing left to do is -- return all your gifts! Ned?",think thing leave return gift ned
"Whoop, whoop, whoop, whoop, whoop, whoop, whoop! Whoop, whoop, whoop, whoop, whoop, whoop, whoop!",whoop whoop whoop whoop whoop whoop whoop whoop whoop whoop whoop whoop whoop whoop
You can't change the rules in the middle of the game! We never would have had these kids if we'd thought we had to pay for 'em. Promises were made!,change rule middle game kid think pay promise
"Honey, this marriage is a partnership. When you fall, I pick you up. And when you can't finish a sandwich, I eat that sandwich.",honey marriage partnership fall pick finish sandwich eat sandwich
And I promise this rock is gonna weigh you down for the rest of your life.,promise rock go to weigh rest life
"Honey, no one messes with my Mrs. I'll come down on those guys like the garage door on Bart's bike.",honey mess come guy like garage door bart bike
"You just leave everything to Homer. And now, I believe you owe me half a sandwich.",leave homer believe owe half sandwich
"Many childless advocates are like Ben Affleck -- famous, successful people from out of State!",childless advocate like ben affleck famous successful people state
Great. Let's dump these kids in an R-rated movie while we go someplace nice.,great let dump kid r rate movie someplace nice
I am Rudy Giuliani. You must forgive Homer. I am Rudy Giuliani. You must forgive Homer. I am.,rudy giuliani forgive homer rudy giuliani forgive homer
"Yeah, the kitchen lady's right -- no new bike while your old one still works.",yeah kitchen lady right new bike old work
"Son, would you like to ride your new bike out of the store?",son like ride new bike store
"Not so rough, Bart. Daddy can't handle so much love right now.",rough bart daddy handle love right
"You think you've got problems, look what I just pulled out of my arm!",think get problem look pull arm
"Let's see... I'll have sixteen gravy scrape 'ems, a bucket of twisty lard, and two super-choker breakfast burritos with macho sauce. And mega-size it, please.",let sixteen gravy scrape ems bucket twisty lard super choker breakfast burritos macho sauce mega size
It's stuck! Krusty collectible toy jammed under brake pedal!,stick krusty collectible toy jam brake pedal
I gotta get a job before Marge finds out I was fired.,get to job marge find fire
"Kids, kids. Those aren't your toys. They're to keep Daddy asleep and awake.",kid kid toy daddy asleep awake
"Fine, fine. I'll take the kids tonight, and you go to your precious hair appointment.",fine fine kid tonight precious hair appointment
"Yeah, yeah, yeah. I need some dinner, stat! And the kids need some CPR lessons.",yeah yeah yeah need dinner stat kid need cpr lesson
"Oh good, you can use that to take down my dinner order. I'll start with the soup, then a nice mixed grill with a side of wild rice.",oh good use dinner order start soup nice mixed grill wild rice
"No! Gotta read Marge's book. Can't get distracted. Hm... ""distracted,"" that's a funny word. Does anyone ever get ""tracted?"" Let me call the suicide hotline and ask them.",get to read marge book distract hm distract funny word tracte let suicide hotline ask
"I'll have to read Marge's book. And I swore never to read again after ""To Kill A Mockingbird"" gave me no useful advice on killing mockingbirds. It did teach me not to judge a man based on the color of his skin, but what good does that do me?",read marge book swear read kill mockingbird give useful advice kill mockingbird teach judge man base color skin good
"Flanders, I'm gonna do something I shoulda done a long time ago.",flanders go to shoulda long time ago
In Marge's book I was so mean and you were so nice. How can I be more like you? Just give me some advice.,marge book mean nice like advice
"That's right. I love you Marge, and I realize now I should show you more often. The end of your book was the wakeup call I needed after falling asleep at the beginning of your book.",right love marge realize end book wakeup need fall asleep beginning book
"Don't worry about those losers, Marge. I think it's time we went home and collaborated on a little project of our own.",worry loser marge think time go home collaborate little project
"Marge, I've got it all figured out: Lee Harvey Oswald wanted to steal the Jack Ruby.",marge get figure lee harvey oswald want steal jack ruby
"Long have we awaited the coming of the White Man, and Carl.",long await coming white man carl
"All I know is the guy who played Mozart was also in ""Animal House."" Now there's a movie with good music. ANIMAL HOUSE HOUSE HOUSE... / NOBODY EVER WENT TO CLASS... / THEN WE SAW DONALD SUTHERLAND'S ASS... / ANIMAL HOUSE HOUSE HOUSE... /",know guy play mozart animal house movie good music animal house house house go class see donald sutherland ass animal house house house
"ROLLIN', ROLLIN', ROLLIN' / TOXIC BARREL ROLLIN'",rollin rollin rollin toxic barrel rollin
"To old man Burns, who's paying us to drink because we're embarrassing!",old man burns pay drink embarrassing
Loveless loners are so lucky. There's no way I can afford to give Marge a nice anniversary present.,loveless loner lucky way afford marge nice anniversary present
MR. BO-JANGLES / MR. BO-JANGLES / WE'RE ALL BO-JANGLES / WHO KILLED BO-JANGLES? / MAYBE IT WAS YOU...,mr bo jangles mr bo jangles bo jangles kill bo jangles maybe
"Thank you. Thank you. Remember, my dog up and died. Thank you.",thank thank remember dog die thank
"But Marge, it was all for you. To buy you all the nice things you deserve. The flowers, the earrings, the Bob Seger boxed set, which really only needed to be one disk, but the box was nice...",marge buy nice thing deserve flower earring bob seger box set need disk box nice
"When a woman says nothing's wrong that means everything's wrong. And when a woman says everything's wrong, that means everything's wrong. And when a woman says something's not funny, you'd better not laugh your ass off.",woman say wrong mean wrong woman say wrong mean wrong woman say funny well laugh ass
Are you saying my daughter can't cut it? Just because I owe you fourteen thousand dollars? I'll show you!,say daughter cut owe fourteen thousand dollar
Which one? Tri-City? Omni-Pay? Insta-Threat? I've beaten 'em all!,tri city omni pay insta threat beat
"Oh, Maggie will do just fine. She'll have plenty of money, 'cause she'll marry a grocer...",oh maggie fine plenty money marry grocer
"If you can read this you're almost as smart as my baby. I'm slappin' this sucker right over ""Support Our Troops.""",read smart baby slappin sucker right support troop
The school sent this dealy over for Maggie. His name is Phonic Frog.,school send dealy maggie phonic frog
"Well, I think we all learned a lesson today: don't try to be something you're not. Namely, food.",think learn lesson today try food
"How 'bout ""Diet Coke -- the Movie?""... ""President Air Bud: Tail To The Chief?""... ""My Big Fat Greek Salad?""",diet coke movie president air bud tail chief big fat greek salad
"Okay kids, forget the movie. We'll just go to the furniture store and sit down.",okay kid forget movie furniture store sit
"Relax, stupid. Everything you see is make believe. Although it is based on a true story. Some of which happened in this very theater.",relax stupid believe base true story happen theater
But scaring kids is good for them. It hardens them against future terrors -- like roofing and driveway scams.,scare kid good harden future terror like roofing driveway scam
Oh yeah. That monkey got America through some tough times.,oh yeah monkey get america tough time
"I miss you guys so much. The smell of Marge's pork chops... the way you kids kiss my ""owies"" when I go boom... This place has become like a prison to me!",miss guy smell marge pork chop way kid kiss owie boom place like prison
"Aw, it's no use, son. By the time I get out of here you'll be grown. TURN AROUND / TURN AROUND / TURN AROUND AND YOU'RE A YOUNG MAN / AND YOU'RE TOO BIG TO CHOKE.",aw use son time grow turn turn turn young man big choke
"Man, even I think movie popcorn has gotten too big.",man think movie popcorn get big
"That's it. From now on I'm not looking forward to anything. Oh my God, tomorrow there's a two-for-one sale on piano benches! I can't wait!",look forward oh god tomorrow sale piano bench wait
"Well yeah, legally. But if we're really best friends, how come we never play hoops?",yeah legally good friend come play hoop
"Pleasant aroma, rich full body, well-aged... and the wine's not bad either.",pleasant aroma rich body aged wine bad
"All good points. Sleep tight, my drunken angel.",good point sleep tight drunken angel
"Sorry, Marge -- I gotta break in my ski boots some time.",sorry marge get to break ski boot time
"You got it. And when I feel weak, I will draw strength from the Bible.",get feel weak draw strength bible
Uh-oh. Here comes the gospel according to puke.,uh oh come gospel accord puke
"Don't worry, honey. I don't even know if they serve alcohol at this thing.",worry honey know serve alcohol thing
"Okay, okay. Remember the rules for drinking and driving. Drive slow but not too slow. Drink some cola to keep yourself alert.",okay okay remember rule drinking drive drive slow slow drink cola alert
"Oh my God! If I get one more D.U.I., they'll take away my license. And what will I leave when I rent rollerblades?",oh god away license leave rent rollerblade
"I can't talk to my wife for twenty-eight days? Sir, she is not an alcoholic! You can't put me on hold! I'll put you on hold!",talk wife day sir alcoholic hold hold
I AM A LINEMAN FOR THE COUNTY Your call is important to us. Please continue to hold. AND I DRIVE THE MAIN ROAD There are... eight... calls ahead of you. AND THE WICHITA LINEMAN IS STILL ON THE LI-LI-LI-LI-LI-LI-LI-LI-LI-LI-LI-LI-LI-LI-LI-LI-LI-LI-LI-LI-LI-LI-LINE!,lineman county important continue hold drive main road call ahead wichita lineman li li li li li li li li li li li li li li li li li li li li li li line
My demons and I are closer than ever. Next year we're gonna visit every major league baseball park. I'm just goin' in to bust Marge out.,demon close year go to visit major league baseball park bust marge
"I have an awful confession to make: you didn't crash that car, it was me. I put you behind the wheel and I'm so, so, so sorry.",awful confession crash car wheel sorry
"Marge, I did it out of love. Love of not being arrested. But I realize now that nothing is more important than you.",marge love love arrest realize important
That woman means the world to me. Would it be all right if I read from my Bible?,woman mean world right read bible
"It's not all your fault. All these years, I watched you turn our son into a time bomb, and yet I did nothing. So in a way, I too am a victim... of you.",fault year watch turn son time bomb way victim
That's right. I got a job here so I can watch over you like a mother hen.,right get job watch like mother hen
"Son, I want you to know, no matter what anyone says, there's no shame in being caught alive.",son want know matter say shame catch alive
"Marge, guess what! Skinner wants to bail on his wedding!",marge guess skinner want bail wedding
"Yeah Marge, it looks like you got the last perfect man. Oh uh, by the way... can I borrow your car tomorrow? Mine's acting up.",yeah marge look like get perfect man oh uh way borrow car tomorrow act
"Whatever. The important thing is to get Skinner to that altar. Because once a union has been sanctified by God, it takes at least six months to tear it apart.",important thing skinner altar union sanctify god take month tear apart
"Really? Boy, it sucks to be you. Anyhoo, if there's one thing I know, it's how to win back a furious woman. We'll go to her house, and I'll whisper to you exactly what to say.",boy suck anyhoo thing know win furious woman house whisper exactly
"Okay, just repeat after me. ""Edna, I made a huge mistake and I want you back.""",okay repeat edna huge mistake want
"Okay, we'll go to the convention, sell my Lois Lane comics, buy some Jimmy Olsens, and stop Edna from making a terrible mistake!",okay convention sell lois lane comic_strip buy jimmy olsens stop edna make terrible mistake
"Okay Marge, I hear ya. Now that Krabappel has made her decision, it's time to whitewash over our problems.",okay marge hear ya krabappel decision time whitewash problem
"Son, seeing sappy movies with a lady has certain ""payoffs.""",son see sappy movie lady certain payoff
THE SIMPLE SOMETHING THAT DUM DEEDLE DUM DEE DEE... / NOW LET'S PUSH PLAAAY!,simple dum deedle dum dee dee let push plaaay
"Yeah, we're tryin' to create a mood here, so shut the Hell up!",yeah tryin create mood shut hell
We get one weekend to ourselves and we've gotta spend it watching some old geezer's odometer turn over? As the Bible says: screw that!,weekend get to spend watch old geezer odometer turn bible say screw
"Marge, I won't let that happen. We have to grab this chance for romance now, or we'll never be alone. Not 'til Lisa's in college and we've lost contact with Bart.",marge will let happen grab chance romance til lisa college lose contact bart
"Oh yeah, like people in New Jersey have never seen a fat man makin' out. It's on the freakin' state flag.",oh yeah like people new jersey see fat man makin freakin state flag
"And now, my darling, it's finally time for romance. But before the intercourse, the dinner course.",darling finally time romance intercourse dinner course
"Marge, I guess we'll just have to make love in Heaven. I'll bet it always works up there.",marge guess love heaven bet work
"Quiet, the commercial's on! If we don't watch these, it's like we're stealing TV.",quiet commercial watch like steal tv
I'm going to find that golden ticket and win that tour! The only thing that can make bacon more delicious is seeing how it's made!,go find golden ticket win tour thing bacon delicious see
Flanders!? He's not man enough to trim my crust. I mean Pie Man's crust. I'm not Pie Man.,flanders man trim crust mean pie man crust pie man
"No trap can hold Homer Simpson! But I'm not Homer Simpson. I'm the Pie Man. Homer Simpson away! I mean, the Pie Man!",trap hold homer simpson homer simpson pie man homer simpson away mean pie man
"Let's see...cartilage, cartilage, muscle, nerve!... artery...bullet.",let cartilage cartilage muscle nerve artery bullet
"Pie Man is not your father, little girl. I... murdered your father.",pie man father little girl murder father
"So it would seem. Anyhoo, I'll bet this is all a pretty big surprise, huh? Mild-mannered Homer Simpson...",anyhoo bet pretty big surprise huh mild mannered homer simpson
I thought we were gonna play fun games at camp.,think go to play fun game camp
"Hm, I guess it's row versus wade. And it's my right to choose.",hm guess row versus wade right choose
"She was the prettiest girl I'd ever seen. Uh... until I met your mother, who made that girl look like a Godzilla made of garbage.",prettiest girl see uh meet mother girl look like godzilla garbage
I'm Elvis. Elvis Jagger. Elvis Jagger Abdul-Jabbar.,elvis elvis jagger elvis jagger abdul jabbar
"Oh man, I want to kiss her. Wait -- I just thought of the greatest move ever!",oh man want kiss wait think great
"Kiss her already. What, are you chicken? Bok-bok-bok-bok-bok-bok-bok-bok!",kiss chicken bok bok bok bok bok bok bok bok
"Marge, I'm really sorry I hurt you. But I've done way worse stuff since then: there was the gun I hid from you, the time I sued the church, ruining Lisa's wedding in the future... remember that?",marge sorry hurt way bad stuff gun hide time sue church ruin lisa wedding future remember
That's not true! I thought about that girl every day of my life... until I met you.,true think girl day life meet
"Bart, pass the ketchup. Bart, pass the ketchup!",bart pass ketchup bart pass ketchup
"Bart, pass the corn. Bart, pass the corn!",bart pass corn bart pass corn
"Oh, cold shoulder, huh? Well, I'll just talk to myself. Hey, how ya doin', Homer? Oh, not too bad, how about you? Oh I'm fine. Your wife was great in bed last night. You keep your hands off my wife! Oh yeah? Well I give her what she needs. And she likes...",oh cold shoulder huh talk hey ya homer oh bad oh fine wife great bed night hand wife oh yeah need like
I don't want to be in any stupid talent show. Not without my Tennessee walking horses.,want stupid talent tennessee walk horse
"Oh, what's the use? Even if they pick us up, we'll go back to jail 'cause they think we hate America. I don't want to end up like Elmo, hanging himself in prison.",oh use pick jail think hate america want end like elmo hang prison
"Well, kids, this is the first chapter of our brand new lives... in America.",kid chapter brand new life america
"Now, kids, it'll take us a while to assimilate. I'll start out as a cop, and then, with time, become a dirty cop.",kid assimilate start cop time dirty cop
Extree! Extree! Man driving erratically throws papers out window!,extree extree man drive erratically throw paper window
"Well, she's into Buddhism, whistle-blowing, totally against pollution no matter what I say...",buddhism whistle blow totally pollution matter
"I'm so sorry, honey. I said good things about you too. Check out the Lifestyle section: ""Plastic pearls make the girl.""",sorry honey say good thing check lifestyle section plastic pearl girl
"Marge, I'm pullin' an all-nighter for my little girl. Put on a pot of coffee, drink it and start makin' burgers.",marge pullin nighter little girl pot coffee drink start makin burger
"""All my daughter ever did was tell people to think for themselves. I may be her father, but when I grow up, I wanna be just like her. Except still a dude.""",daughter tell people think father grow wanna like dude
"See, Lisa? Instead of one Big Shot controlling all the media, now there's a thousand freaks Xeroxing their worthless opinions.",lisa instead big shot control medium thousand freak xerox worthless opinion
Flanders? Kill me? You never killed anybody... and you're gonna start with the big dog?,flanders kill kill anybody go to start big dog
"Oh, I'm so scared. Ned Flanders is pointing a gun at me. You couldn't even shoot me by accident, even if I whacked the barrel like this.",oh scared ned flanders point gun shoot accident whack barrel like
"Fine, I'll never go back. Starting tomorrow. Today is Lenny's birthday and they're having ice cream cake.",fine start tomorrow today lenny birthday have ice cream cake
"Please spare me. I'm not a murderer, I'm not. And I've never known the pleasures of a woman... or a proper eating apple!",spare murderer know pleasure woman proper eat apple
"Marge, that's what turns a mediocre voyage into a fantastic voyage.",marge turn mediocre voyage fantastic voyage
"We'll have to lighten the ship, which means one of us has to stay behind. Bart?... Lisa?...",lighten ship mean stay bart lisa
"Boy, when God closes a door, he opens a window.",boy god close door open window
"Marge, I don't want to buy this house. I'd have to live next door to myself.",marge want buy house live door
"Oh c'mon, Marge. It's not fair to compare us to an American household.",oh marge fair compare american household
"A walk-in microwave! Hey Marge, can you press stop when my popcorn's done?",walk microwave hey marge press stop popcorn
"A contractor? Those guys are the biggest crooks around. They charge for materials and labor! Pick one, jerks!",contractor guy big crook charge material labor pick jerk
"Thanks, Marge. I can't wait to read about ""Sport Fishing With Sonny Jurgensen.""",thank marge wait read sport fishing sonny jurgensen
How 'bout cooking up some money because this stupid kitchen cost a hundred thousand dollars.,cook money stupid kitchen cost thousand dollar
Stupid Bart. Bagpipes getting down with an octopus... that's classic.,stupid bart bagpipe get octopus classic
"Woo-hoo! If Marge becomes Auntie Ovenfresh, we'll meet all the food personalities...",woo hoo marge auntie ovenfresh meet food personality
"That's ridiculous, honey. You're the cutest little girl I know. You just have what is known as the Simpson butt. Permit me to elaborate.",ridiculous honey cut little girl know know simpson butt permit elaborate
"Every Simpson starts with a circle. Daddy has one big circle here... then a smaller one up here... two big, sexy circles for eyes... one macho muzzle... and a snappy new outfit. Hm, I'm lookin' good... ooh, cuffs... yeah... and for some reason, my hair and ear form an ""M"" and a ""G.""",simpson start circle daddy big circle small big sexy circle eye macho muzzle snappy new outfit hm lookin good ooh cuff yeah reason hair ear form m
"You wanna know a little trick? To downsize my derriÃ¨re, I just tie a sweater around it.",wanna know little trick downsize tie sweater
"Oh, Homer, you're wasting away to nothing. You simply must eat something. Well, you're the boss!",oh homer waste away simply eat boss
"Ah-ha! Here's a mistake. It says the capital of Kentucky is Frankfort. Dream on, pal.",ah ha mistake say capital kentucky frankfort dream pal
"All right, boy, which con did you work here? Copy off another kid? Pay attention and take notes? Well, take note of this!",right boy con work copy kid pay attention note note
"Oh, what's the big deal? Bart didn't like his presents. So what? It's not like he gives us such great gifts. Remember that maple leaf ironed between the sheets of wax paper? What was that? That was crap.",oh big deal bart like present like give great gift remember maple leaf iron sheet wax paper crap
"What's happened to us, Marge? We used to feed each other cheese and laugh all night. Then came the heart attacks.",happen marge feed cheese laugh night come heart attack
"One of you ate tin cans, one of you ate health food. How you solved crimes I'll never know.",eat tin can eat health food solve crime know
"Marge! I figured out a way we can get in on this Quimby lawsuit! Bart, go ahead.",marge figure way quimby lawsuit bart ahead
"Oh come on, Marge. The only reason we don't move out of this dunghill is because of my court-ordered ankle bracelet.",oh come marge reason dunghill court order ankle bracelet
"Oh Honey, her life can't compare to yours. You've got three kids, a TV tray from Expo sixty-seven, and you're married to King Stink!",oh honey life compare get kid tv tray expo seven married king stink
"Marge, listen to me. Chloe may have a flashy job, but you're the backbone of this family. You're like the electrical tape that holds the two halves of my car together.",marge listen chloe flashy job backbone family like electrical tape hold half car
"I just hate to see you upset, honey. You know what would be a good name for Maggie? Chloe.",hate upset honey know good maggie chloe
"Why you little... need a reason for strangling, do ya... I'll fix your wagon!",little need reason strangle ya fix wagon
"Marge, that's crazy talk. Now look, I'll save Lisa. Your place is here with the women.",marge crazy talk look save lisa place woman
"Bart's shirt is a classic, Marge. Just like ""Keep On Truckin'"". As if I would ever want to stop truckin'.",bart shirt classic marge like truckin want stop truckin
Yeah. Nothing makes parents happier than when an eccentric single man takes an interest in their child.,yeah make parent happy eccentric single man take interest child
"You know what, Mr. Burns? I'm never comin' back. My son's making so much cash in the T-shirt game, that I don't have to work another day in my life -- assuming my health does not deteriorate as I age.",know burns comin son make cash t shirt game work day life assume health deteriorate age
"Hey, just 'cause I'm not working doesn't mean I can't gripe like you guys. Don't you hate it when people steal your lunch out of the break-room fridge?",hey work mean gripe like guy hate people steal lunch break room fridge
"Oh, I see what's goin' on. You can't stand to be around a guy who's got total financial independence.",oh stand guy get total financial independence
"Oh, you'll win for sure. You and science go together like Lenny and Carl. The science is Carl.",oh win sure science like lenny carl science carl
"Honey, all you need's a little help from your dad. Remember, I did used to work at a science factory.",honey need little help dad remember work science factory
"Hey, maybe the internet has the information I need! It certainly answered a lot of my questions about wang enhancement.",hey maybe internet information need certainly answer lot question wang enhancement
"Let's see, I can make that... you can get that by smashing open a golf ball... that you can find in any player piano...",let smash open golf ball find player piano
"You give my son what he deserves, or I'll knock you on your delightfully offbeat ass!",son deserve knock delightfully offbeat ass
"Oh, I doubt it. But we'll let the seagulls at the dump figure it out.",oh doubt let seagull dump figure
Par-ty! Par-ty! Par-ty!,par ty par ty par ty
"Lighten up, Marge. This is my chance to relax with people from work I never get to see. Like this guy.",lighten marge chance relax people work like guy
"C'mon, Marge. This place is great. Free admission, great grub and we got to use the bathroom of the future.",marge place great free admission great grub get use bathroom future
I need a new job that provides full health benefits.,need new job provide health benefit
"-- as long as I only work five hours a day, no heavy lifting, no light clerical, none of that secret Santa crap, tasteful nudity...",long work hour day heavy lifting light clerical secret santa crap tasteful nudity
"Flanders? I don't know... I mean, you haven't done anything for me since you lent me that five thousand bucks yesterday.",flanders know mean lend thousand buck yesterday
"Listen you two, I'll tell you who the true God is if you're both quiet the rest of the trip!",listen tell true god quiet rest trip
"Dad, you tried your best. For the first time in my life I can say, without being drunk, that I truly admire you.",dad try good time life drunk truly admire
"We really appreciate your help, Johnny. Is there any way we can repay ya?",appreciate help johnny way repay ya
Really? In America we do it four times a week. You come on down and I'll get us front row seats.,america time week come row seat
"Great news, honey! Burns made me a freelance consultant!",great news honey burns freelance consultant
"Now remember to eat smart, people. Go for the fancy foods -- don't let 'em fill you up with THAT cheap stuff.",remember eat smart people fancy food let fill cheap stuff
"I've never been so embarrassed. And the worst part is, this is brunch so you've ruined two meals! I'll see you all at lupper!",embarrassed bad brunch ruin meal lupper
"Moe's, a tribute. ""M"" is for Moe, the owner of Moe's. ""O"" is for the ""O"" in the middle of Moe's. ""E"" is for acceptance. The feeling I always got here at Moe's. Oh Moe, don't let 'em close you down!",moe tribute m moe owner moe o o middle moe e acceptance feeling get moe oh moe let close
"How many magic beans should I sell the baby for? Three? Duh, der, duh. That's me, jerk-ass Homer. Duh, der, doy.",magic bean sell baby duh der duh jerk ass homer duh der doy
"Ah yes, Detroit-style. Very nice. So, you've been at Moe's every night this week.",ah yes detroit style nice moe night week
"Oh Marge, don't you love it when our hands meet in the popcorn tub?",oh marge love hand meet popcorn tub
"Well... I'm worried about Marge and Moe. They've developed an intimate bond of thoughts and feelings completely separate from me. But it's not physical. So everything's great, right?",worried marge moe develop intimate bond thought feeling completely separate physical great right
"Marge, my darling! Thank God you're home! I've been dying to hear your feelings!",marge darling thank god home die hear feeling
"Hang on, Marge, Homie's comin'! I won't let that man make you happy!",hang marge homie comin will let man happy
"Marge, I just wanna say: if you ever feel like cheating on Moe, here's my card.",marge wanna feel like cheat moe card
And you're my Margie-wargie-bargie-fargie-gargie-margie-targie-glargie.,margie wargie bargie fargie gargie margie targie glargie
"Oh, I've only got a hundred dollars. I'd better bid shrewdly.",oh get dollar well bid shrewdly
"Honey, I bet you're wondering why Daddy's not at work again. The answer may surprise you. I have a new job choreographing end zone dances for a professional football player.",honey bet wonder daddy work answer surprise new job choreographing end zone dance professional football player
"After you prance across the goal line, you hurl the other team's mascot to the ground, and drive your cleats into his neck!",prance goal line hurl team mascot ground drive cleat neck
I don't know. It's a lot of pressure. Do many people watch the Super Bowl?,know lot pressure people watch super bowl
I wonder if other Super Bowl producers waited until three in the morning the night before to plan their halftime shows.,wonder super bowl producer wait morning night plan halftime show
A church! Maybe the homeless people sleeping on the floor will have some ideas.,church maybe homeless people sleep floor idea
"Flanders. Eh, I guess you've got some late night problems too.",flanders eh guess get late night problem
"Sure, I'd be happy to tell you my problem. I've got a venue the whole world will be watching, and nothing to fill it with.",sure happy tell problem get venue world watch fill
The children of God once lived according to their Father's laws.,child god live accord father law
I thought America was hungry for meaning. I should have just sent a crocodile into space like I originally planned.,think america hungry meaning send crocodile space like originally plan
Go Seminoles! Cover-the-point-spread! Cover-the-point-spread!,seminole cover point spread cover point spread
"Boy, let me explain the situation in terms you'll understand.",boy let explain situation term understand
"YOU DID IT ON THE STRAIGHT, GOT YOUR DAD'S PERMISSION / BUT YOUR MOM DROPPED A BOMB, SO I FLIPPED MY POSITION",straight got dad permission mom dropped bomb flip position
"BABY BOY, BABY BOY, BA-BA-BA-BABY BOY",baby boy baby boy ba ba ba baby boy
"If that's true, he's gonna be like NWA -- Not Without Ass-welts.",true go to like nwa ass welt
"...Bart was never kidnapped! Lisa, I'm very glad you brought me this. I'll see that it gets to the proper authorities.",bart kidnap lisa glad bring get proper authority
"Hollywood producers have paid me a fortune, which I've already lost, for the rights to Bart's story. So I have to destroy anything that proves that story's not true.",hollywood producer pay fortune lose right bart story destroy prove story true
Not her! She'll hunt us down relentlessly -- like a bloodhound mixed with a student loan officer!,hunt relentlessly like bloodhound mix student loan officer
"Hey, I gotta get in on this! These people have rights! The right to buy me a sixty-two inch TV!",hey get to people right right buy inch tv
Now begins the long and spiritual journey to becoming an ordained minister.,begin long spiritual journey ordain minister
"...And do you, Julio, take Thad to be your lawful wedded life partner, in Massachusetts and Vermont... maybe Canada... stay outta Texas... as long as you both are gay?",julio thad lawful wed life partner massachusetts vermont maybe canada stay outta texas long gay
"Hm. Well, maybe marriage isn't just for gays. What's that thing called when a guy is gay for a girl?",hm maybe marriage gay thing call guy gay girl
"Ooh, look at me. I'm straight as a one dollar bill. La de da. Ooh.",ooh look straight dollar bill la de da ooh
"If you love the Bible so much, why don't you marry it? In fact, I now pronounce you and the Bible man and wife. And you're the wife. You owe me two hundred bucks.",love bible marry fact pronounce bible man wife wife owe buck
"Marge, I'd be a lot more worried about me leaving you for a sausage patty than your sister Patty.",marge lot worried leave sausage patty sister patty
"Son, that's the stupidest idea I ever heard. And I know exactly who would pay top dollar for it.",son stupid idea hear know exactly pay dollar
And please let thy Holy Spirit open the heart of my wife. Amen.,let thy holy spirit open heart wife amen
You handsome devil. Someday they'll let you and me get married! Can you imagine the children?,handsome devil someday let marry imagine child
"I love you, Homer... I love you too, Homer... Oh, Homer.",love homer love homer oh homer
"People please, can we wrap this up? It's gonna rain and I've gotta get the bikes in here.",people wrap go to rain get to bike
"Patty, I admire your decision. It takes courage to follow your heart and walk out on a non-refundable wedding ceremony. So I'm gonna waive the rose petal removal fee and prorate the cake-handling surcharge.",patty admire decision take courage follow heart walk non refundable wedding ceremony go to waive rise petal removal fee prorate cake handle surcharge
"Oh, Dad. How I'll miss your cap, your walking stick, your plaster base...",oh dad miss cap walk stick plaster base
"Welcome to Sprawl*Mart... Pimple cream in aisle five! Buenos nachos -- ask about our seÃ±or discount. Hey, Rabbi, Jesus loves ya. Just kidding.",welcome pimple cream aisle buenos nachos ask discount hey rabbi jesus love ya kid
"Aw, dammit! Chief, how are we supposed to live with our kids constantly separated?",aw dammit chief suppose live kid constantly separate
"This twenty-foot pole will make Bart's restraining order oh-so-easy to enforce. And I used my Sprawl*Mart employee discount to buy this fancy pole cover. It'll keep your pole looking great, poke after poke after poke!",foot pole bart restrain order oh easy enforce employee discount buy fancy pole cover pole look great poke poke poke
"Sorry, boy. This is the only place that's two hundred feet from Lisa but still on our property.",sorry boy place foot lisa property
"Son, menopause is when the stork that brings babies gets shot by drunken hunters.",son menopause stork bring baby get shoot drunken hunter
"Okay, I'll do it. Because your sweet love is the one thing that saved my life from being an unmitigated disaster. Ha-ha, now we're even!",okay sweet love thing save life unmitigated disaster ha ha
I am so sorry about what happened. But at least you saw what it was like to be married to me for a little while.,sorry happen see like married little
"I was this woman's husband for a few days, in name only, and beer will soon obliterate that memory. But I don't think this baby could find any greater love on your planet or ours.",woman husband day beer soon obliterate memory think baby find great love planet
"Don't worry. If I croak, you'll marry Lenny. Or Moe -- the winner will be determined by a card game I invented. I got all the rules written down... up here.",worry croak marry lenny moe winner determine card game invent get rule write
"Way ahead of you, Marge -- I just ordered a series of tapes on saving money. They should get here soon. I paid a bundle for over-night delivery.",way ahead marge order series tape save money soon pay bundle night delivery
"Well, I'll get a lawyer on that. No, a whole team of lawyers. Who will dine on mustard flown in from the Orient.",lawyer team lawyer dine mustard fly orient
"I'm sorry, Moe. Marge won't let me spend any money -- even counterfeit money!",sorry moe marge will let spend money counterfeit money
It's my money... I'm the one who earns it... drinking beer out of a thermos like an animal...,money earn drink beer thermo like animal
"Marge, your penny-pinching rampage has gone too far.",marge penny pinch rampage go far
"Hey, I earn that money -- while you lounge around here, doing laundry and putting up drywall, I'm at work busting my hump.",hey earn money lounge laundry put drywall work bust hump
"No, I spent our savings on the down payment for a motor home. I need a castle where I can be king!",spend saving payment motor home need castle king
"Kids, your mother and I have decided to take a little break from each other. While we deal with our issues, I plan to go on ""Motorhome Makeover"" and trick this thing out like a palace, not like that dump you live in. All I need is for someone to start a show called ""Motorhome Makeover.""",kid mother decide little break deal issue plan motorhome makeover trick thing like palace like dump live need start call motorhome makeover
"Hey, I couldn't leave you kids. You're like my own family. Now check this place out!",hey leave kid like family check place
Are you crazy? Let twelve complete strangers live on my lawn?,crazy let complete stranger live lawn
"Welcome, welcome. If my wife asks, you're here for a Boz Skaggs concert.",welcome welcome wife ask boz skaggs concert
"My RV is gone! It was more than a motor home. It was a car I could go to the bathroom in. Hey, a note.",rv go motor home car bathroom hey note
"Oh, this is a parent's worst nightmare! They've stolen a car and they're home alone.",oh parent bad nightmare steal car home
"Wow, Marge -- once again, your Mom-ly wisdom averted disaster.",wow marge mom ly wisdom avert disaster
And I promise I will return this RV first thing in the morning. Easy... easy... easy... easy...,promise return rv thing morning easy easy easy easy
"Stupid prison guard job thinks its so big. Everyone gets a prison job but me. All my best friends are guards. They think they're so cruel and corrupt, but they're not.",stupid prison guard job think big get prison job good friend guard think cruel corrupt
"Oh my God! That man might be hurt! Guards, there's a prisoner in there!",oh god man hurt guard prisoner
"Really? You mean eat cheese, gnaw through electrical cords, things like that?",mean eat cheese gnaw electrical cord thing like
"Mr. Burns, I've thought about it, and I don't wanna be a snitch. It's not an honorable life.",burns think wanna snitch honorable life
"What happened to the guards?! Okay, okay. Don't panic. Maybe they'll tire themselves out with their chant.",happen guard okay okay panic maybe tire chant
"Marge, they're gonna kill me! I only did what I had to do to survive... in a style befitting a French monarch.",marge go to kill survive style befit french monarch
"Marge, I'm sorry I got you into this mess. Can I snitch on my heart and say... ""I love you""?",marge sorry get mess snitch heart love
"Hold on a minute. Governor, I've been using my powers of snitching for evil. But now I want to tattle for good. This prison is a hellhole. They feed us horse meat -- with traces of jockey meat!",hold minute governor power snitch evil want tattle good prison hellhole feed horse meat trace jockey meat
You know what I missed in the joint? Just lying here watching you sleeping sweetly... sleeping sweetly...,know miss joint lie watch sleep sweetly sleep sweetly
"Son, sometimes people just grow apart, like me and your Mom.",son people grow apart like mom
"Stupid flounders. Hey, I've got a great idea. We'll find some new lady friends.",stupid flounder hey get great idea find new lady friend
"Boy, I think I see my two favorite letters of the alphabet. E-Z.",boy think favorite letter alphabet e
"Hey, man, she's not my lady anymore. We split up, it's all cool, I... I'll kill you!",hey man lady anymore split cool kill
Around the loop of death...And out the mail slot! Then it's the yard's problem.,loop death mail slot yard problem
My family hates me... my stupid friends kick me out of their stupid party! They'll all be sorry when I invent the world's best-tasting cola... and share it with no one!,family hate stupid friend kick stupid party sorry invent world well taste cola share
To my new buddy. Now all we need is an awesome theme song. Whatever plays next on the jukebox.,new buddy need awesome theme song play jukebox
"You're right, Marge -- I guess I should look for roofers at poetry slams and yoga retreats.",right marge guess look roofer poetry slam yoga retreat
"You know son, my dad used to take me down to Johnson's Hardware. Old man Johnson knew everything about fixin' stuff. When they built this place, he hung himself.",know son dad johnson hardware old man johnson know fixin stuff build place hang
He is too! His truck's gonna come around the corner riiight now. Right now. Right now. Now. Now. Nnnnnnnnow. Now.,truck go to come corner riiight right right nnnnnnnnow
Ha-ha-ha-ha-ha! Ha-ha-ha-ha-ha...,ha ha ha ha ha ha ha ha ha ha
There has to be someone who saw him -- someone who doesn't hate me like Flanders and Bart... Wait! The bartender at Knockers.,see hate like flanders bart wait bartender knocker
Wait a minute. I went through a lot of pain and suffering because of this little misunderstanding. Somebody owes me big!,wait minute go lot pain suffering little misunderstanding somebody owe big
"Doctor, little kids aren't supposed to have heart attacks. They're supposed to skin their knees, and poke their eyes out, and be smothered by cats.",doctor little kid suppose heart attack suppose skin knee poke eye smother cat
"That freeloading fatso! Marge, could you cut back on your makeup budget?",freeloading fatso marge cut makeup budget
Fifty dollars? What about all the water you guys will waste with your bathing and showering and washing your clothes?,dollar water guy waste bathing shower wash clothe
NEUNUNDNEUNZIG LUFTBALLONS / AUF IHREM WEG ZUM HORIZONT / HIELT MAN FUER UFOS AUS DEM ALL / DARUM SCHICKTE EIN GENERAL /,neunundneunzig luftballons auf ihrem weg zum horizont hielt man fuer ufos aus dem darum schickte ein general
"EINE FLIEGERSTAFFEL HINTERHER / ALARM ZU GEBEN, WENN ES SO WAR / DABEI WAR DA AM HORIZONT / NUR NEUNUNDNEUNZIG LUFTBALLONS",eine fliegerstaffel hinterher alarm zu geben wenn es war dabei war da horizont nur neunundneunzig luftballon
But who else needs to lose weight? Maggie? Grampa? My seldom-seen half brother Herb?,need lose weight maggie grampa seldom see half brother herb
"I don't miss meat at all. This Portobello mushroom eats like a steak. A rubbery, fungus-like steak.",miss meat portobello mushroom eat like steak rubbery fungus like steak
"And she's giving us the emotional experience of a lifetime. Oh, thank you for this angel, Lord!",give emotional experience lifetime oh thank angel lord
"Don't lose hope, sweetie. I'm gonna write you a song so great, you can't lose. And that's not just the beer talking. Your father's in here too.",lose hope sweetie go to write song great lose beer talk father
"Of course, Sweetie. You and I are gonna write and sing our way out of this godforsaken Hellhole.",course sweetie go to write sing way godforsaken hellhole
"Honey, our time together is precious to me. I didn't want to say anything, but I don't think I'm gonna be around much longer.",honey time precious want think go to long
"Don't worry honey, the song I wrote you is so schmaltzy, it'll make ""Moon River"" sound like a farting Orangutan.",worry honey song write schmaltzy moon river sound like fart orangutan
"Marge, Lisa and I were just discussing how to improve tonight's performance. Now you're confusing her by telling her she was perfect.",marge lisa discuss improve tonight performance confuse tell perfect
My little girl likes Red Vines! You little...,little girl like red vines little
"Hey, these are Red Vines. Here you go, sweetie. Daddy got you your candy.",hey red vine sweetie daddy get candy
"Hey, gimme a break. Living through Lisa is the healthiest thing that ever happened to me.",hey gimme break live lisa healthy thing happen
"Hey, come back! I'm calming down! We'll have family fun! Family funnnnn!",hey come calm family fun family funnnnn
Ha! Smart move. Soon the whole world will be lining up to suck my nose. After I make my new client a star.,ha smart soon world line suck nose new client star
I'm not Mr. Simpson. That ship has sailed. I'm Colonel Cool! And I'm the Captain on this rocket to the stars.,simpson ship sail colonel cool captain rocket star
"All right, I wanna teach you a little something about jazz hands.",right wanna teach little jazz hand
I don't think cookies are gonna make me feel better.,think cookie go to feel well
"Oh God! Oh, they're delicious! Oh, so happy! Oh God, they're... They're gone.",oh god oh delicious oh happy oh god go
"Um, at the end of your song, remember to look into the spotlight. It makes your eyes twinkle.",um end song remember look spotlight make eye twinkle
"I always was, honey. Look. Cameron's about to sing the song I wrote for him. He's about to learn the most important lesson in the music business: don't trust people in the music business.",honey look cameron sing song write learn important lesson music business trust people music business
"Kids, wanna go to the mall?! They're baking fresh Cinnabons... which means they're throwing out the old ones!",kid wanna mall bake fresh cinnabons mean throw old one
"Oh, big surprise. The fat guy's eating garbage.",oh big surprise fat guy eat garbage
"Finally, a character I can relate to. I bet good things happen to him.",finally character relate bet good thing happen
"This movie will haunt me for the rest of my life, just like Cannonball Run Two.",movie haunt rest life like cannonball run
Marge... what if the Rapture is coming and I haven't led a good enough life? I could be... left below!,marge rapture come lead good life leave
"Yeah, I'll bet the cats would be psyched about that. Thanks Marge, you've put my mind at ease. Now how about a little ""rapture"" for Mama?",yeah bet cat psyche thank marge mind ease little rapture mama
Marge is right -- the Rapture isn't coming! There haven't been any ominous signs!,marge right rapture come ominous sign
"Marge, the Rapture is nigh. These books will help me figure out how nigh.",marge rapture nigh book help figure nigh
This whole deal is scientifically proven. The Book of Revelation has four hundred and four verses... add the number of people at The Last Supper...,deal scientifically prove book revelation verse add number people supper
The world will end next week! Spend your children's college fund! Thaw that turkey now!,world end week spend child college fund thaw turkey
"Here's my angle: there's no way in God's Heaven I should get into God's Heaven. But maybe he'll let me in, if I warn others the Apocalypse is coming, as I previously shouted.",angle way god heaven god heaven maybe let warn apocalypse come previously shout
"Here's one -- Revelation 6:13. Just before the Rapture, ""the stars will fall to the Earth."" So all you hippies out there might want to for that one.",revelation rapture star fall earth hippie want
"Marge, in a world gone mad, only a lunatic is truly insane.",marge world go mad lunatic truly insane
Well... I guess this thing does look pretty silly. Let's all take off our sandwich boards and watch TV.,guess thing look pretty silly let sandwich board watch tv
"When the time comes, we won't be in our homes...because we're all gonna go here.",time come will home go to
"Exactly. It came to me in a vision. Or maybe it was a drunken haze. Or, possibly, an ice cream headache.",exactly come vision maybe drunken haze possibly ice cream headache
"No, Flanders. It's... uh... a meeting of gay witches for abortion. You wouldn't be interested.",flanders uh meeting gay witch abortion interested
"All right, everybody. Pair up with a Rapture buddy who will watch your back through all eternity.",right everybody pair rapture buddy watch eternity
"Don't worry, Dad! There's a bus coming for you! Drive, drive!",worry dad bus come drive drive
Ow. Ow. Ow. Ow. Let's go to Moe's. We'll walk and punch.,ow ow ow ow let moe walk punch
"Wake up! The Rapture is coming in half an hour! There's no time to waste! Marge, grill a chicken! No, make sandwiches! And some Kettle Chips would be nice! Original, not barbecue!",wake rapture come half hour time waste marge grill chicken sandwich kettle chips nice original barbecue
Stupid family... won't even come to my Rapture... I went to Lisa's school play -- which had serious pacing problems.,stupid family will come rapture go lisa school play pacing problem
"Wait! Before you go, there's one thing I gotta know. What happened to my family?",wait thing get to know happen family
"Just send me back to Earth, and put off this whole Rapture hoop-de-do for another couple of years or so.",send earth rapture hoop de couple year
"Prison overcrowding, I've got a solution for that. Oh my God! U-S-A! U-S-A!",prison overcrowding get solution oh god u s u s
"Free movie tickets?! I feel like Roger Ebert, or his kiss-ass new partner!",free movie ticket feel like roger ebert kiss ass new partner
She'll be fine here under the watchful eye of Grandma Shark Week.,fine watchful eye grandma shark week
"Shut up, Flanders, I need a favor. Would you mind watching Maggie for a while? It would only be until later.",shut flanders need favor mind watch maggie later
"Come on Flanders, doesn't that ""Bible"" of yours say to ""love thy neighbor""? Why won't you love me?",come flanders bible love thy neighbor will love
"This theater sucks. My seat's uncomfortable, the screen's only half a screen, and that guy's eating an apple!",theater suck seat uncomfortable screen half screen guy eat apple
"What are you kids laughing at? And if you say Jimmy Fallon, I'll know you're lying.",kid laugh jimmy fallon know lie
"Sensual, isn't it? And the best part is Stupid Flanders doesn't even know it's happening in his stupid house. Hence my nickname, Stupid Flanders.",sensual good stupid flanders know happen stupid house nickname stupid flanders
"Son, I need to pee, but I can't stop watching. Fetch me a bottle.",son need pee stop watch fetch bottle
"Uh, I'm thinking about getting a yogurt franchise. It's called ""Plops"" and...",uh think get yogurt franchise call plops
"Hi, I'm Homer Simpson. I live next door. So, is that your whistle?",hi homer simpson live door whistle
"Um, listen, uh, neighboreeno, I want to start our relationship off on the right foot, so if you need anything... anything at all...",um listen uh neighboreeno want start relationship right foot need
"Don't worry, I'll straighten things out with Coach Clay. We're good buddies. We play this game called ""who can punch the softest?"" And he always lets me win!",worry straighten thing coach clay good buddy play game call punch softest let win
"Hey Coach, do you mind turning down the music? My baby's trying to take a nap.",hey coach mind turn music baby try nap
"Hey, you knocked out my power. How am I supposed to eat without watching TV?",hey knock power suppose eat watch tv
"Oh, I was just driving around the mid-Atlantic states, ringin' doorbells at random, and I just... oh, who am I fooling with my awesome lies? I want you to come back to Springfield.",oh drive mid atlantic state ringin doorbell random oh fool awesome lie want come springfield
"Shut up, Flanders. But some things I could never take from you: your kindness, your gentle spirit...",shut flanders thing kindness gentle spirit
"...and your infinite patience with a big, dumb jerk like me. Oh, Ned, I don't deserve you as a neighbor, but will you forgive a young, handsome fool and come home?",infinite patience big dumb jerk like oh ned deserve neighbor forgive young handsome fool come home
"Okay, Ned. Get ready for your welcome home surprise.",okay ned ready welcome home surprise
"I didn't need that new fact! Now I forgot who won Bud Bowl Eight. Boy, I'm pulling you outta that crazy school!",need new fact forget win bud bowl boy pull outta crazy school
"Hey! I'm Bart Simpson's father, and I'm sick of you teaching my son your time-tested values! Hey, what's that smell?",hey bart simpson father sick teach son time test value hey smell
"Log Cabin full of taste, my stomach is with thee. Blessed art thou among syrups and...",log cabin taste stomach thee blessed art thou syrup
Bingo? That's my favorite game. I just can't remember what to yell out when you win.,bingo favorite game remember yell win
"Uh, listen, is it true you priest guys can't ever... you know...",uh listen true priest guy know
"Celibacy?! I was talking about the meat on Friday thing. Man, you guys got more crazy rules than Blockbuster Video.",celibacy talk meat friday thing man guy get crazy rule blockbuster video
"Wait, wait, wait, wait, wait. No matter what I did, no matter how many people lost their pensions, it's forgiven like that?",wait wait wait wait wait matter matter people lose pension forgive like
"...I coveted the wife in ""Jaws 2,"" I lied to a waiter, I masturbated eight million times and I have no plans to stop masturbating in the future.",covet wife jaws lie waiter masturbate million time plan stop masturbate future
"Look, Marge, I know I was supposed to yell at that Priest, but he's so cool. He plays drums in a band with a bunch of other priests!",look marge know suppose yell priest cool play drum band bunch priest
"Marge, relax. I've never heard of anyone getting so upset about religion.",marge relax hear get upset religion
Why does that woman thwart my sporadic interest in my children? Shouldn't Bart and I be able to choose our own religion if we want to?,woman thwart sporadic interest child bart able choose religion want
"Hop in, boy! We'll show your mother our god kicks her god's butt.",hop boy mother god kick god butt
"The Broncos won?! Why didn't I bet on them, like Professor Pigskin told me to?",broncos win bet like professor pigskin tell
"I've gotten the pamphlet four weeks in a row, and every time, the ""pick of the week"" has been right on the money.",get pamphlet week row time pick week right money
"A scam? Not according to ""Eddie F. from Tucson,"" or ""Football Millionaire in Beloit, Michigan.""",scam accord eddie tucson football millionaire beloit michigan
Professor Pigskin told me to bet on the Raiders but they look awful.,professor pigskin tell bet raiders look awful
"Marge would kill me! Please, there's gotta be something else I can do. Like mow your lawn every week for two weeks. I can't do it next week.",marge kill get to like mow lawn week week week
"All right, you can shoot your gay adult film at my house.",right shoot gay adult film house
They're shooting an adult film at my house tomorrow. How am I gonna get rid of Marge and the kids?,shoot adult film house tomorrow go to rid marge kid
Uh-oh. That might have broken the phone. I'd better call Moe.,uh oh break phone well moe
"Ew, lemon cream! You're goin' in the Marge pile. I mean I love you so much...",ew lemon cream marge pile mean love
"Does the pizza guy take a check? If so, where do we keep the checks? And lastly, how do you write a check?",pizza guy check check lastly write check
Gotta find your Mom. Gotta find your Mom.,get to find mom get to find mom
"Okay, kids, we'll stop for the day. I have cousins near here. We'll stay with them.",okay kid stop day cousin near stay
"Okay, the key to this thing is the manatees. Is Marge saving them or killing them?",okay key thing manatee marge save kill
"Okay. To save the manatees, I guess I could donate my time and money and help them build a... eh, screw that.",okay save manatee guess donate time money help build eh screw
"Look, if it were up to me, I'd be harassing them with you. If anything, I'd be the guy who took it too far. But I love my wife and I want to win her back!",look harass guy take far love wife want win
"Hey, since we've got the kids with us, why don't we all take a few days of much-needed R and R?",hey get kid day need r r
"Look at the bright side, Marge. When I die, you can mourn me from the bathroom. That's multi-tasking.",look bright marge die mourn bathroom multi tasking
"Lisa, honey, if you sleep in your own bed tomorrow, we'll do something special, just for you.",lisa honey sleep bed tomorrow special
"Lisa, when you've sustained as many blows to the head as I have, consistency is something, something that, something I love you, Bart.",lisa sustain blow head consistency love bart
No one's gonna pay a buck to drink water from your hose --,go to pay buck drink water hose
"You see, sweetie, when a mommy and a daddy are married for years and have nothing new to talk about, they bad-mouth their closest friends.",sweetie mommy daddy married year new talk bad mouth close friend
"Okay, Marge. But don't be surprised if a snuggle monster shows up.",okay marge surprised snuggle monster show
"Where's Lisa, boy? This book's gonna solve all her problems.",lisa boy book go to solve problem
"Oh. You always gotta work blue, don't ya Marge?",oh get to work blue ya marge
Can't even go in my own kitchen... Bart's in there right now licking frosting off my eggbeaters.,kitchen bart right lick frost eggbeater
"Ladies and gentlemen, presenting... the sister with the blisters... the tot with all the spots... Maggie!",lady gentleman present sister blister tot spot maggie
"Mr. Stomach, are you hungry? I'm always hungry. Now make with the pizza, Fatso. You're the stomach!",stomach hungry hungry pizza fatso stomach
"I just got fired. Better check the ""Want Ads.""",get fire well check want ads
"That's ridiculous! No woman would want to have sex with that loser! And, uh, congratulations on snagging him back. Good stuff.",ridiculous woman want sex loser uh congratulation snag good stuff
"Well, that answers the mystery of the missing melon, but I have one more question: did you sleep with Kirk Van Houten?",answer mystery miss melon question sleep kirk van houten
"Resident... occupant... I can't open these. Ooh, a traffic ticket!",resident occupant open ooh traffic ticket
"Well, I got your note saying you were gonna bring me a bucket of potato salad.",get note say go to bring bucket potato salad
"Bart! We're all disappointed there's no potato salad! But for God's sake, don't jump!",bart disappointed potato salad god sake jump
Of course I do. The only thing I can't believe is that a woman as great as you would be married to me.,course thing believe woman great married
"David, you're by far the best son I've ever had. Uh-oh.",david far good son uh oh
"Lisa, the zoo opens up a whole new world for the animals. In the wild they would never experience boredom, obesity, loss of purpose... you know, the American dream.",lisa zoo open new world animal wild experience boredom obesity loss purpose know american dream
"I'm really sorry, but our family just can't handle both of you boys. I hope that somewhere deep in your data banks, you process fond memories of us.",sorry family handle boy hope deep data bank process fond memory
"The sad part is, there were times when I actually had feelings for you. I almost felt I was your father.",sad time actually feeling feel father
"David feels, and your mother will agree when I tell her, that it's best for our family if you're no longer in it.",david feel mother agree tell good family long
"Honey, animals don't feel death. That was proved by the scientists at Black Angus.",honey animal feel death prove scientist black angus
"Aw, I can't stay mad at you when that pan smells like sausage and onions.",aw stay mad pan smell like sausage onion
Ooh! Ooh! I wanna ride the bumper cars!,ooh ooh wanna ride bumper car
"Marge, I don't hate your mother. I just won't be sad when she dies. Forty-seven, forty-eight...",marge hate mother will sad die seven
But I'm watching television. A lot of people worked hard on this show!,watch television lot people work hard
"Hey, what's the big idea of getting trapped under that thing?",hey big idea getting trap thing
"Moe, I'm starting to have grave doubts about this thing I barely liked in the first place.",moe start grave doubt thing barely like place
"Marge, spending time with you is more important to me than all the pie-eating contests in the world.",marge spend time important pie eat contest world
I was in a pie-eating contest on the way home. Now let's go to bed.,pie eat contest way home let bed
"Kids, this is the holiest night of the year. Tomorrow is Father's Day, and that makes tonight Father's Day Eve.",kid holy night year tomorrow father day make tonight father day eve
"JOY TO THE WORLD, A FATHER'S BORN / LET ME RECEIVE GREAT GIFTS!",joy world father born let receive great gifts
No Father's Day Eve... does this mean there's no such thing as... Daddy Claus?,father day eve mean thing daddy claus
"Bart, this is the greatest present I ever received. To open another gift now would be like following the London Philharmonic with Jessica Simpson. Whatchu got, Lisa?",bart great present receive open gift like follow london philharmonic jessica simpson whatchu get lisa
"Yeah, but I know how to win women back. I even won you back after I lost our wedding album in a bar bet.",yeah know win woman win lose wedding album bar bet
"I'm sorry I made you feel bad, honey. But I'm gonna show you just how much I care about your feelings. One adult and one baby, please.",sorry feel bad honey go to care feeling adult baby
Does it still keep hot drinks hot and cold drinks cold?,hot drink hot cold drink cold
"Oh yeah, oh sure, it's easy to point out my faults. It's a little harder to shut up.",oh yeah oh sure easy point fault little hard shut
"Okay, Lisa. Time for Daddy's big surprise!",okay lisa time daddy big surprise
"Yeah. Now, I'm off to bring safety to Springfield Elementary and win back your love!",yeah bring safety springfield elementary win love
The first rule of bus safety is always wear your seat belt.,rule bus safety wear seat belt
Safety tip ninety-nine: always double-bolt your easel.,safety tip ninety double bolt easel
"Now honey, you know Daddy's not allowed in the zoo anymore.",honey know daddy allow zoo anymore
This looks like a job for a dad trying to win back his daughter's love!,look like job dad try win daughter love
"Today marks a new dawn for Springfield. This salamander is sitting on eggs labeled ""elder care"", ""flex-time,"" and ""downtown pedestrian mall."" And those eggs are ready to hatch!",today mark new dawn springfield salamander sit egg label elder care flex time downtown pedestrian mall egg ready hatch
"Bloop, bloop, bloop. Bloop, bloop, bloop.",bloop bloop bloop bloop bloop bloop
"Hey, people may not love Homer Simpson, but they love this suit. Just like they love their stupid American flag.",hey people love homer simpson love suit like love stupid american flag
"That's right, I am a man! The man who dressed like a salamander to win back his daughter's love. Let's meet her now.",right man man dress like salamander win daughter love let meet
"You're like all Easter Bunnies -- can't take a punch to the crotch! Maybe next time you'll think twice before you volunteer to help children. Oh, hey Marge.",like easter bunnies punch crotch maybe time think twice volunteer help child oh hey marge
"Oh, that poor woman. I am gonna find her a friend! Someone cute, athletic, with a nice laugh.",oh poor woman go to find friend cute athletic nice laugh
"Son, I need to find a new friend for your mother. So you're gonna have to finish the shopping yourself.",son need find new friend mother go to finish shopping
Hmmm. I bet she'd be a good friend for Marge. She looks defeated too!,hmmm bet good friend marge looks defeat
"Marge, I did it! I found a woman to be your new friend! She's waiting in the living room!",marge find woman new friend wait living room
"Marge... in a gang? What're you gonna do, shoot me with a frosting gun? Seriously, I would love that.",marge gang go to shoot frost gun seriously love
"Wait a minute... if she's going bird watching why did she leave our ""Peterson's Field Guide to Birds"" on the kitchen counter?",wait minute go bird watch leave peterson field guide birds kitchen counter
"Now, let's see what Marge is up to. ""Recipes,"" ""dress patterns,"" ""toaster undercoating agreement""... ""Heist plans""!",let marge recipe dress pattern toaster undercoat agreement heist plan
I gotta stop Marge from doing something reckless and irresponsible.,get to stop marge reckless irresponsible
"Marge, I wanted to save you from the cops, but the cops followed me! Game over, man! Game over! So, are you gonna introduce me to your friends?",marge want save cop cop follow game man game go to introduce friend
"Listen, Marge. No matter where you go in this life, you'll always have one friend who loves you body and soul.",listen marge matter life friend love body soul
"And Marge, there are certain things I can do for you that no other friend can. Special things.",marge certain thing friend special thing
"BOMP, BOMP, BOMP, BOMP... BOMP, BOMP, BOMP, BOMP...",bomp bomp bomp bomp bomp bomp bomp bomp
A Lamborgotti Fasterossa? That's the car I think about when I make love to my wife.,lamborgotti fasterossa car think love wife
"Hey, that guy in first class is taking a TV out of his armrest.",hey guy class take tv armrest
"Now we have to drive it straight to Rome, where it'll be shipped to Mr. Burns in Springfield.",drive straight rome ship burns springfield
It says that we should turn left at a fat chick in a tu-tu being fed by a midget.,say turn leave fat chick tu tu feed midget
"Yeah, I tell Marge everything! Not necessarily in words, but in body language -- you know, sneaking around and such.",yeah tell marge necessarily word body language know sneak
I hope I never hear that God-awful nutcracker music again.,hope hear god awful nutcracker music
"So this guy might be my real father, and his name starts with ""M"". Moleman? Mr. Burns? M. Night Shyamalan? That would be a twist worthy of his increasingly lousy films!",guy real father start m moleman burns night shyamalan twist worthy increasingly lousy film
The only tummy ache is in my head. I can't stop wondering who my real father might be.,tummy ache head stop wonder real father
No... I said I work for a radio station. Nine-eighty on the AM dial but number one with our viewers!,say work radio station eighty dial number viewer
"Hm, honey, you've given me a lot to think about... tomorrow, when we're on Daddy's boat!",hm honey give lot think tomorrow daddy boat
"As I lay dying on the ocean floor, I remembered everything you've done for me. To Hell with that stupid DNA test and its ninety-nine point nine, nine, nine, nine, seven per cent accuracy -- you're my dad, and I love you.",lay die ocean floor remember hell stupid dna test ninety point seven cent accuracy dad love
Only a true father would lead his son to believe he belonged to someone else.,true father lead son believe belong
"Hmm, this camp's got it all -- climbing some kind of rope thing, wearing a backpack, high-fiving the black kid. It's the perfect thing to straighten you out.",hmm camp get climb kind rope thing wear backpack high five black kid perfect thing straighten
Stupid Bart... makes me drive to Oregon... home of unspoiled forests... birthplace of Matt Groening ...,stupid bart make drive oregon home unspoiled forest birthplace matt groening
You mean Fun Homer? I'm afraid Serious Homer has him locked up till you're at your snooty torture camp.,mean fun homer afraid homer lock till snooty torture camp
"Aw c'mon, Serious Homer, let me out! We'll get a monkey drunk and push him down the stairs.",aw homer let monkey drunk push stair
"At least you have something you're good at. I'm thirty-eight years old, drivin' a crappy car, with a son who doesn't respect me, and I'm one Snickers pie away from losing my foot to diabetes. Mmm, Snickers pie.",good thirty year old drivin crappy car son respect snickers pie away lose foot diabetes mmm snickers pie
"I bet they're from Massachusetts. You know, it's legal there for a guy to marry his son.",bet massachusetts know legal guy marry son
"Uh, but could you add a bacon nose? Plus bacon hair, bacon mustache, five o'clock shadow made of bacon bits... and a bacon body.",uh add bacon nose plus bacon hair bacon mustache shadow bacon bit bacon body
Fine. But the bacon man lives in a bacon house!,fine bacon man live bacon house
You know who would really like this place? Bart. Wait a minute... where the hell is Bart?,know like place bart wait minute hell bart
I'm gonna double kill you! And then I'm gonna bury you in a shallow grave. Then I'll dig you up and kill you again! That's the beauty of a shallow grave.,go to double kill go to bury shallow grave dig kill beauty shallow grave
"Well boy, you made the right choice. I think this is the first step to a new, closer relationship between us.",boy right choice think step new close relationship
"I don't enjoy it. Being a father is just a job. Long hours, no pay, and at the end, all you get is someone yelling ""you screwed me up""!",enjoy father job long hour pay end yell screw
"Woo hoo! Vegas here I come! Oh right, Bart.",woo hoo vegas come oh right bart
"Marge, I ripped my pants! The only pants that understand my complex hiney.",marge rip pant pant understand complex hiney
"Earning us a hundred bucks a week, that's what. Except the Maine potatoes one. It's just a reminder to myself.",earn buck week maine potato reminder
"Boy, come here and listen to Lisa's story. It's about Moe's treasure!",boy come listen lisa story moe treasure
I figured he'd never miss two or three pieces. Money which we could use to pay for Bart's operation.,figure miss piece money use pay bart operation
It's a lot of little stuff. God has to pay all the elves in his workshop... plus he's got all those planets to support -- you see that ring he gave Saturn?,lot little stuff god pay elf workshop plus get planet support ring give saturn
"Don't worry, Marge. Me and ""Terrible Two"" here are gonna win that computer for you.",worry marge terrible go to win computer
Hey... that's the same thing you said to Bart after he choked in that soccer game. And we both know he sucked.,hey thing say bart choke soccer game know suck
"So Marge, in tomorrow's game I'm gonna recover a fumble just for you.",marge tomorrow game go to recover fumble
"Old showbiz animals, eh? Do you think any of the gremlins from the ""Gremlins"" movie are there?",old showbiz animal eh think gremlin gremlin movie
Sad? You're crazy. I feel like I'm at the Oscars for the animals I forgot existed.,sad crazy feel like oscars animal forget exist
"Oh, you haven't seen Bart for a few hours, so you automatically assume I let something terrible happen.",oh see bart hour automatically assume let terrible happen
"I know what you think: when stupid Homer wasn't looking, Bart got kidnapped by a monkey.",know think stupid homer look bart get kidnap monkey
"Oh, you're so right. I guess I should be more concerned with Bart's safety than covering my own butt. And maybe I'm talking like this because I can't stop. Help me, Lisa! I have serious mental problems!",oh right guess concerned bart safety cover butt maybe talk like stop help lisa mental problem
"When the monkey falls asleep, I'll sneak you out in this trash bag. Then I'll come back and feed the monkey a peach full of antifreeze.",monkey fall asleep sneak trash bag come feed monkey peach antifreeze
"Lisa, monkeys don't have feelings. If they did, then my experiments could be called cruel.",lisa monkey feeling experiment call cruel
I am so stoked about Lenny's party. He said he's gonna make a surprise announcement!,stoke lenny party say go to surprise announcement
"Why the hell would he want to do that... blessed sacrament that has made my life so rich? I like your hat, sweetie.",hell want bless sacrament life rich like hat sweetie
"Lenny, this TV is amazing. If you're not careful, I might just spend the rest of my life on your couch.",lenny tv amazing careful spend rest life couch
Lenny! Bring me a beer and your deepest chamber pot! Chop-chop!,lenny bring beer deep chamber pot chop chop
"Oh yeah, well right there's a commercial with a dancing cold sore.",oh yeah right commercial dance cold sore
Stupid non-plasma TV. Picture so blurry. Might as well rub dirt in my eyes.,stupid non plasma tv picture blurry rub dirt eye
"Oh Marge, you're the greatest mom ever. I want the whole world to see that.",oh marge great mom want world
"Because we'll be on TV, and earn enough money to buy a TV. TV.",tv earn money buy tv tv
"Listen up, Stonehenge. I made a drawing of the places on Marge you can't touch. Especially the hair.",listen stonehenge drawing place marge touch especially hair
"Ya know, you don't seem like the money-hungry semi-stripper who's usually on Fox. Why'd you do it?",ya know like money hungry semi stripper usually fox
"There's this guy that got killed -- I think it was in Miami? So C.S.I. Miami investiga-ted-ed it. Then a family said how much they loved the Olive Garden. Then I fell asleep. When I woke up, Letterman was talking to Alias.",guy get kill think miami miami investiga te ed family say love olive garden fall asleep wake letterman talk alias
"Oh Marge, thank God you're back! She made me spend time with the kids. And not just TV time. Talking time!",oh marge thank god spend time kid tv time talk time
"Yeah, well, I'm gonna vote ""No"" on Thirty-eight so you can't adopt.",yeah go to vote thirty adopt
I'll show you all. I'm gonna spearhead the hell out of this expansion bid!,go to spearhead hell expansion bid
"Y'ello. You want my opinion on current movies?! Well, first of all, they're all perfect. Also: when's the Cap'n Crunch movie coming out? And will it be ""R"" or ""Hard R""?",want opinion current movie perfect crunch movie come r hard r
Mo-vie! Mo-vie! Mo-vie! Mo-vie! Mo-vie!,mo vie mo vie mo vie mo vie mo vie
"Woo hoo! I win! In your face, best friends!",woo hoo win face good friend
"Hey, Marge it's what I've gotta do to keep this family living in luxury.",hey marge get to family live luxury
"This isn't India! Where's the University of Notre Dame, the Indy 500, Wrigley Field, Dodger dogs --?",india university notre dame indy wrigley field dodger dog
"Oh baby... ooo, did you lose weight?... oh c'mon, baby, don't play hard to milk...",oh baby ooo lose weight oh baby play hard milk
"Uh... duh... uh... um... uh... duh... Did I say ""um""?",uh duh uh um uh duh um
"Okay book, I didn't read you, and you didn't read me, but we're both in this together, so say something smart or get ready to run like hell. Um... ""In business as in breakfast, fried eggs have fragile yolks... huh, huh?",okay book read read smart ready run like hell um business breakfast fried egg fragile yolk huh huh
I'm not a God. God has a white beard and invented the Da Vinci Code.,god god white beard invent da vinci code
"Silence! Now for my amusement, let the monkey fight the elephant.",silence amusement let monkey fight elephant
"Well, I'm just glad I'm not a god anymore. I wanna go home. How's Chief Wiggum?",glad god anymore wanna home chief wiggum
She's gonna marry him 'cause he wears boots instead of blackening his feet.,go to marry wear boot instead blacken foot
"Hey, I've been driving drunk since I was twelve! But first...who's gonna help me pee?",hey drive drunk go to help pee
"Don't worry, Marge. I'll see to it you fundamentalist Christians live to take over all America by the twenty-first century!",worry marge fundamentalist christians live america century
"Fine! I'll finish it myself. And don't think I'm gonna screw it up, because I won't!",fine finish think go to screw will
"Son, all our mail has ever brought me is bad things: bills, jury duty, Entertainment Weekly. Now, for once, I'm getting' rich-person mail. You wouldn't take that away from me, would you, son?",son mail bring bad thing bill jury duty entertainment weekly get rich person mail away son
"Ooh! Marge, you wanna go to a wedding of a couple we never met?",ooh marge wanna wedding couple meet
"Marge, I don't have to sit here and listen to your insane ravings about me getting other people's mail.",marge sit listen insane raving get people mail
"Marge, I'm gonna take care of you until your amnesia goes scram-nesia. I got you flowers a fluffy pillow...and a nice, relaxing private room.",marge go to care amnesia go scram nesia get flower fluffy pillow nice relax private room
"All right, Marge... time to remember Admiral Awesome!",right marge time remember admiral awesome
"Oh no, Bart and Lisa are gonna tell me something horrible!",oh bart lisa go to tell horrible
"Marge, I realize you've made up your mind, and I want you to know that I deeply respect your boo!",marge realize mind want know deeply respect boo
"Oh no! He's Marge's, and my, dream man! I've gotta make a play for her now or I might lose her forever!",oh marge dream man get to play lose forever
"You just walked away from the sweetest, most beautiful woman a guy could want. In ten years she never had the last slice of pizza and she's never complained. Every election, she wishes she could vote for both guys, because they both seem nice. And there's a light inside her that makes everyone else look better. And you blew her off.",walk away sweetest beautiful woman guy want year slice pizza complain election wish vote guy nice light inside make look well blow
"Uh, yeah. I started when you were in the hospital. I was so worried. Recently I tried this thing called ""beer."" And...",uh yeah start hospital worried recently try thing call beer
"Oh, he ain't gettin' married. He has commitment issues!",oh be gettin married commitment issue
"Aw dude, I was totally here. You calling me a liar? In front of my kids? 'Cause I'd take a bullet for you, man. Right in my mouth!",aw dude totally call liar kid bullet man right mouth
"Sorry, Flanders. But when you get in, you can use my audio tour. Narrated by Melanie Griffith.",sorry flanders use audio tour narrate melanie griffith
"Tickets, thirty dollars! Big game, everyone wants to see the game...",ticket thirty dollar big game want game
"What a game! I got on the kiss-cam, I participated in ""the wave,"" and I got to pee in a trough! Marge, can we get a trough?",game get kiss cam participate wave get pee trough marge trough
Sure. That means she wants to talk in private. It's probably about you.,sure mean want talk private probably
"Hey, we've gone through more hardships than the Jews and Charlie Brown put together.",hey go hardship jews charlie brown
"Buck, you've got a beautiful woman with a hot body that any man would fantasize about, even while making love to his own Marge.",buck get beautiful woman hot body man fantasize make love marge
"Hey Tabitha, great show. I like that part where you mentioned Springfield. Did you know that's where you are?",hey tabitha great like mention springfield know
"Marge, we've gotta get Buck and Tabitha back together. This is the most important case of our careers!",marge get to buck tabitha important case career
This is all my daughter's fault. But I'll make it up to you. Bart and I will run your business till your Dad's okay.,daughter fault bart run business till dad okay
"Everything. And I learned it all from the greatest gangster film ever: ""Shark Tale"".",learn great gangster film shark tale
Ow! I hurt my fist and my palm. I thought you guys were lookin' out for me.,ow hurt fist palm think guy lookin
"Uh, it fell off a truck. You know, a truck-truck.",uh fall truck know truck truck
I know -- I'll use that white-noise machine I got you when your father died.,know use white noise machine get father die
"Oh! Let me know when and if you want sex, honey!",oh let know want sex honey
"Boy, get dressed. You're going to a jazz brunch, as punishment for all the racket you're making!",boy dress go jazz brunch punishment racket make
"Woo hoo! What's next? A contract with Groove-tone Records? Take the G-train, baby. Groove-tone!",woo hoo contract groove tone records g train baby groove tone
And then today at lunch Lenny and I went to the park and rented a rowboat. Carl sketched us from the bank. Summer days.,today lunch lenny go park rent rowboat carl sketch bank summer day
"Oh yeah? Blah blah blah blah, blah blah blah blah blah...",oh yeah blah blah blah blah blah blah blah blah blah
"Blah blah blah, blah blah blah...",blah blah blah blah blah blah
"Uh... Like all manly men, I have a vivid imagination.",uh like manly man vivid imagination
"Marge, giving me credit was your idea. Now could you rub my butt? I sat on it so much it's a little sore.",marge give credit idea rub butt sit little sore
"Look, I'm sorry you're upset. But if we tell the truth now, I'll be humiliated in front of the whole town. Then you won't be married to a man. You'll be married to some kind of gay jellyfish, floating outside the Florida Keys, cruising for rich snorkelers. You don't want that.",look sorry upset tell truth humiliate town will married man married kind gay jellyfish float outside florida keys cruise rich snorkeler want
He wants to grind his own corn. Maybe it'll finally shut him up about the high price of cornmeal.,want grind corn maybe finally shut high price cornmeal
"Yeah, I hear it too. Maybe we can cover it up by singing a fun song. ""WE WILL, WE WILL ROCK YOU...""",yeah hear maybe cover singe fun song rock
"...I'm sorry, I'm sorry, I'm sorry, infinity. I never expected them to climb on the cabinet and ride it down the biggest hill in town.",sorry sorry sorry infinity expect climb cabinet ride big hill town
"Look, I understand that you're mad. Which makes now the perfect time to tell you the mayor's hired us to fix the old Springfield roller coaster.",look understand mad make perfect time tell mayor hire fix old springfield roller coaster
"By the way, nice job installing this wall-chart bracket. If the kids ask, I did it.",way nice job instal wall chart bracket kid ask
"We need to replace them with kick-ass ""going-down"" parts.",need replace kick ass go part
And I promised these guys money I don't have! And they're gonna be so mad!,promise guy money go to mad
"To Daddy, the real world gets fainter and fainter every day.",daddy real world get fainter fainter day
"Marge, I realized something when I was trapped under all that rubble: marriage is the real roller coaster. I'm just glad I have you as my safety bar.",marge realize trap rubble marriage real roller coaster glad safety bar
"Ooh, teenagers... No! Today's teens have enough problems, without me eating them.",ooh teenager today teen problem eat
"Marge, to keep you in my life, I'd do anything. There must be some way to turn my problem into a positive for the community.",marge life way turn problem positive community
"Bart, there's something I have to tell you father to son. I passed out on your turtle and killed it. Someday you'll thank me.",bart tell father son pass turtle kill someday thank
"Hey boy, where's your mud buddy? I have a little job for him.",hey boy mud buddy little job
"Eh, big deal -- by the time Bart's eighteen, we're gonna control the world! We're China, right?",eh big deal time bart eighteen go to control world china right
"Ooh, ""Who makes what in America."" Army private: fourteen thousand a year.",ooh make america army private fourteen thousand year
I have to Marge. Who else is gonna keep oil under a hundred dollars a barrel?,marge go to oil dollar barrel
Gung hay fat choi! Gung hay fat choi!,gung hay fat choi gung hay fat choi
"Moe, Moe, you gotta hide us from the Army!",moe moe get to hide army
"Yeah, Marge always loves your cards. Well, you may not be the smartest guys in the Army...",yeah marge love card smart guy army
"Oh, I was supposed to take Moe fishing today! Everybody hide!",oh suppose moe fishing today everybody hide
"Oooh, Moe's a poet! He has a soul! Flutter your wings! It's teatime in Buttercup Junction!",oooh moe poet soul flutter wing teatime buttercup junction
Moe's the Princess of Lollipop Land! He lunches on lavender and potpourri!,moe princess lollipop land lunch lavender potpourri
"There once was a rapping tomato / That's right, I said rapping tomato / He rapped all day / From April to May / And also, guess what, it was me.",rap tomato right say rap tomato rap day april guess
Lousy. I gotta go to Vermont for some stupid poetry thing.,lousy get to vermont stupid poetry thing
"Man, couples in this state sure like to clink glasses.",man couple state sure like clink glass
"Make my daughter cry, will ya! Eat syrup, jerk!",daughter cry ya eat syrup jerk
"Hmmm... maple syrup. Sleigh on the label, very good.",hmmm maple syrup sleigh label good
Ice cream man! Ice cream man!,ice cream man ice cream man
"Wait a minute. You don't want the truck, I need a job, you need money, I'm flush with severance pay...",wait minute want truck need job need money flush severance pay
Remember that crappy ice cream truck I bought?,remember crappy ice cream truck buy
You give this delightful frozen treat the same respect you would give any lactose-free food. God bless America!,delightful frozen treat respect lactose free food god bless america
"Whoa Marge, for the first time in my life, I'm excited about going to work!",whoa marge time life excited go work
"Marge, I... Folk art!? That's my favorite kind of folk medium!",marge folk art favorite kind folk medium
"Marge, you're a genius. You should make sculptures of other people! Like Lenny, or Carl, or the new James Bond. Will America accept a British James Bond? I can't wait to find out!",marge genius sculpture people like lenny carl new james bond america accept british james bond wait find
"I would never let you down. Our marriage is like soft-serve ice cream. And trust is the hard chocolate shell that keeps it from melting onto our carpet. In cone-clusion, here's the scoop: I love you.",let marriage like soft serve ice cream trust hard chocolate shell keep melt carpet cone clusion scoop love
"What the hell do you kids want? Oh right, ice cream.",hell kid want oh right ice cream
"Attention, losers: this is your chance to buy your kids some frozen love.",attention loser chance buy kid frozen love
"Oh my God, I've only got nine seconds till Marge's show!",oh god get second till marge
"Marge, let me explain: I had a chance to make a little more money by exploiting broken families...",marge let explain chance little money exploit broken family
"Honey, you've been in there all day. You gotta eat something. Why don't you come downstairs and cook dinner? Lasagna would be awesome. Marge?",honey day get to eat come downstairs cook dinner lasagna awesome marge
"Oh, I see. You'd prefer a wire transfer. What's your routing number?",oh prefer wire transfer routing number
"Marge? I have an apology that I hope is better than all the other ones. So please listen carefully. The thing I liked best about being an ice cream man wasn't the free ice cream, or the colorful toppings, or the love I received from obese children. It was giving you those sticks, and watching you smile as you turned them into art.",marge apology hope well one listen carefully thing like well ice cream man free ice cream colorful topping love receive obese child give stick watch smile turn art
"If it would win you back, I would gradually eat all the parts of a motorcycle. I hope it doesn't come to that. Could you please just give me a sign that you still love me a little?",win gradually eat part motorcycle hope come sign love little
"If you won't talk to me, I'll send in Polaroids to show you how sad I am that I let you down.",will talk send polaroid sad let
"Oh my God. She's gonna jump. Marge, don't do it! Give divorce a chance!",oh god go to jump marge divorce chance
"Okay, tucked in tight, glass of water, nightlight on, no barn owls, don't do drugs, love you, good night.",okay tuck tight glass water nightlight barn owl drug love good night
"Lisa, wake up! They're taking Angelica to Mount Purgatorium.",lisa wake take angelica mount purgatorium
"Oh, Greystash. Greystash! Oh, hello, Lisa.",oh greystash greystash oh hello lisa
"Uh, they went to Star Wars Land and fought star wars.",uh go star wars land fight star war
Now Lisa won't know about death till it strikes someone close to her.,lisa will know death till strike close
Christian Charity? What does a porn star have to do with this? He's gotta go!,christian charity porn star get to
"Yeah, but there's something else. There's this loser staying in our house. Marge says she's gonna kick him out, but then she never does.",yeah loser stay house marge say go to kick
"Now remember, Marge, we're not buying anything for more than one-point-two. But if I scratch my nose, that means we can go to one-point-five.",remember marge buy point scratch nose mean point
I've never seen Marge want to go somewhere so badly. I'm gonna take her back there... by burning that home movie onto a DVD.,see marge want badly go to burn home movie dvd
I've never seen Marge like a DVD about a place so much. I'm gonna make her dream come true... by downloading that movie onto her iPod.,see marge like dvd place go to dream come true download movie ipod
"Marge, I'm sorry I couldn't figure out how to get that movie onto your iPod... so I'm taking the family on a surprise vacation to Barnacle Bay!",marge sorry figure movie ipod take family surprise vacation barnacle bay
"Oh Marge, I'm sure it was just some guy filled with hate.",oh marge sure guy fill hate
"Oh, I can't stand to see your mother unhappy. But this town could be great for your mother again. And I know three people who can make it happen.",oh stand mother unhappy town great mother know people happen
"Oh Ma-arge, we have a surpri-ise! Come to the win-dow! And look down at the stre-et!",oh ma arge surpri ise come win dow look stre et
"Dear Marge, how are you? I am fine. The waves here are way bigger than the ones at home. And the salt water is rising. What's next? Pepper water? Ha ha. Love ya, Homer Simpson.",dear marge fine wave way big one home salt water rise pepper water ha ha love ya homer simpson
"So, that's our story. Oh wait, we were attacked by a giant whale. He turned out to be pretty cool.",story oh wait attack giant whale turn pretty cool
Oui oui! And I have spent the last five years plotting the most exquisite revenge!,oui oui spend year plot exquisite revenge
"Oh, I can't believe this day is already here: me taking you for your first driving lesson.",oh believe day take drive lesson
"Aw, my little girl's just like CBS News.",aw little girl like cbs news
"Hold on there, boy. If you wanna keep using that car, you'd better start pullin' your weight.",hold boy wanna car well start pullin weight
Then throw them over the wall of the prison to create chaos and confusion.,throw wall prison create chaos confusion
Bart... buddy! It's your dad! I need a ride! I think I'm in Chinatown. Not our Chinatown.,bart buddy dad need ride think chinatown chinatown
Bart! This is a matter of life and death: What is the difference between ketchup and catsup?,bart matter life death difference ketchup catsup
"It's a tragedy, a real tragedy. I mean, what kind of tramp gets knocked up before she's even married?",tragedy real tragedy mean kind tramp get knock marry
"Thanks, boy. Hey, for old time's sake, you wanna drive me around while I sing public domain songs out the window?",thank boy hey old time sake wanna drive sing public domain song window
I will! I will be rich! I'll own a football team and a basketball team and I'll make them play baseball!,rich football team basketball team play baseball
"When I grow up, I'll have a giant mansion, my own pinball machine with infinity quarters, eight pairs of peanut butter and jelly pajamas. How many wishes do I have left?",grow giant mansion pinball machine infinity quarter pair peanut butter jelly pajama wish leave
Kids? No way! You'll never see a couple of rug-rats tying me down!,kid way couple rug rat tie
You'd better not put this shot after the one where I said I won't have kids. That would be a devastating edit!,well shot say will kid devastating edit
"Just click the buttons at the top and you can choose from ketchup, mustard, mayo, and relish.",click button choose ketchup mustard mayo relish
"I don't know. You can put horseradish on your dead mother for all I care. The point is, I'm rich, rich, rich! Just look -- my dog has his own Jacuzzi!",know horseradish dead mother care point rich rich rich look dog jacuzzi
"Marge, baby! I got a picture of you tattooed on my chest!",marge baby get picture tattooed chest
"Please, Mr. Burns, pretend you work for me. You can have the boy, just don't beat him. You can beat him, just don't leave marks.",burns pretend work boy beat beat leave mark
"It's been another eight years, and what do I have? Same job, same house, same dirty joke book...",year job house dirty joke book
"All right, you lured me to your bay. Now what sick game are you playing?",right lure bay sick game play
"Oh, spirit. Are you gonna show me my future? My snow-flecked grave, mourned by no man? Well, it's not too late for me to change!",oh spirit go to future snow fleck grave mourn man late change
"Marge, you're my real dream come true. And I get to live you every day.",marge real dream come true live day
"Eh, stumbled home at dawn, same diff. Now don't worry: I packed everyone's lunches and sent them off into the world.",eh stumble home dawn diff worry pack lunch send world
"Marge, we're not going to have to worry about money ever again. Because I've got a plan...",marge go worry money get plan
"Yes I do. Under chapter thirteen of the fiscal code, an individual whose debts exceed his assets may file for bankruptcy, thus protecting said assets.",yes chapter thirteen fiscal code individual debt exceed asset file bankruptcy protect say asset
"What the? But I thought bankruptcy was the cool law! The one that says ""Dude, don't worry about it. I got this.""",think bankruptcy cool law say dude worry get
"Come on, Dad, I'm cuttin' back everywhere. To save gas I'm ""Flintstone-ing"" the car.",come dad cuttin save gas flintstone ing car
He was a great Dad! Every year he got so mad when Santa didn't bring me presents.,great dad year get mad santa bring present
It's not right. It's like an old sea turtle dating a suitcase that fell out of a plane.,right like old sea turtle date suitcase fall plane
"Oh, now you're dragging hot dogs into this. Real classy, Marge. Real classy.",oh drag hot dog real classy marge real classy
"Okay, but I'm not good at details. Or the big picture. I also show up late, and drunk.",okay good detail big picture late drunk
"I don't have to make a wish, because I already have this wonderful family. I wish for infinity hamburgers.",wish wonderful family wish infinity hamburger
"I don't know. Maybe the Krusty doll accidentally turned on the car's headlights, which focused on the cologne bottle, causing it to boil, and soon explode.",know maybe krusty doll accidentally turn car headlight focus cologne bottle cause boil soon explode
"Okay boy, this is that snooty supermarket all the celebrities shop at. You're gonna help me ambush them. Look at this place. Imported beer? Seedless grapes? Chewing gum?",okay boy snooty supermarket celebrity shop go to help ambush look place import beer seedless grape chew gum
"Okay boy, do something annoying. But leave yourself room to build.",okay boy annoying leave room build
"Now Maggie, I had to use your car seat to hold the new TV Guide...so I'm gonna hang you from the mirror.",maggie use car seat hold new tv guide go to hang mirror
"He's trying to make me look like a bad father. Maggie, take the wheel!",try look like bad father maggie wheel
"Hey, Lisa, self-conscious about your shins? In my day, girls were worried about their boobs.",hey lisa self conscious shin day girl worried boob
"Wait, that's soccer? I always called it ""human foosball."" Would you like me to take you to your game?",wait soccer call human foosball like game
"Thanks, honey. After what you said to me, I watched hours and hours of soccer. I almost saw a goal! But there were so many ads for Spanish cell phones...",thank honey say watch hour hour soccer see goal ad spanish cell phone
"Foul on the other girl. Lisa gets a penalty kick, and every other kid has to pay her a dollar!",foul girl lisa get penalty kick kid pay dollar
"When I put on these shorts, I'm not your father anymore. And judging by how tight they are, I'm never gonna be anyone else's either.",short father anymore judge tight go to
But to get that DVD I had to become a PBS subscriber! Now I'm paying for crap like American Masters!,dvd pbs subscriber pay crap like american masters
"Oh, that's long gone, baby. Long gone.",oh long go baby long go
"The Lovejoys?! If this is about me drinking that holy water, let me tell you I had had like a million Doritos -- you know, the ones with the flame on the bag? Oh-ho, that bag ain't lyin'!",lovejoys drink holy water let tell like million doritos know one flame bag oh ho bag be lyin
Pay to the order of... Stupid Reverend... memo: bite my ass ... Wha?!,pay order stupid reverend memo bite ass wha
Lousy Reverend. He's having my sex! While I'm at home with Marge not doing anything sexual or erotic.,lousy reverend have sex home marge sexual erotic
"Look, we're just gonna take our mattress, do a quick sweep of the medicine chest, then we're outta here.",look go to mattress quick sweep medicine chest outta
"Boy, our son can be a real jerk. Hey, you wanna have ghost sex?",boy son real jerk hey wanna ghost sex
"I couldn't find Maggie's brand, but I got every other kind I could find. How about ""Syntho-Nip?""",find maggie brand get kind find syntho nip
"Good work, boy. Just for that, we're gonna treat your heart murmur, not just ""see how it goes.""",good work boy go to treat heart murmur go
"What a wonderful night's sleep. Thank you methasorbizone tartrate, also known as Nappien.",wonderful night sleep thank methasorbizone tartrate know nappien
Mood swings?! Mood swings. Mood swings!,mood swing mood swing mood swing
"Mood swings? Mood swings! Mood swings! Mood swings! Mood swings! Mood swings, mood swings! Mood swings!",mood swing mood swing mood swing mood swing mood swing mood swing mood swing mood swing
"Well son, your Uncle Homer is, like eighty percent of America, whacked-out on prescription drugs.",son uncle homer like eighty percent america whack prescription drug
I feel kinda responsible. Maybe I should volunteer to be a fireman.,feel kinda responsible maybe volunteer fireman
"Marge, when you see me next I'll be a soggy, smoky hero. Mmm, soggy, smoky hero.",marge soggy smoky hero mmm soggy smoky hero
"Oh, thank God there's a fire. Marge's birthday's comin' up.",oh thank god fire marge birthday comin
Betcha can't solve our maze? I didn't come here to be insulted. We're leaving!,betcha solve maze come insult leave
"Now that he's had a taste of human flesh, the dog will be a slave to its succulence! Look at him eyeing me -- he knows I taste best.",taste human flesh dog slave succulence look eye know taste well
"Oh relax, Marge, I'm just messin' with ya. I know I'm not a dog. I'm a people, like you.",oh relax marge messin ya know dog people like
"Say, is your butt numb from all this vibrating? Mine is. Still, I wouldn't describe it as unpleasant. Well, let's get some shut-eye.",butt numb vibrating describe unpleasant let shut eye
"Rice Krispie Treats? Way to phone it in, Sarah Wiggum!",rice krispie treats way phone sarah wiggum
"I had to fight! Lenny said his dad is Hulk Hogan, and I know he's not!",fight lenny say dad hulk hogan know
"Oh, I'm just glad you taste like hot dogs!",oh glad taste like hot dog
"Hey suckers, check it out. Marge is taking me to ride dirt bikes at the cemetery.",hey sucker check marge take ride dirt bike cemetery
I'm gonna glue my mouth shut with butterscotch!,go to glue mouth shut butterscotch
"I like that. But I'm on a bit of a health kick, so I'll take the low-fat vanilla... with the following mix-ins: Snickles, Gooey Bears, Charlottesville Chew, Nice 'N' Many, Kat Kit, Herschel's Smooches, Mrs. Bad Bar, and Milk Dudes.",like bit health kick low fat vanilla follow mix in snickles gooey bears charlottesville chew nice n kat kit herschel smooch bad bar milk dudes
"I'm sorry Marge, but I won't live under the same roof as a member of the ""liberal media"".",sorry marge will live roof member liberal medium
"Oh sure, put down a simple guy like me, who works hard and plays by the rules!",oh sure simple guy like work hard play rule
Woo hoo! Liberals! Woo hoo! Liberals! Woo hoo! Liberals! Woo hoo! Liberals!,woo hoo liberal woo hoo liberal woo hoo liberal woo hoo liberals
True -- but there's room for the truth in this household. Do you wanna hear something really bad Kent told me about the Fox network?,true room truth household wanna hear bad kent tell fox network
"Dinner with Mr. Burns! What a waste of my precious, precious Saturday night.",dinner burns waste precious precious saturday night
"BEER BEER, BEER BEER / BEER BEER BEER BEER BEER...",beer beer beer beer beer beer beer beer beer
Please tell me you're joking -- it's the difference between champagne and carbonated pee.,tell joke difference champagne carbonated pee
"No way. I don't need any shrink, therapist, counselor, motivational speaker or ""guru"".",way need shrink therapist counselor motivational speaker guru
"I'm gettin' that job. Bart, I'll need some clean urine. Stat.",gettin job bart need clean urine stat
"I'm gonna get there early, so I can get in good with the lunch truck guy.",go to early good lunch truck guy
"Uh, yeah -- I have no job and nowhere to go. What do I have to buy so I can sit here all day?",uh yeah job buy sit day
"Well, explanation-wise, the fact is that... I lied. I didn't get the job. You see when I got there...",explanation wise fact lie job get
"Brands like ""Miser's Choice"" and ""Day-Old Delights?""",brand like miser choice day old delights
"Okay, so this should be enough money to get me up in the air, have a frank talk with Marge then maybe eat a devilled egg.",okay money air frank talk marge maybe eat devil egg
"Marge, flying in private jets is great and all, but it's just too dangerous. That's why I've decided to go to the plant and beg Mr. Burns for my old job back.",marge fly private jet great dangerous decide plant beg burns old job
"Oh man, that church service was so boring. I did a whole book of Find-A-Words.",oh man church service boring book find word
"Lisa's right, son. Your Mom is way too classy a lady to crash a private--",lisa right son mom way classy lady crash
"Oh, I can't wait to taste that hot fudge, and caramel, and crushed nuts, all slathered over a delicious... elderly corpse?!!!",oh wait taste hot fudge caramel crush nut slather delicious elderly corpse
NEI CIELI BIGI GUARDO FUMAR DAI MILLE COMIGNOLI PARIGI.,nei cieli bigi guardo fumar dai mille comignoli parigi
"Oh, good. This makes up for me showing up drunk to the father-daughter dance.",oh good make show drunk father daughter dance
"Thanks! You know, of the three tenors, you're my second favorite! No wait, I forgot about that other guy. Sorry, you're third.",thank know tenor second favorite wait forget guy sorry
But I need my childhood friends to help me keep it real. Would you have me keep it fake?,need childhood friend help real fake
"Marge, when I'm onstage I can only sing those love songs by picturing your beautiful face. So in a way, my groupies are really our groupies.",marge onstage sing love song picture beautiful face way groupie groupie
"So did you see the show tonight? Remember the part where I forgot the words and I just sang ""Uh-oh Spaghetti-os"". I'm hoping they send me a case.",tonight remember forget word sing uh oh spaghetti os hope send case
"That's it! Let me make something very clear: my heart belongs to Marge and you can never, ever have it. This opera's over when the fat man sings.",let clear heart belong marge opera fat man sing
D'OH D'OH D'OH D'OH D'OH D'OH D'OH / WOO WOO WOO WOO WOO WOO HOO / STU STU STU STU-PID FLANDERS...,woo woo woo woo woo woo hoo stu stu stu stu pid flanders
"Aw, please, give me a break. I've been driving all night looking for milk for my kids.",aw break drive night look milk kid
I can't believe your boss lets you listen to rock music while you work.,believe boss let listen rock music work
"Man oh man, you've got the greatest job in the world!",man oh man get great job world
"Man, you work as a silhouette model for one day and it haunts you for the rest of your life.",man work silhouette model day haunt rest life
"I've got tow dough I'm lookin' to blow, Moe!",get tow dough lookin blow moe
Outside? That's a one-hour parking zone -- and you've been here a good eighty-one minutes.,outside hour parking zone good eighty minute
"Marge, when you're married to a midnight towboy, you might not see him for days on end.",marge married midnight towboy day end
"Hey, when you married a man who would, years later, without warning, become a tow truck driver, you knew what the deal would eventually be.",hey marry man year later warn tow truck driver know deal eventually
"Guess what, boy. Last night I towed your principal's car.",guess boy night tow principal car
Oh my God... multiple tickets... handicapped spot... parked by a hydrant... incomprehensible vanity plate...,oh god multiple ticket handicapped spot park hydrant incomprehensible vanity plate
"If my life as a tow truck driver were a teleplay, this would be the end of act two.",life tow truck driver teleplay end act
"Put me down, you lousy-- Wheeee! Okay, I'm warning you-- Wheeee! I'll kill you, you son of a-- Wheeee! All right buddy, that's it, I've had-- Whee--!",wheeee okay warn wheeee kill son wheeee right buddy
Point one oh with a stomach full of bread. My final offer.,point oh stomach bread final offer
"Ooo, an awesome accident! Easy, easy... I'll just take three seconds to gawk. Aw, everyone's okay.",ooo awesome accident easy easy second gawk aw okay
"""Make way for Superman,"" said Superman as he punched everyone at the Coffee Bean. Chapter Two...""",way superman say superman punch coffee bean chapter
"Oh, hello, Marge. I'm at the most important event of our daughter's life, and you're totally late. Am I disappointed? Yes. Am I surprised? No.",oh hello marge important event daughter life totally late disappointed yes surprised
"Oh Marge, I was afraid I was going to lose you! Ohhh! Now let me help you make your slow transition back to society.",oh marge afraid go lose ohhh let help slow transition society
"Hey Marge, look at us -- the four amigos! They're gonna let me do some odd jobs for them on the outside.",hey marge look amigo go to let odd job outside
"Don't worry, sir. I'll handle this cleanly, quietly and Bart!",worry sir handle cleanly quietly bart
"Marge, I'm gonna be home late tonight. I'm going to... Midnight Monkey Madness at the zoo.",marge go to home late tonight go midnight monkey madness zoo
"Great, great -- I turned over so many wheelbarrows... Wait, that was your thing.",great great turn wheelbarrow wait thing
"Okay, here's the deal, I'll do the killing for hire, and you stay home with the kids.",okay deal killing hire stay home kid
CrÃ¨me brÃ»lÃ©e! CrÃ¨me brÃ»lÃ©e! Or in English: Burnt Cream! Burnt Cream!,e e english burnt cream burnt cream
"Oh Ma-arge! Want some com-pany? As always, silence means yes.",oh ma arge want com pany silence mean yes
"Oh Marge, your tentacles feel so good. Wait a minute... why am I getting words in edgewise?",oh marge tentacle feel good wait minute get word edgewise
"Don't worry, son -- I've got a plan to save your space doggy.",worry son get plan save space doggy
"Hop in, Bart, they're gonna let us kill one!",hop bart go to let kill
There are so many choices. Bolo? Clip on? Piano keys? Ten Commandments of Beer?,choice bolo clip piano key commandments beer
"Marge, give me a break! I don't notice the color of people's eyes! I just judge them on the color of their skin.",marge break notice color people eye judge color skin
"Good idea. I'll drown my sorrows in Anchor Steam Beer! Oh, I'm sorry!",good idea drown sorrow anchor steam beer oh sorry
I gotta find out what color Marge's eyes are.,get to find color marge eye
"Oh Marge darling, what's the combination to our wedding album?",oh marge darling combination wedding album
"Your thoughts should stay in your head! Heh, heh, I sure told him. Now, what am I gonna do about Marge?",thought stay head heh heh sure tell go to marge
THE GIRL I LOVE'S GOT BEAUTIFUL HAIR / A BLUE BOUFFANT FROM HERE TO THERE,girl love got beautiful hair blue bouffant
"Marge, I wish you well, but why would women want to go to a gym if there were no men there watching them and judging them?",marge wish woman want gym man watch judge
We're gonna be rich! We can finally start a family!,go to rich finally start family
"Oh yeah, Marge, I love these business trips of yours. The TV remote isn't nailed on. My whole life, I've never been in a hotel that trusted me.",oh yeah marge love business trip tv remote nail life hotel trust
"Hors d'oeuvres, big fancy desserts... and my wife is paying for everything. Now I know why pimps are so happy.",hor big fancy dessert wife pay know pimp happy
"Hey, how ya doin'? I'm Homer. My wife invented a gym for ""regular"" women.",hey ya homer wife invent gym regular woman
Marge won't dump me. I'm the anchor that keeps her weighed down.,marge will dump anchor keep weigh
"You guys gotta help me! If Marge leaves I'll have nothing except my many friends, and half the fortune she is now making and will continue to make.",guy get to help marge leave friend half fortune make continue
"Uh-huh, uh-huh... got it. I know just what it'll take to hang onto Marge.",uh huh uh huh get know hang marge
"Hm. I guess considering all the training you've received, this is quite reasonable. I've never seen anything so reasonable! It's the bargain of a lifetime! And--",hm guess consider training receive reasonable see reasonable bargain lifetime
"Kids, your daddy underwent a special procedure so he can be more attractive to your mother.",kid daddy undergo special procedure attractive mother
A smart successful woman like you deserves the very best.,smart successful woman like deserve good
"Whoa, whoa, whoa -- slow down, sexy beast. Why don't you take some time to savor the front?",whoa whoa whoa slow sexy beast time savor
Ow. Ow. Ow. Ow. Ow. Ow. Ow. Ow.,ow ow ow ow ow ow ow ow
You better not make me cry. 'Cause I don't know where my tear ducts are anymore.,well cry know tear duct anymore
"Listen Marge... I've been wondering all these years, what is it about me that you find so irresistible? Let's face it... you could do better.",listen marge wonder year find irresistible let face well
"Finally, some service. Now listen. We wanna sit under a cool state license plate -- Michigan or better.",finally service listen wanna sit cool state license plate michigan well
"Next time a commercial comes on, I'm gonna close my eyes, cover my ears and scream as loud as I can.",time commercial come go to close eye cover ear scream loud
I don't care about these church jerks... church jerks... church jerks...,care church jerk church jerk church jerk
"Maggie? Has anyone seen anyone?! Oh, of course, they must all be taking a family bath. Without me!",maggie see oh course take family bath
"This is great! I'm finally gonna find out how I ruined my family! Strap me in, nerd!",great finally go to find ruin family strap nerd
"I've gotta find out who that guy is, but I need help. Someone like Bart, only smart. Lisa!",get to find guy need help like bart smart lisa
"Lisa, I'm about to probe the most shattering moment of my life. You wanna join me?",lisa probe shattering moment life wanna join
"Kids, your mom is with another man, and I need you to help me find out who he is. Hm... is this really something I should show you kids?",kid mom man need help find hm kid
"Don't worry honey, I'll get you an ice pack. Where's the ice pack?",worry honey ice pack ice pack
"So Marge wasn't cheating on me, I never hit her, and my family is throwing me an awesome party. Thank God I figured it out before I did anything stupid.",marge cheat hit family throw awesome party thank god figure stupid
This is great! I must be the first gullible husband to overhear snippets of surprise party planning and think it was my wife having an affair.,great gullible husband overhear snippet surprise party planning think wife have affair
Marge put so much work into that party. The least I could do is be surprised. If only I could forget what happened today.,marge work party surprised forget happen today
"Well, if I'm gonna start a diet, this is my last chance to eat all the crap I love.",go to start diet chance eat crap love
"I think I'll miss you most of all, Captain Corndog's Schnitzel Palace. No tears, Homer.",think miss captain corndog schnitzel palace tear homer
This must be how the rich toss out their gold. And as long as I'm cleaning out the family chariot...,rich toss gold long clean family chariot
Cups... newspapers... bottles... tricycle... lawn chair... un-cashed checks...,cups newspaper bottle tricycle lawn chair un cashed check
I can't stand to see a grown burger cry. We must rebuild Fast Food Boulevard!,stand grow burger cry rebuild fast food boulevard
"I don't know about you, but I don't want to live in a future where food is brought by waiters... where the chairs aren't attached to the tables... and where I can't ditch my kids in a pit of dirty balls. I say we rebuild the Fast-Food District -- bigger and better than ever!",know want live future food bring waiter chair attach table ditch kid pit dirty ball rebuild fast food district big well
That was the best milkshake ad I've ever seen. It makes me want a milkshake!,good milkshake ad see make want milkshake
Things happened between your mother and me that we're not proud of. It was the middle of a wild decade known as the nineteen nineties.,thing happen mother proud middle wild decade know nineteen ninety
"Oh, it was a wonderful time. The Iraq war was over once and for all, a struggling Matt Groening created ""Futurama,"" and young people believed in their dreams, thanks to a TV show called ""Melrose Place""...",oh wonderful time iraq war struggle matt groening create futurama young people believe dream thank tv call melrose place
But Marge's education was worth all the pistol whipping in the world.,marge education worth pistol whipping world
"With the nineties drawing to a close, and the Sydney Olympics to look forward to, our love rekindled...",ninety draw close sydney olympics look forward love rekindle
"For the next two hours, we'll be kid free. It'll be just like the time we lost them at the mall.",hour kid free like time lose mall
Even love is boring when you're stuck in a tunnel of it. Why can't this be the Tunnel of Hockey Fights?,love boring stuck tunnel tunnel hockey fights
DRIVER OF A LOANER CAR / MUCH BETTER THAN A / DRIVER OF MY NORMAL CAR...,driver loaner car well driver normal car
"Son, I know when we first met, we didn't really hit it off. But since then, I've really come to respect you. And unlike love, respect can't be bought.",son know meet hit come respect unlike love respect buy
"Hello, you've reached the snug bug. What do you mean my car's ready?! Well you can keep it, 'cause I'm never giving up this one. Now why don't you enjoy the sounds of my wife and me making sweet, sweet love.",hello reach snug bug mean car ready give enjoy sound wife make sweet sweet love
"Yeah, I can't believe all those years I used to drive that old piece of... What the?!",yeah believe year drive old piece
"Well, we're gonna start by shootin' her full of holes. And then me and the boys are gonna have a little fun with her.",go to start shootin hole boy go to little fun
"Oh boy, dinner time! The perfect break between work and drunk.",oh boy dinner time perfect break work drunk
"Wait, what's that smell? It's like a stalk of broccoli fell in a pot of boiling water.",wait smell like stalk broccoli fall pot boiling water
"It's tangy like a pepper, but crunchy like a bell!",tangy like pepper crunchy like bell
"Hey Marge, looking for something? I'm looking for something too -- a bell pepper I don't like. Maybe it'll be this one.",hey marge look look bell pepper like maybe
"Listen, baby. The other night was great, but it can never happen again. Oh, who am I kidding? I have to see you right now!",listen baby night great happen oh kid right
"Sweetheart, I didn't want to deceive you. I just couldn't stand to see the disappointment in your beautiful eyes.",sweetheart want deceive stand disappointment beautiful eye
"Stop saying things, Bart! That's the TV's job!",stop say thing bart tv job
"Son, while your mother and little mother are out, I'm gonna let you in on a deep dark family secret.",son mother little mother go to let deep dark family secret
"My Hindu friend, this is a chance for your Kwik-E-Mart to get in on the ground floor of a delicious new taste sensation.",hindu friend chance kwik e mart ground floor delicious new taste sensation
"Wait, wait, wait, wait! You haven't seen our Power Point presentation. Bart?",wait wait wait wait see power point presentation bart
I know you ate my jerky. Just like I ate your earthquake supplies!,know eat jerky like eat earthquake supply
"Enjoy your jerky laced with sleeping pills... nobody outwits Homer Simpson... Hey, they're not sleepy. They're just turning fuzzy...",enjoy jerky laced sleeping pill outwit homer simpson hey sleepy turn fuzzy
When you cut 'em they multiply -- I can't fight that! Now let's take care of those raccoons.,cut multiply fight let care raccoon
"Awww, they're using the jerky to feed their family! Look, there's a Homer and a Bart and a Marge and a Lisa. Aww... and they even share my views on parenting!",awww jerky feed family look homer bart marge lisa aww share view parenting
"Okay, Bart, it's time for operation: crazy-plan. Step one: we chuck the raccoon in there.",okay bart time operation crazy plan step chuck raccoon
This is my favorite family tradition -- ice cream after a botched recital.,favorite family tradition ice cream botched recital
"Come on, preen harder! Make them hate you! You feed on their hatred... and you are so hungry!",come preen hard hate feed hatred hungry
"Homer Simpson. I know a lot of you from church, and the market and such. And I'm not much for talkin' -- but seems to me, in hard times like these that we Americans come together.",homer simpson know lot church market talkin hard time like americans come
"Kids, marriage is like a car. Along the way it has its bumps and dings, and this country can't make one that lasts more than five years. With Lurleen I just walked past the showroom and didn't even go inside. Now let's return to watching the news.",kid marriage like car way bump ding country last year lurleen walk past showroom inside let return watch news
"Boy, you sure have married a lot of super-hunks.",boy sure marry lot super hunk
"Wait a minute -- he's a deadbeat dad, and yet he's getting as much love as me, a Dad too lazy to run away!",wait minute deadbeat dad get love dad lazy run away
"Oh, I see. It's reverse psychology. Well in that case I'm not going and I'm not staying. And I'll cut my steak with a spoon, then take a walk on the ceiling.",oh reverse psychology case go stay cut steak spoon walk ceiling
"Yeah, me too. Since her father re-abandoned her, she's cut the word ""pop"" out of all of our foods.",yeah father abandon cut word pop food
"And remember, you can do anything you want in the world of country music, western wear merchandising and TV movies. Regular movies, don't hold your breath. But TV movies, the sky's the limit.",remember want world country music western wear merchandising tv movie regular movie hold breath tv movie sky limit
"Son, a lot of these youth organizations encourage parents to get involved in the activities--",son lot youth organization encourage parent involve
"Son, let this be a lesson: never work hard and don't form emotional attachments. Also, don't be a cow.",son let lesson work hard form emotional attachment cow
Doot de-doo de-doo do-doo de-doo... Strained spinach?! I'm not going to eat that -- it's yucky!,doot de doo de doo doo de doo strained spinach go eat yucky
Mmm-mm-mm! I wonder if Maggie would like it.,mmm mm mm wonder maggie like
"Ooh, Laughter House! With the world in the shape it's in, we could all use some comedy.",ooh laughter house world shape use comedy
Marge... kids... the things I saw. It makes me never wanna eat meat again...,marge kid thing see make wanna eat meat
"Just fish... chicken... burgers... veal on Fridays... deer, but only in season... and if necessary, the sweetest meat of all... human.",fish chicken burger veal fridays deer season necessary sweetest meat human
We're not here for the game. The game is nothing. The game is crap. The game makes me sick!,game game game crap game make sick
"Since the dawn of parking lots, man has sought to stuff his guts with food and alcohol in anticipation of watching others exercise. What childbirth is to women, eating trunk meats is to the be-wanged.",dawn parking lot man seek stuff gut food alcohol anticipation watch exercise childbirth woman eat trunk meat wange
What could be greater than eating and drinking for hours in a drizzly parking lot?,great eat drink hour drizzly parking lot
"Up-bup-bup-bup-bup... when you know the people you're begging from, it's mooching.",bup bup bup bup know people beg mooch
"Moleman! Come here, ya big bag-a skin! How the hell are ya, huh?!",moleman come ya big bag skin hell ya huh
"Stupid charities, they think I'm gonna give them money? Save the Children? Save your breath. Take a hike, Sierra Club! Doctors Without Borders? Doctors without money! Hey, Greenpeace, you're not getting' a piece of my green! Robert Redford? Guess what -- a scissor runs through it.",stupid charity think go to money save child save breath hike sierra club doctor borders doctor money hey greenpeace get piece green robert redford guess scissor run
"Wait a minute, I smell apples... cinnamon... crust... it's a pie!",wait minute smell apple cinnamon crust pie
"Mom, I can't believe you're here. You keep disappearing and reappearing and it's not funny. You're just like that show ""Scrubs"".",mom believe disappear reappear funny like scrubs
You left a hole in my heart that could never be filled. So I filled it with food. But I'm never full.,leave hole heart fill fill food
"I feel terrible. My own mother reached out to me, and I rejected her. I'm gonna make her a card.",feel terrible mother reach reject go to card
"I mean, do you think my mother's out there somewhere? Does she know I feel bad about things I said?",mean think mother know feel bad thing say
"Okay, this is it. I've got one last chance to make up for the things I said to my Mom. I will avenge you!",okay get chance thing say mom avenge
"I'm really glad you corrected me, Lisa. People are always really glad when they're corrected.",glad correct lisa people glad correct
"Mom, we didn't know each other very well. If we did, you never would have asked me to climb anything. But even when you weren't around, I always felt good, knowing you were out there somewhere.",mom know ask climb feel good know
"Mom, I'm so sorry. You just wanted to stop one more senseless act of madness in the world. Well, if I get out of this I promise you I'll grant your last wish.",mom sorry want stop senseless act madness world promise grant wish
Bart's having girl trouble. You better go talk to him.,bart have girl trouble well talk
"Fine -- but you just bought yourself ""ear piercing"" and ""strange new feelings.""",fine buy ear pierce strange new feeling
This is a classic nineteen seventy-eight Pizza Hut! Mmm... terrible.,classic nineteen seventy pizza hut mmm terrible
"Son, coin collecting's a lot like life. It stopped being fun a long time ago. But unlike life, I have a solution for this.",son coin collecting lot like life stop fun long time ago unlike life solution
"Yeah. I'll tell you what, at least help me buy the boy a gumball. Do you have change for a nickel?",yeah tell help buy boy gumball change nickel
"Okay, I've set my trap. Now to scatter my cheese cubes and the rats will come. Condos! Affordable condos! Bail-jumpers welcome!",okay set trap scatter cheese cube rat come condo affordable condo bail jumper welcome
Just warming it up. Now to melt the cheese in this croissant...and get rid of a little excess earwax...and smoke a relaxing cigar.,warm melt cheese croissant rid little excess earwax smoke relaxing cigar
"Marge, I brought you some flowers! A full dozen this time! No tricks!",marge bring flower dozen time trick
"Yes, for now. I guess things are workin' out pretty good at your bakery job. Maybe we could order one of your cakes for Lisa's birthday.",yes guess thing workin pretty good bakery job maybe order cake lisa birthday
"Oh, you've gotta try it. This way the pepperonis stay intact till they reach your stomach. Then, BAM!",oh get to try way pepperoni stay intact till reach stomach bam
"I can't believe Flanders dumped me. Marge, do we have any more of your extra-long Twinkies?",believe flanders dump marge extra long twinkie
"Marge, I can see you withholding sex or withholding cake. But withholding sexy cake? I know we have to move past this, but I don't see how.",marge withhold sex withholding cake withhold sexy cake know past
"Absolutely -- that unpleasantness in Ecuador is behind us, my coca leaf addiction is under control , and Bart is finally trapped in that paradise above the clouds.",absolutely unpleasantness ecuador coca leaf addiction control bart finally trap paradise cloud
The computer says Bart's standing on the computer. All I see is a stupid bird with a tracking chip on its leg! It doesn't add up!,computer say bart standing computer stupid bird track chip leg add
"Stupid shopping list, turning food into work. Bart!",stupid shopping list turn food work bart
"Lenny, it was pretty cool of you to spend your lotto winnings on your pals...",lenny pretty cool spend lotto winning pal
"If that boy thinks I'm paying to put him through four years of puberty, forget it! Stupid kids... think I'm made of hormones...",boy think pay year puberty forget stupid kid think hormone
"Thank you, future Bart, for traveling back through time to warn us!",thank future bart travel time warn
"This looks like a job for Captain Crazy! Up, up and away!",look like job captain crazy away
"Y'know, I feel sorry for you, kid. Going back to that cold, loveless family.",feel sorry kid go cold loveless family
"Marge, I thought of a new thing -- it's called ""biking out."" It's a combination of biking and making out.",marge think new thing call bike combination bike make
How dare you expose my children to your tender feelings! Bart! Don't you dare take your eyes off that Gameboy!,dare expose child tender feeling bart dare eye gameboy
"A really fun party? Full of colored cheeses and awesome stuff to do? Doesn't seem like your kind of thing, Marge.",fun party colored cheese awesome stuff like kind thing marge
"Eh, let my Dad enjoy 'em a little longer.",eh let dad enjoy little long
"All Marge and I need are a queen-sized bed and a king-sized ""Do Not Disturb"" sign.",marge need queen sized bed king sized disturb sign
"You better not be! I mean, great! We both came to rekindle our precious memories of when we were young and in love. Right?",well mean great come rekindle precious memory young love right
"Oh, oh, oh, I have a better idea -- let's spend the night together, right here.",oh oh oh well idea let spend night right
"Listen, you're a classy lady and a great sushi fighter. But you're goin' in the box.",listen classy lady great sushi fighter box
"Now let's spend the rest of the night making sweet, sweet--",let spend rest night make sweet
"You're just as bad as me. And you used to be better, so that makes you worse! I don't think we can ever trust each other again.",bad well make bad think trust
"Marge, when I'm with you, I get that feeling like when I got that smart kid's report card by mistake. For a minute, I thought I had all A's. And that my name was Howard Simberg.",marge feeling like get smart kid report card mistake minute think howard simberg
So that wasn't Marge's glider parked outside the motel five years ago! I'm getting out of this marriage while I'm still young and handsome.,marge glider park outside motel year ago get marriage young handsome
4 Ever. I couldn't even keep a promise I made to a tree. Maybe it's not too late! Maybe I can still save our love. If I just show her that carving...,promise tree maybe late maybe save love carving
"I know parts of our marriage are based on lies, but so are a lot of good things: religion, American history...",know part marriage base lie lot good thing religion american history
"Look at it this way: you're a free man... unlike me. You have all your hair... unlike me. No kids tying you down, or a crippling mortgage that you refinanced at twenty-six percent because a dancing internet cowboy told you to... Oh, God, I hate my life!",look way free man unlike hair unlike kid tie crippling mortgage refinance percent dancing internet cowboy tell oh god hate life
"Uh-huh, got it. Marge, I'm going to a hardcore gay club, and I won't be home till three in the morning!",uh huh get marge go hardcore gay club will home till morning
"Sweet Conclusions Break-Up Service. Oh yes, we dispose of your loved one humanely - thanks to our patented TenderDump System.",sweet conclusions break service oh yes dispose love humanely thank patented tenderdump system
"Marge, if I had a hundred dollars for every customer I'd broken up, I'd have exactly this amount. 'Cause that's what I charge!",marge dollar customer break exactly charge
"Marge, I'm getting' out of the break-up business and I don't know if I'll ever sleep soundly again.",marge get break business know sleep soundly
"Mr. Teddy, can you ask Lisa if she's mad? What's that, Mr. Teddy? You're saying that you know women? And that when women say they're not mad, they're madder than ever?",teddy ask lisa mad teddy say know woman woman mad mad
Wow... nobody gives better parenting advice than childless drunks.,wow give well parenting advice childless drunk
"Oh, I can't believe that till I see a fictional TV program espousing your point of view.",oh believe till fictional tv program espouse point view
"Here's the plan, Marge. You keep 'em talking. I'll be listening... and quietly judging.",plan marge talk listen quietly judge
I'm sorry -- it's just so fun and easy to judge people based on religion.,sorry fun easy judge people base religion
I am sorry I suspected you of being soulless murderers of innocent children. I hope we can move past this and...,sorry suspect soulless murderer innocent child hope past
I want to apologize for being such a jerk at dinner. And I thought the best way to do that would be to come to your house and poke around.,want apologize jerk dinner think good way come house poke
"Oh, look at that. We're out of almond paste. Don't get up. I'll grind the almonds myself.",oh look almond paste grind almond
"Boy, don't blow up this mall! It has the cookie store that gives free samples!",boy blow mall cookie store give free sample
"Oh no, no bees? Oooh, now who will sting me and walk all over my sandwiches?",oh bee oooh ste walk sandwich
"Hold still, sweetie. Daddy will kill it. And this time no screw-ups.",hold sweetie daddy kill time screw up
"They're just drones, Lisa. They only live for like five minutes anyway. And they only have haploid cells, not diploid like me and Bart.",drone lisa live like minute haploid cell diploid like bart
And she's ready for a night of anonymous sex with multiple partners.,ready night anonymous sex multiple partner
"Your bees died days ago. These are their angry, mutant descendants. And they're tough enough to live in any environment.",bee die day ago angry mutant descendant tough live environment
"Friendship is like marriage -- the key is listening. Also, if her dog bites you, don't make a big deal out of it.",friendship like marriage key listen dog bite big deal
"Oh, that. We were actually just going out for brunch and I got lost. But don't worry, officer. We'll definitely have a talk with the boy.",oh actually go brunch get lose worry officer definitely talk boy
"The guy owns a few local businesses and everyone treats him like he's God. Well, God doesn't need his own special day!",guy own local business treat like god god need special day
"Sunday's the Lord's day, boy. Not God's. Completely different guy.",sunday lord day boy god completely different guy
Please! You've gotta have some secret agony! I bet those fancy shoes hurt your feet.,get to secret agony bet fancy shoe hurt foot
What will this box reveal? And what will I use this box for afterwards? Mismatched nuts and bolts? Recipes? I may never know.,box reveal use box mismatch nut bolt recipe know
Yes! I'm Senior Class President! I get a parking spot if the Assistant Principal isn't using it!,yes senior class president parking spot assistant principal
"Yes! I want him to know that if your life doesn't turn out the way you want, there's someone else to blame.",yes want know life turn way want blame
"I would've been a winner, instead of some idiot spending his Saturday night staring into a bowl of sauce. Why did fate do this to me?",winner instead idiot spend saturday night stare bowl sauce fate
"Marge, the way I feel about you is as real and lasting as my hairline.",marge way feel real lasting hairline
"Marge, I won't bore you with the truth. All I can say is that until three p.m., we must avoid all accidents and injuries or we're all going to the poor house.",marge will bore truth avoid accident injury go poor house
"Oh, Mr. Burns! Why do terrible things always happen to wonderful people at three-oh-one p.m., which, for the record, is the correct time.",oh burns terrible thing happen wonderful people oh record correct time
OH MARDI GRAS / OH MARDI GRAS / YOU SEE A LOT OF BOO-BIES...,oh mardi gras oh mardi gras lot boo bies
"I know they do, but the Simpson Mardi Gras party has been a tradition since two days before you were born. And we spare no expense.",know simpson mardi gras party tradition day bear spare expense
"Ha, ha! Eat my food! Drink up my drink! Put your coat on my daughter's bed! I command you!",ha ha eat food drink drink coat daughter bed command
"Hey, Flanders. Listen, uh... we're having a party...",hey flanders listen uh have party
"Because I have this magical thing called a Home Equity loan. I borrow all the money I want, and the house gets stuck with the bill. Sucker.",magical thing call home equity loan borrow money want house get stick bill sucker
"Marge, don't worry. It's like when we stopped paying the phone bill. They stopped calling us. In fact, everyone did!",marge worry like stop pay phone bill stop call fact
Oh man. Who'd think the first day of Lent would be such a bummer?,oh man think day lent bummer
"Listen, you! When you gave me that money, you said I wouldn't have to repay it till the future! This isn't the future! It's the lousy, stinking now!",listen give money say repay till future future lousy stink
No problem. Just let Sir Fix-a-lot slay this chore.,problem let sir fix lot slay chore
"He what?! Flanders, landlords like you are the scum of the earth! You lounge around in your Egg MacMansions and we never see you unless the rent check's late!",flanders landlord like scum earth lounge egg macmansions rent check late
"Some friend you are. The minute you become our landlord, you expect us to pay rent. You'd better just pray I don't find out where you live!",friend minute landlord expect pay rent well pray find live
Fine. I'll get another neighbor to buy the house and let us live in it!,fine neighbor buy house let live
I have come from my workshop in the North Pole to say: don't evict the Simpsons!,come workshop north pole evict simpsons
"So, after I paid for the ice cream cones, I said ""thank you"" and was on my way.",pay ice cream cone say thank way
"I know it seems that way, because I'm such a vivid storyteller. Now here's another story called ""Bart's Mistake."" We were walking home when",know way vivid storyteller story call bart mistake walk home
"Kids, if you get lost, remember where we are: seventy-five beds from that wall, and a hundred beds from the crazy guy.",kid lose remember seventy bed wall bed crazy guy
"Don't worry, honey, I'll be your ""seeing-eye Homer."" We're in some kind of doctor room, bunch of stuff on the walls... it's kind of hard to describe... Um, I'm gonna take my break now.",worry honey see eye homer kind doctor room bunch stuff wall kind hard describe um go to break
"Aw, rats in the kitchen. Just like that delightful movie I taped in the theater.",aw rat kitchen like delightful movie tape theater
"Ooh, he's controlling me with my hair, using me to cook a delicious sole meuniere with a celery root puree and carrots Vichy.",ooh control hair cook delicious sole meuniere celery root puree carrot vichy
"Let's see: I need to get the baby, the dog, and the poison across the river, but I can only take one thing at a time. I can't leave the baby alone with the poison, and I can't leave the dog alone with the baby.",let need baby dog poison river thing time leave baby poison leave dog baby
"Okay, Maggie, dog, poison, you're all involved, so listen up. First I row Maggie over, leaving the dog and the poison. Then I row back alone, take the poison over and bring Maggie back. Then I take the dog over, come back, get Maggie, row across, and before I know it, I'm back at home!",okay maggie dog poison involve listen row maggie leave dog poison row poison bring maggie dog come maggie row know home
"Now, I need to leave you where you'll be safe...under the watchful eyes of God. And I'll be watching you too, in case God's busy making tornadoes or not existing.",need leave safe watchful eye god watch case god busy make tornado exist
'Cause she was fighting my dog and stealing my poison. Now give her back so I can take her home to my rat-infested house!,fight dog steal poison home rat infest house
"Come on, lady, have a heart. I screwed up! I'm sure your husband does stupid things sometimes!",come lady heart screw sure husband stupid thing
"Oh no, oh no, ohhh no. There is no way Homer Simpson's gonna put on a dress and act like a nun.",oh oh ohhh way homer simpson go to dress act like nun
"No, Marge. You're the most giving person I know. Besides, i gave them another gem child to sit on their precious throne.",marge give person know give gem child sit precious throne
"Hey, Flanders! Why don't you join us? Afraid you'll get your moustache wet?",hey flanders join afraid moustache wet
"Okay... ""Pitch in the Negro Leagues,"" I can think of at least two problems with that... can't read that one, my thumb's over it...",okay pitch negro leagues think problem read thumb
"Sir, I brought my father thousands of miles just to drink at your bar.",sir bring father thousand mile drink bar
"Well, ""Da,"" it looks like all your ""der"" have come ""ter.""",da look like der come ter
"Oh my God, she fainted! Let's go get smelling salts!",oh god faint let smelling salt
"Sweetie, any place I'm marrying you is the most romantic place in the world.",sweetie place marry romantic place world
"Marge, this time I'm going to give you the wedding you deserve. Let's get out of here!",marge time go wedding deserve let
"No matter what I do, Marge yells at me. If she's like this now, what will she be like after we get married?",matter marge yell like like marry
Malge! Ahmiss oo. Ahmiss oo so mug...,malge ahmiss oo ahmiss oo mug
"I'm gonna say this for the last time: Bart, if this is one of your pranks, very funny.",go to time bart prank funny
Just see that my fiancÃ©e Marge gets this -- my wedding vows.,fiancã e marge get wedding vow
"Marge, I hope this day is as perfect for you, as the day we met was for me. You always find the one grain of sugar in the salt shaker that is I. With each marriage I get a little better -- maybe after a thousand, I'll be worthy of you.",marge hope day perfect day meet find grain sugar salt shaker marriage little well maybe thousand worthy
"I miss you. I miss the kids. God help me, I even miss your sisters.",miss miss kid god help miss sister
"I'm sorry, honey. I wanted so badly to give you a fancy wedding.",sorry honey want badly fancy wedding
"This is no time to pat the bunny, Maggie. Daddy's watching a very important Mid-Atlantic Hockey League Conference Semi-Final do-over game.",time pat bunny maggie daddy watch important mid atlantic hockey league conference semi final game
"I will, when it's not sports season. I just want to know how the game ends.",sport season want know game end
"Oh, Marge. This is a definite high point for our marriage.",oh marge definite high point marriage
Look Marge! It's just what you want. Me spending the day with Muggsy.,look marge want spend day muggsy
"Marge, you're not naggy. You just set the bar impossibly high.",marge naggy set bar impossibly high
"Impossibly high. Now, let's get started on the greatest daddy-daughter day ever!",impossibly high let start great daddy daughter day
"Now, you learn your numbers from these billiard balls while Daddy gets happier and happier and then sadder and sadder.",learn number billiard ball daddy get happy happy sadder sad
"Hey, Maggie could play out there... while I watch her from in here. Whaddaya say, Maggie?",hey maggie play watch whaddaya maggie
"Aw, burrowing your head into your Daddy. A sign that my baby is happy and confident.",aw burrow head daddy sign baby happy confident
Aww. Innocent babies whistling nonchalantly. How sweet. Maggie will be back to play with you tomorrow.,aww innocent baby whistle nonchalantly sweet maggie play tomorrow
"Pleased to meet you. Uh, perhaps this is inappropriate, but I have a mechanical question while the kids are out of the room, that I can't help wondering about.",pleased meet uh inappropriate mechanical question kid room help wonder
"Moe, this was a great thing for you. You went from sitting on the sidelines to getting in the game. And sometime when you least expect it, you'll realize that someone loved you. And that means someone can love you again. And that'll make you smile.",moe great thing go sit sideline get game expect realize love mean love smile
"Look, man, I don't want any trouble. C'mon -- here, here, just take my wallet. Leave me alone, okay?",look man want trouble wallet leave okay
"Marge, we came to an appointment in the middle of the day. That's the most a parent can do.",marge come appointment middle day parent
"Oh, this is great, honey. Thanks for telling me about it. I hope you don't mind I invited Lenny.",oh great honey thank tell hope mind invite lenny
I can't eat tacos?! Oh my God -- what day of Mayo is it?,eat taco oh god day mayo
Hm. It feels like food. But it has no flavor whatsoever.,hm feel like food flavor whatsoever
"OH, I'M BIG AND YELLOW / AND I'M SERVIN' JELL-O / IF YOU'RE A FELLOW AND YOU WANT SOME JELL-O / YOU'D BETTER BELLOW / HEY, BIG GUY / GIMME SOME JELL-O",oh big yellow servin jell o fellow want jell o better bellow hey big guy gimme jell o
"Hi, Homer Simpson. Mind if I sit near your son? Mine sucks.",hi homer simpson mind sit near son suck
Well I hope your son enjoys being driven around by the President of the United States.,hope son enjoy drive president united states
"Oh my God, my son's a loser and my daughter's a loner. Way to go, Marge!",oh god son loser daughter loner way marge
"...if we don't get more involved in their lives, Bart and Lisa are gonna be failures. Failures who work for... Noah!",involved life bart lisa go to failure failure work noah
"If Marge doesn't worry about the kids... then that leaves... me! Help me, mayonnaise!",marge worry kid leave help mayonnaise
Look at all these helicopter parents. I hope Bart's doing okay on his own.,look helicopter parent hope bart okay
"Time to take control of my son's life. Let's see, what can he build...",time control son life let build
"See, it works. And un-sults are just the beginning. There's also envy-tations, hate-hugs, spamming with faint praise and... Hey everyone, wanna go get frozen yogurt?",work un sult beginning envy tation hate hug spamme faint praise hey wanna frozen yogurt
"Ooo, I'm sorry, Moe. I didn't mean everyone everyone. Hope you don't mind.",ooo sorry moe mean hope mind
"But first, as part of ""Operation Popularity,"" Lisa and I are hosting a decorate-your-own-cell-phone party in the back yard.",operation popularity lisa host decorate cell phone party yard
Must finish Poet's Corner... or Bart will work for Noah... with his hot mom...,finish poet corner bart work noah hot mom
I'm sorry. I got carried away. From now on the only thing I'll ever do for you is co-sign if you want a gun. But at least I made Lisa popular.,sorry get carry away thing co sign want gun lisa popular
"Yeah, it's clear to me now the best thing I can do as a parent is simply check out.",yeah clear good thing parent simply check
"I can't understand that math reference, because I went to Springfield Elementary!",understand math reference go springfield elementary
Marge! I'm glad you came. There's a kegger down the hall. We can go as soon as I desecrate this corpse.,marge glad come kegger hall soon desecrate corpse
"Eat butt, skyboy-ninety-four! I'm sorry, Marge. Where are my manners? Did you want to taunt my kill also? Press the X button.",eat butt skyboy ninety sorry marge manner want taunt kill press x button
Maybe you could come over again. I'll cook you my special microwave burritos. I stop the oven when the middle is still a little bit frozen.,maybe come cook special microwave burritos stop oven middle little bit frozen
Why can't I have it now? You got your present here. Basic fairness dictates... ...oh!,get present basic fairness dictate oh
"Thanks, Marge. But don't forget, there's still gonna be a civil suit.",thank marge forget go to civil suit
Why do they write a new review of this play every single day?,write new review play single day
"I don't know how you put up with all these kids, Toohey. If I were you there'd be a lot of strangled babies.",know kid toohey lot strangle baby
"Can you help me out? I need change for a dollar. Oh, I also need a dollar.",help need change dollar oh need dollar
"Let's go around the table, and everybody say one amazing thing that happened to them today. Lisa?",let table everybody amazing thing happen today lisa
"Time's up! Okay, Maggie: ""suck, suck,"" that takes us to... me.",time okay maggie suck suck take
"I don't know if I can. I'm a yo-yo dieter: ""Yo, hot dog man!"" ""Yo, peanuts!"" Why aren't you laughing? Don't you know what ""yo"" means?",know yo yo dieter yo hot dog man yo peanut laugh know yo mean
"Hm, they look good with a little meat on their bones.",hm look good little meat bone
"Oh, that song's a little on the nose. Can we do it to David Bowie's ""Heroes?""",oh song little nose david bowie hero
A montage of me turning a ragtag Little League team into state runners-up?,montage turn ragtag little league team state runner
"Me using funny modes of transportation like a hot air balloon and a camel, and finally a pickup truck full of chickens? Then I get out of the truck and go thank the driver, but then I see the driver is a chicken?",funny mode transportation like hot air balloon camel finally pickup truck chicken truck thank driver driver chicken
"This life is the greatest. I get paid a fortune, I've got a closet full of free sneakers and watches, and I get to hire my friends.",life great pay fortune get closet free sneaker watch hire friend
But you taught me the only people who can stay thin are those who can afford five thousand dollar a week nutritional consultants.,teach people stay thin afford thousand dollar week nutritional consultant
"Oh. This other cheese cube's stuck to the first one. Well, that still technically counts as one.",oh cheese cube stuck technically count
It's bad luck to eat an even number of cheese cubes.,bad luck eat number cheese cube
"Okay look, there's a big football game on tonight, so we can get this thing over real quick. Show me some of Bart's artwork, give me a little false hope, and here's a little something to help with his grades.",okay look big football game tonight thing real quick bart artwork little false hope little help grade
"Ultimate Punching is exploitative, violent and a bad influence on our young people. Studies have shown your mother is right.",ultimate punching exploitative violent bad influence young people study show mother right
"Yeah, Marge. He'll knock your block off. Your beautiful block.",yeah marge knock block beautiful block
"We've gotta get Marge some professional training. Carl, do you know heavyweight champ Drederick Tatum?",get to marge professional training carl know heavyweight champ drederick tatum
Marge... I bet we've got ten minutes till the kids wake up.,marge bet get minute till kid wake
"Marge, I tried my best to talk you out of this. But since you're going through with it, I beg you, just stay out of his way and don't get hurt.",marge try good talk go beg stay way hurt
Woo hoo! An unattended tap! Like takin' beer from a baby!,woo hoo unattended tap like takin beer baby
I RECOMMEND / OUR DEAR OLD FRIEND / BARTENDER MOE SZYSLAK!,recommend dear old friend bartender moe szyslak
"Hey Carl, look how I messed with the names on the softball sign-up sheet. It's delicious! You know how Smitty's name is Smitty? Well, not anymore -- I changed the ""m"" to a--",hey carl look mess name softball sign sheet delicious know smitty smitty anymore change m
"Not an option, big fella. Either you're my assistant, or you find a job elsewhere -- and in this economy, elsewhere ain't hirin'!",option big fella assistant find job economy be hirin
"Stupid Carl... ""Update the phone list, Homer!"" ""You put my contact lenses in backwards, Homer!"" I'm sorry, honey.",stupid carl update phone list homer contact lense backwards homer sorry honey
"Honey, I know it's been a rough couple of weeks. But I booked us a night this Saturday, at a very romantic hotel.",honey know rough couple week book night saturday romantic hotel
"Oh I don't think so! You know that woman you've been playing ""hide the baguette"" with? She's the first lady of France, Carla Bruni!",oh think know woman play hide baguette lady france carla bruni
"Marge, I believe we have a little unfinished business. Come with me!",marge believe little unfinished business come
Gotta leave early to beat the traffic. Now to get on route two-oh-five and it's a straight shot home. For crying out--,get to leave early beat traffic route oh straight shot home cry
Hmm... Hillbilly moonshine -- the little witch is right!,hmm hillbilly moonshine little witch right
"Son, I love you kids. But I'm only going to the hospital one more time in my life and I ain't comin' out.",son love kid go hospital time life be comin
"Girls are easy: girls love daddy, girls make birthday cards with glitter on them, girls can marry a hockey player and get me seats to hockey games, girls don't steal my knives...and I don't have to tell girls how their bodies work, 'cause I don't know.",girl easy girl love daddy girl birthday card glitter girl marry hockey player seat hockey game girl steal knife tell girl body work know
There comes a time in every marriage when it comes down to this. Do we eat dessert or do we make love?,come time marriage come eat dessert love
"I know you miss him, boy. So let's you and me spend some quality father and son time.",know miss boy let spend quality father son time
"Yeah. It sounded like naked bacon to me. I don't know why they say you're the dumb guy, Tom.",yeah sound like naked bacon know dumb guy tom
"Oh, I love going to aquatic parks -- they have worse rides than amusement parks, less fish than aquariums -- but the parking is ample!",oh love go aquatic park bad ride amusement park fish aquarium parking ample
"Marge, my brain is like a computer, and I file away Grampa's stories in a very special place.",marge brain like computer file away grampa story special place
"Oh Dad, I got you some scotch. One of those fancy ones the checkout lady had to unlock the cabinet to get.",oh dad get scotch fancy one checkout lady unlock cabinet
It's a father-son commitment band that I bought and never told you about!,father son commitment band buy tell
I'll kill you! You son-of-a--- Don't look hurt. It's okay. It's okay. It's okay.,kill son look hurt okay okay okay
"""When I rode with Abe Simpson on the Tinseltown Starliner, I never dreamed his first voyage would be his last? At three o'clock on Monday, Abe passed away peacefully in his sleep.""",ride abe simpson tinseltown starliner dream voyage monday abe pass away peacefully sleep
"Dad, I don't have the right words to say how I really feel about you, but at least I know how to beat up a guy who does.",dad right word feel know beat guy
"Fortunately there was one man who could help: Colonel Tom Parker. The Colonel took this monster, cleaned him up and put him onstage under the name ""The Rolling Stones."" The first concert was a sellout, with many, many, many people eaten. But those that survived raved about the undeniable harmonies and brutally honest lyrics of what they had just seen.",fortunately man help colonel tom parker colonel take monster clean onstage rolling stones concert sellout people eaten survive rave undeniable harmony brutally honest lyric see
...and that lasted about five years. But then Godzilla dropped out for a while to do movies. All of the awful movies we see now today in the drive-ins that no longer exist.,last year godzilla drop movie awful movie today drive in long exist
"Aw c'mon, Marge. There's nothing funnier than a good ol' bonk on the head.",aw marge funny good bonk head
"None for me, Marge. I get free donuts at work! I can see them now... in the break room, beside the fridge, the pink cardboard box awaits...",marge free donut work break room fridge pink cardboard box await
"...groaning with a ""United Nations"" of donuts: jellies rubbing elbows with cream-filled, the masculine contours of the box juxtaposed with the feminine curves of the treats themselves...",groan united nations donut jelly rub elbow cream fill masculine contours box juxtapose feminine curve treat
"Don't worry, sweetie. With me at your side, our toast will do just what it's supposed to: steal focus from the bride.",worry sweetie toast suppose steal focus bride
"...Yo no creÃ­a en fortunas, pero entonces me saliÃ³ una galleta...",yo en fortuna pero entonce una galleta
"And now, Marge's secret benefactor is going to get her the luxury she's always dreamed of: a toaster wide enough for bagels. I'll just take out a little money from my ""local branch.""",marge secret benefactor go luxury dream toaster wide bagel little money local branch
"Lenny... and Carl... A fortune cookie... I ran into the candy machine... and I found an Emerson, Lake, and Palmer...",lenny carl fortune cookie run candy machine find emerson lake palmer
You're right. I have been acting like Telethon Jerry Lewis when I should've been acting like rest-of-the-year Jerry Lewis. Will you teach me how to put myself first?,right act like telethon jerry lewis act like rest year jerry lewis teach
"Boy, I am through spoiling you. First thing tomorrow you're going back to the rotten life you've always enjoyed.",boy spoil thing tomorrow go rotten life enjoy
"Boy, this has gone too far -- I quit! As soon as I finish these oats.",boy go far quit soon finish oat
"Marge, soaring above the forgiving beauty of nature, I have something to confess. Um... I wasn't there for that wedding toast because... I was buying a lottery ticket.",marge soar forgiving beauty nature confess um wedding toast buy lottery ticket
You have a right to be angry. Furious! And even though that ticket won a million dollars and--,right angry furious ticket win million dollar
"Uh, yes, well, um... taxes took out a lot... I spent a ton on those things for the family... and um, I didn't know you could rent a balloon...",uh yes um taxis take lot spend ton thing family um know rent balloon
"Marge, those groves of cherry blossoms will bloom every year, to remind the world of the sweetest, most forgiving woman who ever lived... am I off the hook?",marge grove cherry blossom bloom year remind world sweetest forgiving woman live hook
"Uh, Mr. Burns, couldn't we patch the leak tomorrow? It's date night.",uh burns patch leak tomorrow date night
"I'm sorry I missed dinner, honey. We still have time to catch a movie. That can be romantic.",sorry miss dinner honey time catch movie romantic
"Hey, we came here to enjoy the movie and we're going to enjoy the movie.",hey come enjoy movie go enjoy movie
"Sweep! Sweep! Left, right! Left, right! Back-and-forth!",sweep sweep left right left right forth
"OH, A PORK BAO, A SHRIMP BAO, EVERYWHERE A BAO BAO / HOMER SIMPSON WINS A GOLD / SLIDING ROCKS ON ICE... BAO BAO!",oh pork bao shrimp bao bao bao homer simpson win gold slide rocks ice bao bao
"Oh my God, I'm holding back the team. But our marriage is based on curling. What am I gonna do?",oh god hold team marriage base curl go to
"Listen, Lisa. You're gonna find more than you bargained for. If I were you, I wouldn't dig into the past. I lived in some of that past, and I got out for a reason.",listen lisa go to find bargain dig past live past get reason
"I warn you: I don't know what's in there but if it's about a Simpson, you ain't gonna be proud.",warn know simpson be go to proud
"That's a great story, Lisa! And you should stop reading right there.",great story lisa stop read right
"Credit card offer, overdue bill... credit card offer, overdue bill... huh, what's this?",credit card offer overdue bill credit card offer overdue bill huh
Oh my! A child who doesn't enjoy school? Hello? Hollywood?! You want to buy the movie rights to this incredible story? A million dollars? Deal! Now I have to write it.,oh child enjoy school hello hollywood want buy movie right incredible story million dollar deal write
"I've got to apologize. Once again, sleeping at work has saved my marriage!",get apologize sleep work save marriage
We can't let Bart drive us apart. He's the reason we had to get married.,let bart drive apart reason marry
"You may not realize this, Bart, but your mother and I have been fighting about you a lot lately. And I've realized our marriage is more important than your future. From now on, you're on your own.",realize bart mother fight lot lately realize marriage important future
"Uh, Marge? I don't want to ruin the moment, but you got something stuck between your-- ohhh...",uh marge want ruin moment get stick ohhh
"I love watching you knit. It reminds me of watching pictures download on our old dial-up modem. Remember that day we brought it home and it was all eee, ooo, eee, ooo, onnnggg!",love watch knit remind watch picture download old dial modem remember day bring home eee ooo eee ooo onnnggg
"No! If you go near her one more time, we'll be sued into the poor house and have to eat garbage forever.",near time sue poor house eat garbage forever
"Well, don't worry, boy. I know a wholesome way to take your mind off girls.",worry boy know wholesome way mind girl
And the glasses smell like the last guy who wore them had pizza!,glass smell like guy wear pizza
"Flanders, that stuff's been here for thousands of years. But the breakfast buffet at this hotel, which is included in our package, closes in ten minutes!",flanders stuff thousand year breakfast buffet hotel include package close minute
"Y'ello. This is he. Yeah I wanted to know: do you deliver falafels to the top of Mount Zion? Great. I'd like a large falafel with pepperoni, sausage and extra cheese. Yes, I know what a falafel is.",yeah want know deliver falafel mount zion great like large falafel pepperoni sausage extra cheese yes know falafel
"I'm sorry. It's just that these tours are so exhausting. You're jetlagged, you're walking around all day... it's so hard to sleep knowing Marge and the kids are all stuck in one small room.... and it's so nice and cool in the tomb of the unknown savior...",sorry tour exhausting jetlagge walk day hard sleep know marge kid stuck small room nice cool tomb unknown savior
THIR-STY / I AM SO THIR-STY / AND HUNGRY AND HORNY / BUT MOSTLY JUST THIR-STY / I AM SO THIR-STY...,thir sty thir sty hungry horny thir sty thir sty
"Pickle, carrot, tomato. Pickle, carrot, tomato. Pickle, carrot, tomato.",pickle carrot tomato pickle carrot tomato pickle carrot tomato
"I am more than alive, woman! I am the Chosen One who shall unite all the faiths of the Holy Land! I am... the messiah!",alive woman choose shall unite faith holy land messiah
"I'm more than okay! I am the Messiah, come to save the world! Look upon me and shudder!",okay messiah come save world look shudder
"As you wish, but look not upon her with lust. And do not send her friendly emails. That's how it begins.",wish look lust send friendly email begin
"Attention Christians, Muslims, and Jews. I have come to gather you into a new faith. From now on you shall be called Chrismujews.",attention christians muslims jews come gather new faith shall call chrismujews
"Because when you get down to it, aren't all religions the same? They tell you what to eat, when to pray... how this imperfect clay that we call man can mold itself to resemble the divine. But we can never attain that ultimate grace while there is hatred in our hearts for each other.",religion tell eat pray imperfect clay man mold resemble divine attain ultimate grace hatred heart
Celebrate your commonality. Some of us don't eat pork. Some of us don't eat shellfish. But all of us love chicken!,celebrate commonality eat pork eat shellfish love chicken
"I say Burns owes us a party. Let's have one, right now, with his wine!",burns owe party let right wine
The government. Taking my hard-earned stolen wine and spending it on that no-good floor.,government take hard earn steal wine spend good floor
"Chicken parm, meatball parm, eggplant parm...",chicken parm meatball parm eggplant parm
"Shish ka-parm, angel food parm, moo goo gai parm... my wife can parm anything.",shish ka parm angel food parm moo goo gai parm wife parm
"Oh man, this is so awesome! I can't believe I'm having breakfast where the cops do.",oh man awesome believe have breakfast cop
"Drunk and disorderly? That's a little redundant. Hey, uh, mind if I do a little ""spring cleaning?""",drunk disorderly little redundant hey uh mind little spring cleaning
"Hey, Ralph's a good kid. And he should be, he's got a great Dad.",hey ralph good kid get great dad
"Okay, maybe I lied. But you've been so needy... ""I'm hungry,"" ""I'm itchy,"" ""that's not my blood type...""",okay maybe lie needy hungry itchy blood type
I have an idea. But I must go alone. My car is filled with printer paper I stole from work.,idea car fill printer paper steal work
"Hey, Chief. I uh, brought a thirty-two piece chicken bucket.",hey chief uh bring thirty piece chicken bucket
Look at this electric bill! I'm not made of money! I'm made of man-meat and a skeleton!,look electric bill money man meat skeleton
"Hello, local utility? You greedy bastards have gouged Homer Simpson for the last time.",hello local utility greedy bastard gouge homer simpson time
We'll have to eat Thanksgiving dinner off regular plates like animals!,eat thanksgiving dinner regular plate like animal
"Marge, how hard can it be? We're just rolling it into the ocean from the beach. It's not like it's stuck in the bottom of a well or in a Mexican prison.",marge hard roll ocean beach like stick mexican prison
"That whale's not gonna die! We're busting him out of prison, no matter what you say, Escobar! God, this thing writes itself.",whale go to die bust prison matter escobar god thing write
"Okay, we'll need the town's strongest men to roll the whale back in the water.",okay need town strong man roll whale water
"Don't worry, honey. Right now she's lying on God's beach.",worry honey right lie god beach
"Oh Lisa, I'm sorry. I tried my best. I know it's really hard when you discover your dad isn't perfect.",oh lisa sorry try good know hard discover dad perfect
"I'm trying to be a sensitive father, you unwanted moron! Lisa, where were we?",try sensitive father unwanted moron lisa
"Now, Lisa, I know you miss your whale. So I got you a pet that will never die. An invisible dog.",lisa know miss whale get pet die invisible dog
Nature is a toothless dying hag! We are gonna save those whale babies!,nature toothless die hag go to save whale baby
Oh come on! Leave me alone! I'm trying to save your precious whales!,oh come leave try save precious whale
"A phony bird call?! That means Marge is coming! Everyone, act legal!",phony bird mean marge come act legal
"Remember how you wanted me to get that expensive operation? Well, now I can afford a motorcycle!",remember want expensive operation afford motorcycle
"You see, Ned... your city-wide nagging compressed all of our town's misbehavior into one small place...creating a glittering diamond of super evil.",ned city wide nagging compress town misbehavior small place create glitter diamond super evil
"I like beer, hot dogs, and long blackouts on the beach.",like beer hot dog long blackout beach
"Son, I'm a bit of an expert on the female gender, and I can tell you: women don't mean anything by anything.",son bit expert female gender tell woman mean
"Moe, my in-laws are coming. I need something strong enough that I forget I hate them, but not so strong that I tell them I love them.",moe law come need strong forget hate strong tell love
"I was there when your wife got to Moe's, being my usual effervescent self...",wife get moe usual effervescent self
"Oh Marge, you not leaving with Moe is the best thing that never happened to me.",oh marge leave moe good thing happen
"Moe, I don't know whether to punch you or kiss you... so I'm gonna do both.",moe know punch kiss go to
Why should I? The city's broke! They can't afford to enforce their precious laws!,city break afford enforce precious law
Marge... get loan pre-approved... offer over asking... waive inspections... two-day escrow!,marge loan pre approved offer ask waive inspection day escrow
"But my loan has already been sold in pieces to banks, hedge funds, and municipalities across the globe!",loan sell piece bank hedge fund municipality globe
"All right, Sideshow. I'm gonna do to you what you shoulda done to my son a long time ago!",right sideshow go to shoulda son long time ago
"Help us! Help us, for the love of God! Won't somebody help us?!",help help love god will somebody help
"Oh, yeah, yeah, right. Uh, just give me one of those crispy shells with meat in it.",oh yeah yeah right uh crispy shell meat
You can't close! I'll have to go home and drink better beer at half the price in natural lighting!,close home drink well beer half price natural lighting
"Well, since Moe's is closed again, I thought I'd help you cook dinner.",moe close think help cook dinner
"Wow, Marge. I can't believe you're taking me to a sports bar.",wow marge believe take sport bar
Watchin' hockey! Watchin' 'em pass that puck! Oh yeah!,watchin hockey watchin pass puck oh yeah
"Well, that place was for diehard sports fans, not guys like me who are only fans when their team makes the playoffs. So, I decided to take apart the washing machine to see where that penny I left in my pants went.",place diehard sport fan guy like fan team make playoff decide apart washing machine penny leave pant go
"Ah, those guys are all crooks. They charge you for parts and labor? Pick one, buddy! I can do this just fine by myself.",ah guy crook charge part labor pick buddy fine
"Five hundred dollars? That's, like, ten dead Grampas! Some of us stuck to our limit, Marge. And I would've loved to rent this carpet cleaner another day!",dollar like dead grampas stick limit marge love rent carpet cleaner day
"Sorry, Marge. The last time I stepped on a baseball field, I got tased.",sorry marge time step baseball field get tase
"That's a problem for future Homer. Man, I don't envy that guy.",problem future homer man envy guy
"Hey, let's hold hands and skip inside!",hey let hold hand skip inside
"Sorry Marge, I gotta call bullcrap on that. The '69 Mets will live on forever, but you think anyone cares about Ron Swoboda's wife and kids? Not me -- and, I assume, not Ron Swoboda!",sorry marge get to bullcrap met live forever think care ron swoboda wife kid assume ron swoboda
She just wanted to ride bikes through New England. But those seats hurt my ass!,want ride bike new england seat hurt ass
"I know, I know. Don't serve garlic... don't stab your guest in the heart with a wooden stake... don't ask him if he knows Frankenstein. It's racist somehow.",know know serve garlic stab guest heart wooden stake ask know frankenstein racist
"Whoa, you blood-sucking freaks love your kids too?",whoa blood suck freak love kid
"Maggie, you can't climb into the TV. If you could, I'd make Alex Trebek answer some questions.",maggie climb tv alex trebek answer question
Drive all the way... get the wrong elf... ain't no glass... I'll show 'em -- I'll buy ten more gallons of their stupid gas!,drive way wrong elf be glass buy gallon stupid gas
"Oh I'm sorry, Maggie, but even at your age, I'm sure you understand things can't always go your way, and that's why... I can't believe we didn't get that stupid elf!",oh sorry maggie age sure understand thing way believe stupid elf
"Oh, that's probably because to her, the saxophone is a me, and she doesn't want to end up like you. G'night.",oh probably saxophone want end like
She does not want to... turn out like... you... didn't... not until... diplomatic... trapped... help... remember nothing!,want turn like diplomatic trap help remember
"Your mom's doing laundry, but she authorized me to say goodnight for her. So, by the power vested in me, I now pronounce you sweet dreams.",mom laundry authorize goodnight power vest pronounce sweet dream
"Hurry up, boy. We have to burn everything the cat touched before the virus makes us paranoid.",hurry boy burn cat touch virus make paranoid
"Oh man, this is great. The most evil man in town is in our power. He will do my bidding... at that fantasy football auction. And anything else my limited imagination can come up with.",oh man great evil man town power bidding fantasy football auction limited imagination come
"Marge, it's the golden rule: treat others the way they mess with you.",marge golden rule treat way mess
"Now boy, everyone in town gets Burns for half an hour to do as they will.",boy town get burns half hour
"Don't worry, boy, another girder always swings in for you to walk on right when you get to the end.",worry boy girder swing walk right end
"Did I? Anyway, the Bloody Hangman set to his gory work. Bodies piled up like those stackable plastic chairs.",bloody hangman set gory work body pile like stackable plastic chair
"Marge, listen to the man -- he pays Bart's salary.",marge listen man pay bart salary
Oh baby! Well whaddaya know! Oh come on!,oh baby whaddaya know oh come
"Oh, that's pretty sure. Subscription rate, right?",oh pretty sure subscription rate right
"Hmm... Back yard, back yard, toilet, ocean, don't know, back yard, Flanders' mailbox, Lenny's freezer, tire fire.",hmm yard yard toilet ocean know yard flanders mailbox lenny freezer tire fire
"Marge, I'm watching a rerun of an important Bowl game.",marge watch rerun important bowl game
"Well, Bart learned a lesson, and most important of all, we don't have to stop and pick up dinner.",bart learn lesson important stop pick dinner
"Hey, show some respect. Three gingerbread workmen died making that.",hey respect gingerbread workman die make
"Someday TV will be invented, and it will be free. Then it will cost money.",someday tv invent free cost money
YOU'LL BE OH SO PLEASED / WHEN THE O.J. IS FRESHLY-SQUEEZED / AND TOAST IS MADE FROM HOMEMADE,oh pleased freshly squeezed toast homemade
WE'RE GONNA GO OUT FOR BREAKFAST / WE'LL GO OUT TO EAT / IT'LL BE ANY PLACE YOU CHOOSE / AS LONG AS IT'S RUN BY JEWS / 'CAUSE THEY DON'T THINK THIS HOLIDAY'S SO GREAT.,gonna breakfast eat place choose long run jews cause think holiday great
I got the week off by telling Mr. Burns I had a neck injury!,get week tell burns neck injury
Fifty bucks?! That used to cover two public nudities and a poop in the park!,buck cover public nudity poop park
Ten minutes? I can't wait that long! I left an ice cream cone in my cup holder!,minute wait long leave ice cream cone cup holder
"Chief, this is just a big misunderstanding. I meant to write ""bride."" It's a wedding present.",chief big misunderstanding mean write bride wedding present
Oh no! No! I... was uh... just thinking how cheap this crime would have been in the seventies when gas was thirty-five cents a gallon.,oh uh think cheap crime seventy gas thirty cent gallon
"It's not over, Marge. It'll never be over. When I shut my eyes, all I see is Fat Tony and me having drinks at that bar on the beach.",marge shut eye fat tony have drink bar beach
"Wha-- oh, oh, uh, Mr. Burns? Uh, you were cool too.",oh oh uh burns uh cool
"Sure, I'll stay home and Skype with the guys at Moe's.",sure stay home skype guy moe
"Check out my tolerance, Marge. I'm going to use the men's room.",check tolerance marge go use man room
"Lisa, mash the buttons till something good comes on.",lisa mash button till good come
"I liked the producing, the executive producing and especially the co-producing. But the supervising producing was the best I've ever seen.",like produce executive produce especially co producing supervising produce good see
"Son, I won't strangle you anymore, but I also won't get you that mini-bike.",son will strangle anymore will mini bike
Bart's mad because he wanted me to buy him something but I didn't think it was the right thing to do.,bart mad want buy think right thing
"Well in that case, Lisa was using her solar calculator yesterday so I opened the drapes to let in more sun.",case lisa solar calculator yesterday open drape let sun
"Well, in season two, when Sam got good grades, he got a very surprising reward.",season sam get good grade get surprising reward
"Son, you already have your reward... the feeling of accomplishment you can only get from hard work.",son reward feeling accomplishment hard work
"Marge, would you like a ""Thicker Than Waters"" collectible plate?",marge like thicker water collectible plate
"""TV Guide Offer, One World Trade Center...""",tv guide offer world trade center
"Hmm, the boy's acting really weird. I did everything that TV show told me to and he's still not happy.",hmm boy act weird tv tell happy
I know what you're saying! I understand food talk in every language!,know say understand food talk language
"CHERISH THAT FAMILY SMILE / PICKET FENCE DAYS GO SOMETHING SOMETHING / THE FUTURE IS COMING SOON / MOM AND DAD AND KIDS ARE SOMMMMETHING That's my favorite song now. Sorry ""Don't Fear the Reaper."" Everybody! Air guitar! Come on, do it with me! Use your whammy bar! Whew! Now fuzz it up! Excellent!",cherish family smile picket fence day future come soon mom dad kids sommmmethe favorite song sorry fear reaper everybody air guitar come use whammy bar whew fuzz excellent
Stupid double snuggler's hitch! Only hope is to chew off my leg.,stupid double snuggler hitch hope chew leg
"Oh Marge, don't worry, a lot of movie stars have gray hair, like all those women we loved in the eighties.",oh marge worry lot movie star gray hair like woman love eighty
"Sweetie, you've always been beautiful, but now you're my silver belle. Let me get the camera we use for precious moments and insurance claims.",sweetie beautiful silver belle let camera use precious moment insurance claim
"I can't talk now, I'm talking to myself! No, no, Homer, go ahead. Thanks, Homer, it'll just be a minute. What's up?",talk talk homer ahead thank homer minute
"So basically, my job is to make you look good by comparison. Like West Virginia does for Virginia.",basically job look good comparison like west virginia virginia
Uh-oh. Usually when it gets this quiet Mr. Burns is standing behind me.,uh oh usually get quiet burns stand
"Marge, Marge, put down that broom. You've got nothing to be afraid of from them. I'm a wingman. Part of a great tradition including Val Kilmer from ""Top Gun,"" Wedge Antilles from ""Star Wars,"" and me, from now. And you know why I'm a great wingman? Because I have the confidence that comes from knowing I get to go home to you.",marge marge broom get afraid wingman great tradition include val kilmer gun wedge antilles star wars know great wingman confidence come know home
Stupid kid. All you do is cost me money. Money I could be wasting!,stupid kid cost money money waste
"Wealthy? Hey, remember the guy who drove you to school that one time. Eh?",wealthy hey remember guy drive school time eh
"Oh okay, uh, Lenny, hit me with that chair.",oh okay uh lenny hit chair
"Don't feel bad, boy. Everyone makes mistakes. Yours is just public and expensive.",feel bad boy make mistake public expensive
Oscars? What are you talking about? My son gave me this list of awesome things to do in L.A.,oscar talk son give list awesome thing
"You got your wish, boy. I'm proud of ya. I'm sorry I took all the credit.",get wish boy proud ya sorry take credit
"Oh, hi! Ricky Gervais, umm such an honor to meet you, Sir Ridley. I love your movies. Or as I call them, ""films."" Umm, glad I bumped into you, actually. Because, uh, I'm looking to expand beyond comedy. I know what you're thinking, Sir Ridley. You're thinking ""Oh my word, he's been making me laugh all these years, but now he's moving me as well. I'm gonna have to put him in my new film. What do you think?",oh hi ricky gervais umm honor meet sir ridley love movie film umm glad bump actually uh look expand comedy know think sir ridley think oh word make laugh year move go to new film think
"Bart, Cheech and Chong were the Beavis and Butthead of their day!",bart cheech chong beavis butthead day
I've failed as a parent. I swore the day my son was born he would appreciate stoner comedy. To the media room!,fail parent swear day son bear appreciate stoner comedy medium room
Back then we'd play these albums again and again till they were filled with skips and clicks and pops. Which was about three times.,play album till fill skip click pop time
"Sweetie, don't worry. I'm gonna come back so horny and angry...",sweetie worry go to come horny angry
I can't believe I'm riding around in Cheech's van! The van made of weed!,believe ride cheech van van weed
Hard work? I thought this was gonna be fun.,hard work think go to fun
Tour bus parked. Gotta save Marge!,tour bus park get to save marge
"Marge, sweetie, do you know how low, low prices are ""insane?"" Well, sometimes people can be too.",marge sweetie know low low price insane people
Let's just leave the crazy woman alone in our house. We've got something more important to attend to.,let leave crazy woman house get important attend
"C'mon, if Art Garfunkle could forgive that untalented twerp Paul Simon, you can do this.",art garfunkle forgive untalente twerp paul simon
"Uh, Super Bowl tickets?... playoff tickets?... regular season, bobble-head day?",uh super bowl ticket playoff ticket regular season bobble head day
"Oh, that's right! I hope you kids are enjoying yourselves today, because you and your children will be paying for this place long after the team moves to another city.",oh right hope kid enjoy today child pay place long team move city
"Marge, he's laughing, that means he's happy. Has the Joker taught you nothing?",marge laugh mean happy joker teach
I miss my friends from drunk driving school. They were so cool.,miss friend drunk driving school cool
"Yeah, strangling. I mean, it's not the only tool in my parenting toolbox, but it's the sharpest! Right? Anyway, I said ""Bart""...",yeah strangle mean tool parenting toolbox sharp right say bart
"Dr. Zander, you made me see my life through Bart's neck, and I swear, I will never, ever strangle my boy again.",zander life bart neck swear strangle boy
"Oh son, I can't quit drinking any more than I could quit being a man.",oh son quit drink quit man
Now it feels like morning. What I am cured of is the blind rage that has soured our otherwise storybook relationship.,feel like morning cure blind rage sour storybook relationship
"Honey... on a non-stone fruit-related topic, I booked us a couples massage.",honey non stone fruit relate topic book couple massage
"Lisa, don't feel bad. Judas betrayed Jesus but he still got paid.",lisa feel bad judas betray jesus get pay
"Okay, maybe secrets are a big deal, but my daughter's a good kid. So why don't you act your age, forgive her and let me down.",okay maybe secret big deal daughter good kid act age forgive let
The real magic is raising three kids in this economy! You can put the ball back now.,real magic raise kid economy ball
"I was standing in this line to use the bathroom, but now my license is expired.",stand line use bathroom license expire
"Well, well, well, if it isn't ""before"" and ""after."" Blob and Blob Lite. Tweedle Yuck and Tweedle Blecch.",blob blob lite tweedle yuck tweedle blecch
"Yes! I'm so happy I lived to see this day! He did give her the kiss of death, right?",yes happy live day kiss death right
Lousy Saint Louis Cardinals. Can't win the nineteen eighty-five World Series on Classic Sports.,lousy saint louis cardinals win nineteen eighty world series classic sports
Maybe we've found all the truffles. The only thing I've dug up was these weird-looking mushrooms.,maybe find truffle thing dig weird look mushroom
"Aw, can't we stay one more day? The Occurrence and I are going to the tanning salon and get oiled and broiled.",aw stay day occurrence go tanning salon oil broil
"Actually, Dad, as the supervising parent today, you'll get your share of the blame, too.",actually dad supervise parent today share blame
"Well, I open a lot of crazy things when I'm drunk, but I don't think so.",open lot crazy thing drunk think
"Marge, when someone loses their hair, they miss it the most. It's like a beloved dog that died on your head.",marge lose hair miss like beloved dog die head
"I'm sorry, honey. All day long I have to listen to women talk.",sorry honey day long listen woman talk
"Oh yeah. Men are such dogs, and vice versa.",oh yeah man dog vice versa
When I look at you -- all I see are the foibles that drive your women crazy! Foibles! Foibles! FOIBLES!,look foible drive woman crazy foible foible foibles
"Stop that. Okay, okay. You win. I'll teach you how to make love to your wife!",stop okay okay win teach love wife
"I can't. They won't let me. Lenny, be a pal and saw off my hands.",will let lenny pal see hand
"Oh my God. Like Mozart and Johnny Knoxville, my genius cannot be stopped!",oh god like mozart johnny knoxville genius stop
"Marge, do you hear it? Listen! It's the hair -- growing! Always growing! Blonde, brunette... auburn!",marge hear listen hair grow grow blonde brunette auburn
"Uh, first the good news... two of your kids are not locked in the car.",uh good news kid lock car
Oh my God... there's the fire brewer... the beechwood ager... the rat filter...,oh god fire brewer beechwood ager rat filter
"The Duff blimp! Oh, how I'd love to drive that thing.",duff blimp oh love drive thing
Hm. Is it drinking and driving if you're flying a blimp? Maybe I can find the answer by texting.,hm drink drive fly blimp maybe find answer texte
"Yo, Lenny... ...do you know anything about... flying the blimp while drinking...",yo lenny know fly blimp drink
"Little help... little help... Flanders, little help?",little help little help flanders little help
"Well, if it isn't the local school marm... and his new girlfriend. That's a burn on you, Flanders.",local school marm new girlfriend burn flanders
"Don't panic, son. We can bust up Teachy and Preachy. Here's what we do: I'll take Flanders out and remind him of the joys of the single life. You scare Rod and Todd by telling them Krabappel will become their evil stepmother.",panic son bust teachy preachy flanders remind joy single life scare rod todd tell krabappel evil stepmother
"Ned, if it's boneheaded to talk you outta seein' Edna, then I don't wanna be brainheaded.",ned boneheade talk outta seein edna wanna brainheade
"Oh Ned, I never dreamed that beneath those iddilies and diddilies there was a dude.",oh ned dream beneath iddilie diddilie dude
"Ned, I have a confession to make: I may not have come here solely with the noble intention of getting drunk. But now, from the bottom of my heart, I wish you and Edna the best.",ned confession come solely noble intention get drunk heart wish edna well
Fellow barflies! To Ned Flanders and Edna Krabappel!,fellow barflie ned flanders edna krabappel
"Ned, I've learned that the only way a relationship survives is by forgiving! Endless, endless forgiving!",ned learn way relationship survive forgive endless endless forgiving
"And didn't the Easter bunny himself say ""forgive them, father, for finding all my eggs?"" And if a giant rabbit can lay chocolate eggs, maybe you and Edna can find a way to make it work.",easter bunny forgive father find egg giant rabbit lay chocolate egg maybe edna find way work
"Also, if you wanna find the real shooter of Mr. Burns, go back and look for more clues. They're all there!",wanna find real shooter burns look clue
JUST IN TIME FOR MY LUNCH BREAK / GOT MY FORK AND SPOON,time lunch break got fork spoon
"I'M STILL DRUNK FROM LAST NIGHT, / GOT DRIVEN HOME, I DON'T KNOW BY WHOM.",drunk night got driven home know
"SOME MAY SAY / I DON'T DESERVE ANY PAY, BUT HEY / I CAME UP WITH ""SIXTIES DAY""",deserve pay hey come sixty day
"Hm, we've had a lot of bills lately. Better put in some overtime.",hm lot bill lately well overtime
"Uh, listen, if you could indulge me... Larry and I fist-bump every morning. Like that...",uh listen indulge larry fist bump morning like
"Say... Wayne, I couldn't help but notice that your breath doesn't smell like alcohol. You want to go grab a beer after work?",wayne help notice breath smell like alcohol want grab beer work
"No, a guy at work seems not to like me. I guess it's not much when you look at real problems in the world like major league umpires not using instant replay.",guy work like guess look real problem world like major league umpire instant replay
"Wayne, maybe it's the me being still alive talking, but I think you're awesome.",wayne maybe alive talking think awesome
WASHIN' OUT THE DOG POO / SURE BEATS PICKIN' IT UP / FLANDERS' DRIVEWAY IS MY GOAL...,washin dog poo sure beats pickin flanders driveway goal
Fine. I am being held somewhere in the Springfield area. Turn the card.,fine hold springfield area turn card
"Oh look, here's a coupon for scissors that you have to cut out. Think, geniuses.",oh look coupon scissor cut think genius
"Why of course! Even if I don't have a legal obligation to pay, it's clearly the right thing to do.",course legal obligation pay clearly right thing
"Here's one thousand dollars... two thousand dollars... three thousand dollars... Ooh, I need more cash. Better go to my invisible ATM.",thousand dollar thousand dollar thousand dollar ooh need cash well invisible atm
"Bart, I wanna ask you about something I read in a magazine. Are you boys cyberbullying each other?",bart wanna ask read magazine boy cyberbullye
"Bart, your mother thinks there's something suspicious about all you boys having a meeting in this treehouse.",bart mother think suspicious boy have meeting treehouse
"Marge, my ice cream's melting and I haven't finished my brownie!",marge ice cream melting finish brownie
"Oh, Marge. This is the purest love there is: patient, supportive... ooh, cleavage!",oh marge pure love patient supportive ooh cleavage
"Oh man, what's this bite gonna do? My wrists are tingling... I feel new powers surging within me...",oh man bite go to wrist tingle feel new power surge
"Okay, Stupid Flanders, first I want you to kill that guy at the ice cream parlor who gave Homer Simpson a cone that had a little air in it.",okay stupid flanders want kill guy ice cream parlor give homer simpson cone little air
Come on! God does crazy things! Check your Old Testament.,come god crazy thing check old testament
"Hey Bart... I mean, Jesus. Hey son, you want Flanders to kill anybody? He's totally in my power.",hey bart mean jesus hey son want flanders kill anybody totally power
That sucker soaks up flattery like a Twinkie soaks up gravy.,sucker soak flattery like twinkie soak gravy
"Marge, I just saw the greatest movie. Guess what happens when a mop is replaced with an octopus! I'll give you a clue, it's funny!",marge see great movie guess happen mop replace octopus clue funny
"I'm telling you guys, Roz told Old Man Burns I ditched work early and now I'm her assistant.",tell guy roz tell old man burns ditch work early assistant
"Do you know what I just learned? My job is the reason I get those checks every week! And now that I'm demoted, the checks have gotten smaller! Not in physical size, but--",know learn job reason check week demote check get small physical size
"Since I got demoted I have to show my I.D., but the picture was taken so long ago I put on a lot of weight, so I have to stretch out my face and say ""I used to look like this...""",get demote picture take long ago lot weight stretch face look like
"Uh, I just came to say that you're perfect. So perfect, I think Mr. Burns should give you a hug.",uh come perfect perfect think burns hug
"This Saturday, from the Dad who brought you ""cemetery paintball"" and ""go-karts on real roads,"" comes the greatest activity yet...",saturday dad bring cemetery paintball kart real road come great activity
"Look, honey, a family's like a team. And on every team you have the slam-dunking megastar and... the referee.",look honey family like team team slam dunk megastar referee
"I don't want to think about food, I want to like it. Why drive across town to ""savor"" a bowl of mystery mush when there's four different Krustyburgers we can see from our house?",want think food want like drive town savor bowl mystery mush different krustyburger house
"All the food in those pictures is poop by now. Minds blown, you're welcome.",food picture poop mind blow welcome
"Pine needle... sorbet... Pine needle sorbet!! My kids do not eat sorbet, they eat sherbet, and they pronounce it ""sherbert"" and they wish it was ice cream!",pine needle sorbet pine needle sorbet kid eat sorbet eat sherbet pronounce sherbert wish ice cream
"Fine. Blow off ""Fun Dad,"" go eat your walrus mustaches and deep-fried pixie wangs.",fine blow fun dad eat walrus mustache deep fry pixie wang
Food Dad! Food Dad! Food Dad!,food dad food dad food dad
"You know, I'm pretty excited about this far-out dinner. Maybe I'll like it.",know pretty excited far dinner maybe like
"Well, my wife thinks it's too crazy for me, but I'm gonna prove her wrong.",wife think crazy go to prove wrong
Marge! This isn't a food restaurant! It's a meth restaurant! A meth-taurant!,marge food restaurant meth restaurant meth taurant
"Stupid, stupid, stupid! We forgot to create a fake author!",stupid stupid stupid forget create fake author
British Fonzie is right. Our story is actually more important... than money.,british fonzie right story actually important money
So... why are you here? Is it about that unauthorized Krusty lookalike I hired for Lisa's first communion? What was his name?,unauthorized krusty lookalike hire lisa communion
"Good one... uh... Mr. Burns, everyone is dying to hear you sing karaoke.",good uh burns die hear sing karaoke
"...So he says, ""Bigamy is having one too many wives."" To which I replied, ""So's monogamy.""",say bigamy have wife reply monogamy
"It's never good. I always wind up being chased by hounds, or falling through a trap door...or being a peg in your game of human croquet...",good wind chase hound fall trap door peg game human croquet
"God, what a great game! And you too can be on the winning team, Mr. Mayor. The Springfield Nuclear Team.",god great game win team mayor springfield nuclear team
"That's great, let me run the numbers because I really want the Simpson account. And give these cigars to your children.",great let run number want simpson account cigar child
"Well I, uh, found that contact lens I was missing. Lemme just screw her back in.",uh find contact lens miss lemme screw
"Let's see, my family gives me love and sex. My work gives me money and sleep...",let family give love sex work give money sleep
It's closing?! But where will people find clips of old TV shows if they're not housed in a giant building? Where? Where?,close people find clip old tv show house giant building
And people will see my tattoo of Donald Duck smoking a doob! That was for Marge's eyes only! Oh my God!,people tattoo donald duck smoke doob marge eye oh god
"Now, let me ask you something: is there a place for an old-fashioned lardass like me on today's television?",let ask place old fashioned lardass like today television
"Are we done yet? ""It's A Wonderful Life"" is about to start. I wonder what my life would've been like if I'd never seen that movie...",wonderful life start wonder life like see movie
"Yeah, after I stopped drinking, this was a way to stay close to my bottles.",yeah stop drink way stay close bottle
"Hey, sweetie. Marge said there was some family tension. And at Christmas of all times.",hey sweetie marge say family tension christmas time
"""Bloody Harry"" -- he brought back beheading in a big way! Now, I'm gonna show these boys downtown Springfield.",bloody harry bring behead big way go to boy downtown springfield
"Oh, they found it. But don't tell him. This is way cheaper than a nursing home.",oh find tell way cheap nursing home
"To prove a point. Everyone thinks their Dad's a jerk and everyone's right. But when you get older, you realize how much you love 'em.",prove point think dad jerk right old realize love
"Your Dad may be a little immature, but I know he loves you, so you ought to give him a chance.",dad little immature know love ought chance
"If those kids can forgive that train wreck of a father, then maybe I can forgive...",kid forgive train wreck father maybe forgive
Don't argue in front of the airport line. Strangers are judging our marriage!,argue airport line stranger judge marriage
Woo hoo! Can you focus on my shoulders -- that's where I carry my stress.,woo hoo focus shoulder carry stress
"Look, all I want is what everybody wants: preferential treatment!",look want everybody want preferential treatment
"They love me! The quiet Homer Simpson that kept it all bottled up inside is dead. This is the birth of Homer Simpson, blowhard! I'm on the roll of my life! Gimme a scratcher!",love quiet homer simpson keep bottle inside dead birth homer simpson blowhard roll life gimme scratcher
"Yeah, that's what I'm talkin' about! Those real people out there who buy their coffee from the mini-mart, and grab enough sugar packs for a week! Honest, hardworking, sugar-stealing Americans!",yeah talkin real people buy coffee mini mart grab sugar pack week honest hardworking sugar steal americans
"Aw, son. Now I regret bad-mouthing you to that girl you liked.",aw son regret bad mouth girl like
"Welcome to ""Gut Check With Homer Simpson""! Where the truth is served, with a side of in your face!",welcome gut check homer simpson truth serve face
Audio book read by Lenny. I'm not just another loudmouth. I'm a loudmouth who says things you're afraid to say BUT NOT RACIST THINGS!,audio book read lenny loudmouth loudmouth say thing afraid racist thing
"A high school principal has decided that football is too dangerous, so he's replacing it with soccer!",high school principal decide football dangerous replace soccer
"Are you ready for Irish announcers with lyrical accents, ""Oh, that's a lovely touch! Oh, such beautiful form!"" If we lose football, we lose the blitz, cheerleaders, Rudys, Ochocincos... something for fat kids to play! Ochocincos...",ready irish announcer lyrical accent oh lovely touch oh beautiful form lose football lose blitz cheerleader rudys ochocincos fat kid play ochocincos
"Great question. I know you children have never seen your father cry before... Marge, do we have any more gravy?",great question know child see father cry marge gravy
"Oh Marge, don't worry. People know I'm doing a character, like Stephen Colbert, or Newt Gingrich.",oh marge worry people know character like stephen colbert newt gingrich
"You all know I'm a big fan of American meat. Although, sometimes you've gotta cut off some of the gristle.",know big fan american meat get to cut gristle
"Take that, centers of art and commerce. And this country has something extra that makes our meat the juiciest, most melt-in-your-mouth, stay-in-your-heart meat in the world. That's right, I'm talkin' about the gravy of freedom!",center art commerce country extra make meat juiciest melt mouth stay heart meat world right talkin gravy freedom
"When March Madness spills into April -- that's the gravy! When someone messes with you, and you invade the country that did it plus another one -- that's the gravy! When you stick your flag in the moon and say ""now we're done tryin'"" -- that's the gravy!",march madness spill april gravy mess invade country plus gravy stick flag moon tryin gravy
"Great show, people. Great show. Um... Not a big deal, but next time can we use real gravy instead of brown paint? Not a big deal.",great people great um big deal time use real gravy instead brown paint big deal
"Marge, I'm going to meet with the Republican establishment and pick their nominee! If there's sandwiches there, you want me to bring some back?",marge go meet republican establishment pick nominee sandwich want bring
"Now Lisa, I'm an entertainer. And you can't entertain and inform at the same time. And if you're Access Hollywood, you do neither!",lisa entertainer entertain inform time access hollywood
Ted Nugent! I made love on my honeymoon to your sweet music. You're my man.,ted nugent love honeymoon sweet music man
"It was all a dream! Oh Marge, Oscar Madison came to me and told me that politics are serious and important!",dream oh marge oscar madison come tell politic important
I GOT A GOOD SONG FEVER / A TED NUGENT FEVER / SOMETHING SOMETHING FEVER...,got good song fever ted nugent fever fever
WE GOT AMERICA FEVER / WE GOT AMERICA FEVER!,got america fever got america fever
"U.S. OF A! Great song, Ted. When's our next gig? Are we goin' to New York, or--",great song ted gig new york
"And that, kids, is how you stick it to the Towne Centre Real Estate Investment Trust. No, no, no. Woo hoo!",kid stick towne centre real estate investment trust woo hoo
"Marge, if you were married to Da Vinci, you wouldn't tell him not to Da Vinch.",marge married da vinci tell da vinch
I'll take it! Provided you charge me for services that Google offers for free.,provide charge service google offer free
"This computer is so great! I'm watching the latest Sofia Coppola movie at ""twenty times"" speed to make it seem like a normal movie.",computer great watch late sofia coppola movie time speed like normal movie
"Man, this website makes talking drunk to my wife so much safer.",man website make talk drunk wife safe
"I'm gonna run his plates, find out who he is, then change his SpringFace profile picture to a shot of a monkey. Get that, Marge? A monkey!",go to run plate find change springface profile picture shot monkey marge monkey
"...and that's why I really don't believe there's a God. Thank you, and God bless America.",believe god thank god bless america
"That's right. And if anyone asked who swindled you, it was Christians. Remember that name: Christians.",right ask swindle christians remember christian
"So, Dad, what kind of stupid idea did you put in Lisa's head?",dad kind stupid idea lisa head
"Sorry, Dad. I was afraid the dragon wouldn't cough the moon back up.",sorry dad afraid dragon cough moon
"Lisa, everyone knows dragons do not attack cars. Jeez, pick up a book.",lisa know dragon attack car jeez pick book
"Oh honey, why must you always assume that a huge picture of us, at a secret meeting we weren't told about, is a bad thing?",oh honey assume huge picture secret meeting tell bad thing
"Yeah. We're like family to you. I'm talking to you, headphone-bus driver guy.",yeah like family talk headphone bus driver guy
"Now, now, now just a second here! Now, I know we're not perfect. But, uh, I believe it was Sammy Hagar who said--",second know perfect uh believe sammy hagar
"Wait! If you banish us, you shall be cursed with a thousand-year drought.",wait banish shall curse thousand year drought
"We found a new home! When God shuts a door, he opens a window.",find new home god shut door open window
"Eh, I'm sick of watching Fox. Let's get some fresh air. I got the ATV's right out back.",eh sick watch fox let fresh air get atv right
"Yep, I never realized how much I hated every single one of my friends and relatives.",yep realize hate single friend relative
"Pish tosh, Smithers, and fiddle-dee-dee! Nailed it!",pish tosh smithers fiddle dee dee nail
The old homestead. Remember when we moved in and I talked like this?,old homestead remember move talk like
All right! You caught us. What are you gonna do about it? Throw us out of town again?,right catch go to throw town
"Now, I gotta warn you, if you find a little black thing on your pillow, it won't be a mint.",get to warn find little black thing pillow will mint
"Let her slice off the tip of your ear, and she'll go right to sleep.",let slice tip ear right sleep
"You know sweetie, there was a time when I would've killed for that information, but I'm pleased to announce I've already bought your mother a present.",know sweetie time kill information pleased announce buy mother present
"Love?! Your Mom's gonna feel so good it'll make mere ""love"" seem like chewing tinfoil. Because today I'm getting it autographed.",love mom go to feel good mere love like chew tinfoil today get autograph
Would you sign this for my wife Marge? She's a big fan and her birthday is tomorrow.,sign wife marge big fan birthday tomorrow
"Why you little... I'm gonna get... No, Homer. You can't strangle a boy on his mother's birthday. Juries hate that. So instead, boy, I want you to... get in that rabbit cage!",little go to homer strangle boy mother birthday jury hate instead boy want rabbit cage
"Attention, lovers of free office supplies! Come and steal things you can easily afford!",attention lover free office supply come steal thing easily afford
"Suck it, karma! Yeah! I'm talkin' to you, karma! Karma's a bitch, karma!",suck karma yeah talkin karma karma bitch karma
"I like to watch Lamar Odom play X-Box while his giant wife yells at him. Is that so nuts? Huh? Yeah, shut you up.",like watch lamar odom play x box giant wife yell nuts huh yeah shut
"Deep down, I must be feeling guilty about getting my friends in trouble! And my problem won't stop till I make things right with them. But first, a little more sleep.",deep feel guilty get friend trouble problem will stop till thing right little sleep
"I'm sorry. Cheese on that? Sorry. Hey, Lenny. Sorry.",sorry cheese sorry hey lenny sorry
BUM-BA-BUM-BA / BUM-BA-BUM-BA...,bum ba bum ba bum ba bum ba
"Oh, lighten up, Marge. I take you to the Disneyland of me, and you just wanna go to the Lost and Found. Well guess what? We're stayin' in this dream forever!",oh lighten marge disneyland wanna lost found guess stayin dream forever
"Thank you, Death. And may I ask what's taking so long with Larry King?",thank death ask take long larry king
"It's true! I failed the basic duty of childhood. And then when I took Bart fishing, it all came back -- and the guilt made me wet the bed!",true fail basic duty childhood take bart fishing come guilt wet bed
"Look at it go! All right! Hey, since it's a dream, let's ride our bikes naked around town.",look right hey dream let ride bike nake town
Well... I didn't really feel like going to Moe's today... thought I might hang out here for as long as I can take it.,feel like go moe today think hang long
Yeah... but a weekend without drinking is no big deal. I did it when I was in that alcohol-induced coma.,yeah weekend drink big deal alcohol induce coma
A surprisingly not-horrible fruit drink called a mimosa.,surprisingly horrible fruit drink call mimosa
Then there's champagne in me! What am I gonna do? It's less than twenty-four hours till my drug test. Maybe I can sweat it out.,champagne go to hour till drug test maybe sweat
"Mr. Burns, before I leave, I've got a few things to get off my chest: one: I liked the new microwave in the break room -- just push ""popcorn"". You don't have to know how long. Two: replacing us with robots is heartless and despicable. Three: how about a farewell party with a caricature artist? You know, it's something both kids and adults can enjoy. So to sum up: nicely-done, we hate you, and food for thought.",burns leave get thing chest like new microwave break room push popcorn know long replace robot heartless despicable farewell party caricature artist know kid adult enjoy sum nicely hate food thought
"I said, workin' hard or hardly working? Working hard or hardly working?! WORKING HARD OR HARDLY WORKING?!",say workin hard hardly work work hard hardly work work hard hardly working
"So, Bart, the little dickens, is going through that phase where young boys think their dad's an idiot.",bart little dicken go phase young boy think dad idiot
"Uh, right, right... actually, I'm the designated hitter for all you guys.",uh right right actually designate hitter guy
"Now, to save on calories, I won't eat the paper in the fortune cookie.",save calorie will eat paper fortune cookie
Long enough that me and Marge can be one of those couples who just sit and hold hands.,long marge couple sit hold hand
"C'mon, boy. We've gotta go home. I saved big bucks on the delivery charges.",boy get to home save big buck delivery charge
Wait a minute... that flashback raised more questions than it answered?!,wait minute flashback raise question answer
She walked away and slammed the door. What does it mean? What does it mean?,walk away slam door mean mean
"Thanks, Marge. You ruined my show. Now I'm going to give you a spoiler about our marriage: it's not great right now.",thank marge ruin go spoiler marriage great right
"Lousy Marge... ruining the delicate relationship between a man and his TV show... I'd tell my best friend, but that's Marge too...",lousy marge ruin delicate relationship man tv tell good friend marge
"Okay, but if this house starts a-rockin', don't come a-knockin'.",okay house start rockin come knockin
"Again with ""Mr. Steak!"" Do you know why I go to Mr. Steak? Because at Mr. Steak they don't get mad at me for spending a lot of money at Mr. Steak!",steak know steak steak mad spend lot money steak
What happened to my mini-pool table? I was training to be a mini-pool hustler.,happen mini pool table train mini pool hustler
"Yeah, for you kids maybe. For dads, a family vacation is a twenty-four-hour-a-day babysitting job! ""Are you wearing enough sun block?"" ""Is that splashing or drowning?""",yeah kid maybe dad family vacation hour day babysitting job wear sun block splash drown
...eating a thirty-dollar cheeseburger! Which he drops in the water!,eat thirty dollar cheeseburger drop water
WORTH IT TO BE RI-IGHT! WORTH IT TO BE RI-IGHT!,worth ri ight worth ri ight
"Oh man, Marge is pissed. Look at her... flaring her nostrils... drumming her fingers... making small noises like she's yelling at me inside her head...",oh man marge piss look flare nostril drum finger make small noise like yell inside head
"Eight weeks paid vacation, and all because of a little bump on the noggin.",week pay vacation little bump noggin
You know what wood makes the best ventriloquist dummy: maple. How many hardboiled eggs do you think I can eat?,know wood make good ventriloquist dummy maple hardboiled egg think eat
And I spent all that time learning how to be a better husband. The kind of husband you deserve.,spend time learn well husband kind husband deserve
"It was all a training exercise to make me smooth for you. Of course she fell for me and of course I wanted no part of her. Now, the only one who can help us is Stradivarius Cain.",training exercise smooth course fall course want help stradivarius cain
"No... not you... next... big fan but no... Cleatus the Football Robot, you're my only hope!",big fan cleatus football robot hope
"Well, I better get going -- this is startin' to feel a little churchy.",well go startin feel little churchy
Welcome to marriage! Another good man bites the dust.,welcome marriage good man bite dust
"I mean I envy Flanders, once again enjoying the joys of marriage. Let's put it to a vote, America.",mean envy flanders enjoy joy marriage let vote america
"You really put on a great reception, Marge. It's like the happy flashback in a gritty cop thriller.",great reception marge like happy flashback gritty cop thriller
"He took the time to press the shift key, Marge! I think he knows what he's talking about.",take time press shift key marge think know talk
"Oh Marge, let the kid have his embarrassing secrets and lies.",oh marge let kid embarrassing secret lie
"Welcome, money-changers! You can trust Sleazy Sam for the best rates, or my name isn't Jesus H.--",welcome money changer trust sleazy sam good rate jesus
"Sweetie, I've been thinking. Now, this all started because you used a fake name to defend yourself. The problem's not that you were cheating...it's that you got caught.",sweetie think start fake defend problem cheat get catch
"I cheat on my diet but nobody knows 'cause the damage is on the inside and the first warning sign is sudden death. So, honey, what do you say?",cheat diet know damage inside warning sign sudden death honey
"I LOVE MY HOMER FACE YEAH THAT'S WHAT I SAID / RIGHT WHERE IT SHOULD BE ON THE FRONT OF MY HEAD / STUBBLE, MUZZLE, OVERBITE, TWO EYES THAT REALLY BUG / THESE ARE THE COMPONENTS OF MY HOMER-RIFFIC MUG / D'OH, OOOH, D'OH, OOOH, / I SHAVE IT CLOSE, TRIM HAIRS FROM MY NOSE / D'OH, OOOH, D'OH, OOOH, I CLEAN MY EARS, 'CAUSE THAT'S HOW I HEARS / I LIKE MY / I LIKE MY / I REALLY LIKE MY HOMER FACE",love homer face yeah say right head stubble muzzle overbite eyes bug component homer riffic mug oooh oooh shave close trim hairs nose oooh oooh clean ear cause hear like like like homer face
"Boy, if anyone needs me I'll be taking a popcorn bath. It's a thing I read about in a Men's Health magazine in a dream.",boy need take popcorn bath thing read men health magazine dream
"Aw boy, I feel for ya. Nobody likes to be rejected, and it never gets easier, until you can drink. Because then you can express your unfiltered feelings by drunk dialing.",aw boy feel ya like reject get easy drink express unfiltered feeling drunk dialing
"Son, you can dial down the crazy. Your mother and I talked about it and we found a way to get to New York. It's all set, boy. To save money, we're swapping houses.",son dial crazy mother talk find way new york set boy save money swap house
"Oh-oh-oh oh, thank God you woke up!",oh oh oh oh thank god wake
"You've learned a very valuable life lesson, boy, which is that love doesn't exist except briefly between a man and a woman before marriage. After that, it's just hanging out with someone who kind of hates you, but you can't get it together to leave. I'll get us some ice cream.",learn valuable life lesson boy love exist briefly man woman marriage hang kind hate leave ice cream
"Aw, look at that -- my little guy's finally realizing how complicated grown-up feelings can be.",aw look little guy finally realize complicated grow feeling
"Hey, can it open a pretzel bag for me? Help a brother out, B.H.",hey open pretzel bag help brother
"Come on, you can't look at that infinitely dense little guy and not want to feed it something!",come look infinitely dense little guy want feed
"And if anyone finds this footage after we're all missing or dead, remember me as a hero.",find footage miss dead remember hero
Not so fast! Say hello to The United Federation of Homers Through History!,fast hello united federation homers history
"Okay guys, let's regroup. We'll come back with more Homers and start fresh in the morning.",okay guy let regroup come homer start fresh morning
"I gotta hand it to you, Marge. You got the exact amount of car for our family. Room for two adults, three kids, and zero Grampas.",get to hand marge get exact car family room adult kid zero grampas
"Marge... do you think maybe there's another reason you don't like this car? Um... um... a ""feelings"" reason?",marge think maybe reason like car um um feeling reason
"Well, maybe you and the car got off on the wrong foot. When do you think things first went wrong?",maybe car get wrong foot think thing go wrong
"Honey, I am so sorry. I guess we'll just have to learn to love the three children we have.",honey sorry guess learn love child
And I got to try every flavor of candy cane: white and red.,get try flavor candy cane white red
"Marge, I was just being a good husband by pretending to agree with you while secretly undermining your agenda.",marge good husband pretend agree secretly undermine agenda
"Uh, well, looking back, I guess it started sometime before Bart was born.",uh look guess start bart bear
"Honey, I'm sorry. It's just that we have a hard enough time handling three kids.",honey sorry hard time handle kid
"They just leave the maple syrup on the table, huh? How about that? That's trust, huh?",leave maple syrup table huh trust huh
Uh-oh. I don't think I rewound the video the last time I was here.,uh oh think rewound video time
"Um, I'd like to get back a donation made fifteen years ago by a Simpson, Homer. Or it may be under the name Thad Supersperm.",um like donation year ago simpson homer thad supersperm
Are you sure there isn't more? I mean there's always a little ketchup left in the bottle.,sure mean little ketchup leave bottle
"You're right, Marge. I don't wanna bring more kids into a world full of my kids.",right marge wanna bring kid world kid
"My burns have affected our... intimacy... because all night, I talk about how much money I'm going to make from the lawsuit.",burn affect intimacy night talk money go lawsuit
"Ha, of course I do! Happy anni... birth... entine... shark week?",ha course happy anni birth entine shark week
"I'm just trying to get information -- like a nosey reporter, or an undercover cop...",try information like nosey reporter undercover cop
My dad was an aspiring songwriter like Charles Manson? I never knew that.,dad aspire songwriter like charles manson know
I can't believe my Dad never told me he had another wife. The man I looked up to my whole life.,believe dad tell wife man look life
"Oh my God. I never knew the sacrifices my father made. Move over, Fonzie. I've got a new hero.",oh god know sacrifice father fonzie get new hero
"Dad, promise me you'll never wander off and make us explore your fascinating past again.",dad promise wander explore fascinating past
"And I don't think you're boring. It's just that in today's multi-channel environment, you have too many great choices. Look at Sunday night. There's like eight amazing shows. None of them on Fox.",think boring today multi channel environment great choice look sunday night like amazing show fox
Bart! This is America. Anyone can eat what they want as long as they eat too much.,bart america eat want long eat
My Dad used to tie me up when the ice cream truck went by. And now there's no amount of ice cream that'll make me feel full. So this should work!,dad tie ice cream truck go ice cream feel work
"That was four screams! Stupid A.F.I. Boy, never go into their Director's Training Program!",scream stupid boy director training program
Dinner time! I know you're hungry! I can hear you rubbing your legs together! Oh my God!,dinner time know hungry hear rub leg oh god
"Marge, in a crisis like this, I need time for quiet contemplation.",marge crisis like need time quiet contemplation
"I'm in an abusive relationship with life. It keeps beating the hell out of me, and I'm too cowardly to leave it. Maybe I could drink myself to death.",abusive relationship life keep beat hell cowardly leave maybe drink death
"Life is too fragile. One minute you're lying in your hammock drinkin' beer, the next thing you know you're sittin' here drinkin' beer.",life fragile minute lie hammock drinkin beer thing know sittin drinkin beer
"Okay, what else... Free Tibet! You heard me! Free him now! Thank you. Oh, my luck has changed!",okay free tibet hear free thank oh luck change
I left a half-eaten apple outside your store... the greatest tribute of all.,leave half eat apple outside store great tribute
"Will you kids pipe down! I'm trying to get ""Churro-Chaser"" to tell me where the freshest churros are. What country is Mexico in?",kid pipe try churro chaser tell fresh churro country mexico
"Now, Maggie let's find a good game for us. Hm, ""Krusty's Kosher Karnival""...""Words With Enemies""...""Don't Burn the Toast!"", ""Lenny Dykstra's Prison Break,"" ooh, ""Pizza Clock""!",maggie let find good game hm krusty kosher burn toast lenny dykstra prison break ooh pizza clock
"Dough, sauce, cheese, topping. Dough, sauce, cheese, topping. Dough, sauce, cheese, topping! Having fun, Maggie?",dough sauce cheese topping dough sauce cheese topping dough sauce cheese topping have fun maggie
"Dough, sauce, cheese, topping. Dough, sauce, cheese, topping.",dough sauce cheese topping dough sauce cheese topping
"This is your miracle? A tree? Ooh, look at me. I turn sunlight into complex sugars. Big whoop.",miracle tree ooh look turn sunlight complex sugar big whoop
"Huh. ""Hope."" Is this one of those coincidences like Jesus on a tortilla or George Washington on a dollar bill?",huh hope coincidence like jesus tortilla george washington dollar bill
"Well, this is how God would send me a message. In my back yard, hammock adjacent, in one short word in large print. What do you think he's trying to tell me, Flanders?",god send message yard hammock adjacent short word large print think try tell flanders
"Uh, excuse me, Reverend, but I'm here to talk about something a little more important: hope.",uh excuse reverend talk little important hope
"Hope is here, people, and it's real. It's not just inside the house of God, it's outside the house of me! So come and see the sticky brown truth!",hope people real inside house god outside house come sticky brown truth
I don't know what to believe anymore. Maybe it's time to call Satan. Is that a two-one-two?,know believe anymore maybe time satan
"Marge, up to now I thought your hair was blue cotton candy, but now I know it's a solid loaf of brain.",marge think hair blue cotton candy know solid loaf brain
"This boy's grandfather is a shriveled-up corn cob, begging for death! I am his father... I can't believe I allowed you to hit on me.",boy grandfather shrivel corn cob beg death father believe allow hit
"Beat it, ducks! I'm not old enough to have food for you! I'm sexy! Young and sexy!",beat duck old food sexy young sexy
Those aren't our regular donuts! They're huge... with crazy toppings! Gummy worms! Churro chunks! Russian nesting donut!,regular donut huge crazy topping gummy worm churro chunk russian nesting donut
"Okay, our first hang-out with the cool new neighbors. I've already ""blown them away"" -- their words, I assume -- so don't screw it up.",okay hang cool new neighbor blow away word assume screw
"Check it out, Flanders, us cool dads are sharing a mono-yard. Guess I can't be your best friend anymore.",check flanders cool dad share mono yard guess good friend anymore
"Boo hoo hoo, you can cry all night. It's not gonna win me back.",boo hoo hoo cry night go to win
"But if me and my kids do the same stuff as Terence and his kids, I could be a cool dad.",kid stuff terence kid cool dad
"No, we need to take kids to grownup stuff. That's Terence's parenting style--",need kid grownup stuff terence parenting
"Oh ohhhh boy, oh oh oh oh boy, oh boy.",oh ohhhh boy oh oh oh oh boy oh boy
"O-o-o-ooooh booooyyyyy... We had the family version of a bromance going with our awesome neighbors, and you had to screw it up.",o o o ooooh booooyyyyy family version bromance go awesome neighbor screw
What? No one judges my wife's thunderbags! Well maybe I was wrong about these people. Who ever thought a cool person could be a jerk?,judge wife thunderbag maybe wrong people think cool person jerk
"Yeah, that's right, the friendship between the Simpsons and the whatever-your-last-name-is-es-es is over!",yeah right friendship simpsons es es
"Parenting? Let me tell you ""cool parents"" something. Parents are supposed to be lame... so their kids have something to rebel against... by becoming cool just long enough to get married and have kids -- for whom they are lame! It's nature's way!",parenting let tell cool parent parent suppose lame kid rebel cool long married kid lame nature way
"Stupid town... at least I've still got Moe's... although probably not, seeing where this is going...",stupid town get moe probably see go
I'm gonna get a snack. But first... should I introduce the black plague? What could be the harm?,go to snack introduce black plague harm
"Whoa, now I've gotta buy a corpse wagon. That's how they getcha.",whoa get to buy corpse wagon getcha
GONNA DRINK AMMONIA / 'CAUSE IT TASTES LIKE CHEESE / WONDER WHAT WILL HAPPEN...,gonna drink ammonia cause taste like cheese wonder happen
"Okay, okay. I'll be nicer to the dude. I've just never really been a dog person.",okay okay nice dude dog person
"I don't know what you just said, but it's wrong! Wrong, wrong, wrong!",know say wrong wrong wrong wrong
"Well, that's just the way dogs are. The most disloyal unfaithful creatures God ever made.",way dog disloyal unfaithful creature god
"Oh my God, Dad... I owe you an apology. You saved Bongo. I never understood that till now.",oh god dad owe apology save bongo understand till
"Apes... deep down we're all savage apes. Leave your body, Homer.",ape deep savage ape leave body homer
"I guess despite all our so-called civilization, anarchy lurks around every corner, like a racially-diverse street gang on a network cop show.",guess despite call civilization anarchy lurk corner like racially diverse street gang network cop
"Oh my God! This unsourced, undated video has convinced me beyond any doubt!",oh god unsourced undated video convince doubt
Secrets? I have no secrets! Just enjoy this golden time you will soon cling desperately to the memory of. Smell some bread!,secret secret enjoy golden time soon cling desperately memory smell bread
"I wish. Son, the best way to explain this is to show you some age-inappropriate movies.",wish son good way explain age inappropriate movie
"So, what have you learned so far from our post-apocalyptic movie marathon?",learn far post apocalyptic movie marathon
"Hollywood has taught you well, my son. Now let's push ""play.""",hollywood teach son let push play
"Creepy? Marge, the apocalypse is coming. Maybe not tomorrow, maybe never, but it's coming... and soon.",creepy marge apocalypse come maybe tomorrow maybe come soon
This is my daughter. She brings the gift of music to the new world.,daughter bring gift music new world
Here's something to pass the endless time. Write down which celebrities were rumored to be gay for future generations.,pass endless time write celebrity rumor gay future generation
"Marge, when I started prepping for the end of the world, everyone laughed at me.",marge start preppe end world laugh
"Now we're going to leave this place. I'm sorry, Bart -- I know you've made a bug-out camp girlfriend...",go leave place sorry bart know bug camp girlfriend
"Out of our way, corn! The starving people of Springfield are desperately in need of our delivery of canned corn, corn flakes, and flash frozen corn nibblets.",way corn starve people springfield desperately need delivery can corn corn flake flash frozen corn nibblet
"You got to watch a VHS copy of ""Red Dawn"" thirteen times. Stop complaining.",got watch vhs copy red dawn thirteen time stop complain
"Good riddance. When I found out shrimp cocktails had no alcohol, I really lost interest.",good riddance find shrimp cocktail alcohol lose interest
"This could come in handy. But let me check that list of things Marge said never to bring home. Dogs, cats, octopuses, octopi, octopuseseses...",come handy let check list thing marge say bring home dog cat octopus octopi octopusesese
"This is the easiest money I've ever made, lugging around a ninety pound parking meter!",easy money lug ninety pound parking meter
"Oh God, my back! Suckers! My discs are grinding! Easy money!",oh god sucker disc grind easy money
...and I wish that Mr. Teeny gets a banana ... that the Isotopes emerge from this season with a great blooper reel ... I wish that wishing wells worked so I wasn't just tossing my money away ... and that Marge loves me forever no matter what stupid things I do ...,wish teeny get banana isotopes emerge season great blooper reel wish wish well work toss money away marge love forever matter stupid thing
"Dear Lord, if thy tornado must take me, please let it take me to Oz, but don't let Flanders be the Scarecrow!",dear lord thy tornado let oz let flanders scarecrow
"Lenny, take us with you to find our dog! It's okay, Marge, they're professionals.",lenny find dog okay marge professional
"Maybe! Look, you guys obviously know about weather, but I understand something much more predictable: women.",maybe look guy obviously know weather understand predictable woman
What women really want is a guy who's confident enough to go completely downhill after marriage and know she'll still love him.,woman want guy confident completely downhill marriage know love
"Okay, you're right. It's hard to imagine anyone else bringing up our kids, but I think the choice is obvious -- my dad.",okay right hard imagine bring kid think choice obvious dad
"Oh yeah? The tornado was more of a father to me than you! Okay, how about my brother? He's rich.",oh yeah tornado father okay brother rich
"All right, Marge. Maybe we're being a little too choosy about who our kids spend the rest of their lives with. We'll take what we can get.",right marge maybe little choosy kid spend rest life
"Kids, there's nothing to worry about...but we're looking at replacements for your Mom and me if we should fail to die together as a family.",kid worry look replacement mom fail die family
"Okay, I'll nudge 'em with the car. We'll get a whole ""meet cute"" thing going.",okay nudge car meet cute thing go
"Uh, say, listen, Portia. How would you and Mav feel about... um, swinging?",uh listen portia mav feel um swinge
Worrywart Marge. You don't look a Trojan Horse in the mouth.,worrywart marge look trojan horse mouth
"Suckers!!! Oh wait, you've gotta initial this.",sucker oh wait get to initial
"Marge, this has been great couples time. The one thing people with kids desperately need is no kids!",marge great couple time thing people kid desperately need kid
"Like all childless couples, they troll the beaches waiting for the egg-layers to wander off from their young.",like childless couple troll beach wait egg layer wander young
"Don't worry, Marge. We'll get 'em. Unless we die on this icy mountain road. Then they've won forever.",worry marge die icy mountain road win forever
I do call this living! Living the way kids in India can only dream of!,living live way kid india dream
I am sick and tired of trying to decode you like you're some kind of human being separate from myself!!!,sick tired try decode like kind human separate
"You're saying it like it happens all the time. And by the way, the paint's a little faded on my parking spot. You call this a Platinum Club experience?",say like happen time way paint little fade parking spot platinum club experience
"You know what we need? A classic ""kicked outta the house"" party. Now who's got a rockin' CD?",know need classic kick outta house party get rockin cd
"Agreed, but to win back our women we need to make a grand romantic gesture.",agree win woman need grand romantic gesture
"Gotcha! Candy cane in the umbrella stand -- oldest trick in the book... okay, let's see...",gotcha candy cane umbrella stand old trick book okay let
"Writing is for bathroom walls, and acting is for getting out of DUI's. The only reason TV exists is for reality shows about white-trash scuzzbags doing sub-human, made-up jobs.",writing bathroom wall acting get dui reason tv exist reality show white trash scuzzbag sub human job
We're gonna get rich off the poor and forgetful! And dead people.,go to rich poor forgetful dead people
That's insane! My dad was married to a woman... who left him... because he ignored her needs for decades. My gay dad is gay for gays.,insane dad married woman leave ignore need decade gay dad gay gay
"My dad's always been so angry. Maybe if we help him be who he is, he'll finally be happy.",dad angry maybe help finally happy
"If I can't find my father a man to kiss and cuddle, then I've failed as a son.",find father man kiss cuddle fail son
"You were a world-famous wrestler? Spill the beans, old man. Word beans!",world famous wrestler spill bean old man word bean
I don't know. Should I really let the men who ruined my past and present hang out with the kid who's going to ruin my future?,know let man ruin past present hang kid go ruin future
"Your grandfather is super lame! I mean, if he wasn't a terrible father, what's my excuse for this?",grandfather super lame mean terrible father excuse
"You grandson-ruining fiend! Look what your ""number one fan"" did at show and tell!",grandson ruin fiend look number fan tell
"Bart cannot be an old-time wrestler! As your inattentive son, and your incompetent employee, I forbid it!",bart old time wrestler inattentive son incompetent employee forbid
"Hello, police? I'd like to report a buzz-kill in progress.",hello police like report buzz kill progress
"Thanks, Flanders. Punch my eye, destroy my marriage. Now just pull the plug and let me die.",thank flanders punch eye destroy marriage pull plug let die
"I hate unions. There's this guy at my plant, caused three meltdowns and he still keeps his job.",hate union guy plant cause meltdown keep job
"Marge, you're really dogging it on the ""power."" But don't worry, because of the union, you're safe. So, just what are you gonna do for our daughter?",marge dog power worry union safe go to daughter
"So, you went and hired a law firm, eh? That's pretty aggressive.",go hire law firm eh pretty aggressive
"Better man, comin' through... way-better-better, way-better-better zing!",well man comin way well well way well well zing
"To elaborate, I want your wife, the teacher, to help get rid of Lisa's substitute...",elaborate want wife teacher help rid lisa substitute
"Okay! I'll pay for your damn band candy! What was it, seventeen hundred dollars?",okay pay damn band candy seventeen dollar
"Keep it under your hat, guys, but I've got a date with a married woman.",hat guy get date married woman
"Maybe it's time for a visit from Wally, the Kissing Walrus.",maybe time visit wally kissing walrus
"Marge, I thought this was an innocuous lunch but it's become terribly ocuous.",marge think innocuous lunch terribly ocuous
"Oh my God! A marriage so perfect that I could take it for granted for years, suddenly explodes. What do I do?! What do I do?!",oh god marriage perfect grant year suddenly explode
"How do I win Marge over? I could get her kids to like me! No, that ship has sailed.",win marge kid like ship sail
Marriage is so tough. Every second it could explode catastrophically. Makes me not want to come home from my job at the nuclear plant.,marriage tough second explode catastrophically make want come home job nuclear plant
Wow. Wow. This is the most delicious analogy I've ever eaten. I need to share this insight with Marge. Put this in your finest Styrofoam!,wow wow delicious analogy eat need share insight marge fine styrofoam
"For reasons I forgot in the car, this sushi represents our marriage. But what I know for sure, is that I want to share it with you.",reason forget car sushi represent marriage know sure want share
"Moe, can you think of a way to please a woman that starts with ""f""?",moe think way woman start f
"Listen pal, this may sound kinda kinky, but I would like to, uh, please my wife.",listen pal sound kinda kinky like uh wife
Oh Marge! Come to the ga-rage! You know it'll be good 'cause I'm saying it in a sing-song fash-ion!,oh marge come ga rage know good say sing song fash ion
I don't know. It's just that you always say we should try new things. But I thought snuggle clamps just might rekindle...,know try new thing think snuggle clamp rekindle
"Probably one of Bart's dirty friends! Boy, why are your friends so dirty?",probably bart dirty friend boy friend dirty
"Padre, can I be honest with you? I've sucked every church book ribbon there is hoping to find one made of cherry. But there isn't.",padre honest suck church book ribbon hope find cherry
Deacon? Is that like one of those weird Catholic Priest things?,deacon like weird catholic priest thing
"Well I'm not one for taking new jobs on a whim. But as we say in the snow plow business, ""I'm your astronaut""!",take new job whim snow plow business astronaut
Lost sheep! Yes! Sis boom bah!,lose sheep yes sis boom bah
Church bulletin? Church bulletin? Find out in whose loving memory this week's service is. The answer may shock you.,church bulletin church bulletin find love memory week service answer shock
"Now, for the record, I hated the building, the people in it and the spirit it represented. I never hated the church itself. And now, finally, I believe in something bigger than myself.",record hate building people spirit represent hate church finally believe big
DAY BY DAY... DAY BY DAY... THE DEACON'S JOB... IS PRETTY OKAY... PRETTY OKAAAY... I'M GOING TO BE A DEACON... DAY BY DAY... I'M ALREADY A DEACON... DAY BY DAY...,day day day day deacon job pretty okay pretty okaaay go deacon day day deacon day day
"Son, I'd love to, but... I'm a deacon now. My butt's place is in my pants.",son love deacon butt place pant
"Calm yourselves! In times like this, there's one almighty being we can put our faith in... Reverend Hooper.",calm time like almighty faith reverend hooper
"Marge, you're deleting the two thousand nine Oscar Red Carpet! There were some awesome dresses! And quite a few dis-as-ters.",marge delete thousand oscar red carpet awesome dress di ter
"Well, I can't part with a single one of my ""Hoarders""! Hands off my episodes of ""Episodes,"" and if you delete ""Revenge""...",single hoarders hand episode episode delete revenge
...so I stayed up for the last eighty-seven hours watching all my shows.,stay eighty seven hour watch show
Too on the nose. I REALLY NEED TO LEARN / 'CAUSE WE'RE LIVING IN A WORLD OF FOOLS...,nose need learn cause live world fools
What the--? Change the channel? But I'm watching soft-core tennis!,change channel watch soft core tennis
"Guys, this science exhibit that told me how stupid it is to play the lottery.",guy science exhibit tell stupid play lottery
"The power of friendship is so amazing, I don't feel at all suspicious of Carl.",power friendship amazing feel suspicious carl
"Guys, I think we might need a new song. FOUR BEST FRIENDS WHO NE-VER QUAR-REL",guy think need new song best friends ne ver quar rel
"Come on, you know how dudes are. We don't go digging into the past. We talk about guy stuff.",come know dude dig past talk guy stuff
Wait a minute! Something's reflected in the lenses of Carl's sunglasses!,wait minute reflect lense carl sunglass
Fifty bucks per bag? I guess I'm only bringing one guitar on this revenge trip.,buck bag guess bring guitar revenge trip
Baby... I'm going for us. That money is gonna dig us a swimming pool that'll take our broken family and make it whole.,baby go money go to dig swimming pool broken family
"Guys, do you think Carl was right? What if we're not real friends? Maybe we are just lonely guys who do... guy stuff...",guy think carl right real friend maybe lonely guy guy stuff
Carl spent all our money on this stupid page from a stupid saga.,carl spend money stupid page stupid saga
Yieg err meth frau-baii-rr-a hoo-g-minn-d.,yieg err meth frau baii rr hoo g minn
"And when he brings a six-pack to my house, he doesn't take the extras home with him. Carl Carlson leaves them in the fridge.",bring pack house extras home carl carlson leave fridge
"Aww... thanks, Flanders. Gotta warn ya, he doesn't talk much.",aww thank flanders get to warn ya talk
"But first, m'lady, let me escort you to Heaven -- the fancy Swiss chocolate store on level three!",let escort heaven fancy swiss chocolate store level
"Yep, we've got something money can't buy - love on a train. And I promise each anniversary will be better and better...",yep get money buy love train promise anniversary well well
"Yeah, just like we did with Bart. Anyway, this year I'm gonna recreate our magical first anniversary, ending with a romantic ride on that...",yeah like bart year go to recreate magical anniversary end romantic ride
"Kids, I've only had three great ideas: marrying your mother, using a hot dog as a straw, and this romantic train ride anniversary. Sir, I need this train!",kid great idea marry mother hot dog straw romantic train ride anniversary sir need train
She won't see it like this. I'll make this train look as beautiful as it did when this mall was young.,will like train look beautiful mall young
"Marge, I am focused on this like a laser. ""Laser."" That's a funny word. It's just ""loser"" with an ""a."" And speaking of losers, I've lost my train of thought. Oh, and speaking of trains, wait till you see--",marge focus like laser laser funny word loser speak loser lose train thought oh speak train wait till
"Oh, uh, I'd better take this. Y'see, Moe's been depressed and needs to hear a friendly voice. Why the hell are you calling me at home, you moron?!",oh uh well moe depressed need hear friendly voice hell call home moron
"You guys are the best. I just want you to know when I'm holding Marge in my arms tonight, I'll be thinking of all of you.",guy good want know hold marge arm tonight think
I lost my cleaning stick in my belly fat. But I found a kitten.,lose cleaning stick belly fat find kitten
BUT WHEN MARGE WENT BOO HOO / I WAS BUILDING A CHOO-CHOO...,marge go boo hoo build choo choo
"MORE FREE STUFF, MORE FREE STUFF, MORE FREE STUFF, MORE FREE STUFF...",free stuff free stuff free stuff free stuff
"MORE FREE STUFF, MORE FREE STUFF, MORE FREE STUFF...",free stuff free stuff free stuff
"I overslept, lost my cell phone, missed my flight.",overslept lose cell phone miss flight
All the payphones at the airport were replaced by self-serve yogurt. I had all the cookie dough toppings a man could want.,payphone airport replace self serve yogurt cookie dough topping man want
"I'll just enjoy these green beans with slivered almonds. Mmm, so slivered.",enjoy green bean sliver almond mmm sliver
"Marge, I changed in Boise. I'm not sure a man who eats right and doesn't drink can be good in bed.",marge change boise sure man eat right drink good bed
"If you are a cat, prove it. Do you hate Mondays like Garfield?",cat prove hate monday like garfield
"I missed my flight so I got in a van...with some eco-friendly activists. They wanted gas, grass or ass and brother, I had the ass.",miss flight get van eco friendly activist want gas grass ass brother ass
They taught me something I found shocking: pigs aren't happy to be made into pork chops. This t-shirt lied to me!,teach find shocking pig happy pork chop t shirt lie
"Lisa, I've never prayed to a city in my life, and if I did, it would be Hershey, Pennsylvania. I was kneeling on the Affirmation Rug they gave me.",lisa pray city life hershey pennsylvania kneel affirmation rug give
"Anyhoo, this canister is full of spoiled milk and utility-grade chicken.",anyhoo canister spoiled milk utility grade chicken
"Hey, hey, it's not what you think, Lou. Lou! Lou! Lou! Lu-lu-lu-lu-lu-lu-lu-lu!",hey hey think lou lou lou lou lu lu lu lu lu lu lu lu
"Marge! Get away from those freaks! You belong to me! The dumb, hairless brute!",marge away freak belong dumb hairless brute
"Marge, they knew what they were getting into when their parents sold them to the circus.",marge know get parent sell circus
With an emerald that big I could buy anything -- a jalopy! An icebox! A steamer trunk full of fedoras! But how do I get my hands on it?,emerald big buy jalopy icebox steam trunk fedora hand
"I'm an idiot! Of course! I get Marge to marry Moe, then I kill Moe, then she gets the ring, then I marry her, and the ring is mine. And the brilliance of my plan is its simplicity!",idiot course marge marry moe kill moe get ring marry ring brilliance plan simplicity
"Dear, I am not the jealous type. And from you, I have learned to feel compassion for these disgustos.",dear jealous type learn feel compassion disgusto
"Those are strange things to say, but a wedding is no place to worry about threats from the bride's former lover. Now, the toast...",strange thing wedding place worry threat bride lover toast
"Trying to kill Moe so we'll get his emerald. By the way, I haven't checked, but emeralds are valuable, right?",try kill moe emerald way check emerald valuable right
"Strong man, Moe may be ugly on the outside, but inside, you are the true monster. Leave my trailer forever!",strong man moe ugly outside inside true monster leave trailer forever
"You killed Burnsum? Now who is gonna say ""Step right up""?",kill burnsum go to step right
"Um... it says I should give you ""lumbar support."" Better go to the lumberyard...",um say lumbar support well lumberyard
"Marge, if you don't mind, I'm gonna quit complaining about my life and start wallowing in the past.",marge mind go to quit complain life start wallow past
"Yeah, well listen, pal. I have my treasure: my wife and my children.",yeah listen pal treasure wife child
"Well, we've gotta do it! I never leave a job unfinished. It's as true now as that week I worked on the high school yearbook. So much infighting. I had to get outta there!",get to leave job unfinishe true week work high school yearbook infighting outta
"No matter what, Homer Simpson has done it. And soon I hope I remember who Homer Simpson is and his relationship to me. But I have no regrets. In fact, all this has given me a sense of calm I've never had before.",matter homer simpson soon hope remember homer simpson relationship regret fact give sense calm
Oh yeah. Great. Um... Do I drop you at the curb or do I have to park and walk you in?,oh yeah great um drop curb park walk
"Everything will be fine... um... Oh you, uh, you like movies? This reminds me of that scene in ""Alien.""",fine um oh uh like movie remind scene alien
"For unto you is born this day, in this elevator, inspected in August 2009, a baby.",unto bear day elevator inspect august baby
"Oh, yes, I am shopping for Maggie, our baby together, so this looks perfectly innocent.",oh yes shop maggie baby look perfectly innocent
"Goodbye, Homer Junior. I guess you're the man of the house now. And never forget, even though the mortgage is due on the first you can usually wait till the seventeenth.",goodbye homer junior guess man house forget mortgage usually wait till seventeenth
Exactly. You always said charity begins at home -- but not which home.,exactly say charity begin home home
"SLEEP, SLEEP SLEEP SLEEP / SLEEP SLEEP / SLEEP, SLEEP SLEEP SLEEP SLEEP SLEEP!",sleep sleep sleep sleep sleep sleep sleep sleep sleep sleep sleep sleep
"No. I'm exhausted from ""Head, Shoulders, Knees and Toes. Knees and toes."" It's the ""toes"" that get ya, Marge. It's the toes...",exhausted head shoulders knees toe knee toe toe ya marge toe
"Way ahead of you, Marge. I am taking all four of my kids to the zoo tomorrow.",way ahead marge take kid zoo tomorrow
"I wanted you all to be happy together, so I brought you to the zoo where all the animals live in harmony.",want happy bring zoo animal live harmony
"Hey, oh oh oh! Now Maggie, we don't hurt each other in this family.",hey oh oh oh maggie hurt family
"Okay, I know what'll cheer you kids up. Seeing me out-monkey the monkeys.",okay know cheer kid see monkey monkey
"I'm sorry, Homer Junior. You'll occupy an idealized place in my heart that no one can never quite fill.",sorry homer junior occupy idealized place heart fill
"Okay, I've got to impart all my fatherly advice in this one walk. The sky is blue, but no one really knows why. Don't believe what they tell you. Girls are great and terrible at the same time. Get used to it. And, most importantly-- Oops, we're here. You'll have to figure it out on your own.",okay get impart fatherly advice walk sky blue know believe tell girl great terrible time oops figure
"Sorry, little fella. One day I'll be that guy who comes to your wedding, makes you feel a little weird, and then runs away.",sorry little fella day guy come wedding make feel little weird run away
"Hi Maggie, if you could talk, I know you'd have a few choice words for me.",hi maggie talk know choice word
"Hey, what's this marching band have to do with Homer Junior? What? There were cheerleaders in our house? And nobody told me?",hey march band homer junior cheerleader house tell
"All right, eighties party! Where's the beef? Tear down that wall! Because I think the beef is behind that wall!",right eighty party beef tear wall think beef wall
"Now get up here, boy! We're gonna do the Super Bowl Shuffle.",boy go to super bowl shuffle
Fine. You're Mike Singletary. Enjoy your mediocre coaching career.,fine mike singletary enjoy mediocre coaching career
MY NAME IS HOMER / I'M A REAL FULL BACK / GONNA RUN THAT BALL / DON'T WANT NO FLACK...,homer real gonna run ball want flack
"Hello, boy. At times like this there's not much you can say... especially if you don't know what happened...",hello boy time like especially know happen
"Well, I'm sure our town's police force will handle this competently.",sure town police force handle competently
Well if you change your mind it'll be in my freezer. But only for a week. Got a lot of ice cream comin' in.,change mind freezer week got lot ice cream comin
"Now, I'm afraid it's time to start your new life. You'll be hunted... on the run... searching for the man who killed your mother, which is you. So avoid mirrors.",afraid time start new life hunt run search man kill mother avoid mirror
"Oh good. Marge remarried after I died. Wait a minute, I'm not dead. What's goin' on?",oh good marge remarried die wait minute dead
"What the-- ""The Simpson Bed and Breakfast?"" I always wanted to stay in a place like this!",simpson bed breakfast want stay place like
"That's great, sweetie. After all that time and hard work, I'll have... radishes?! It's the most hated part of salad, which is the most hated part of dinner! Radishes. Nothing but radishes.",great sweetie time hard work radish hated salad hate dinner radish radish
"They're talking about the movie! Hurry up, you idiot! No, no, don't stop! I'm sorry I got mad. I'll do that thing you like.",talk movie hurry idiot stop sorry get mad thing like
AMAZING GRACE / HOW LOUD I SING / TO DROWN THE SPOILERS OUT... shut up. Shut up. Shut up!,amazing grace loud sing drown spoiler shut shut shut
"Okay, I've gotta go see the Radioactive Man movie before it gets totally ruined for me.",okay get to radioactive man movie get totally ruin
Emily-Beth? We can't afford Emily-Beth! She brings her own puppets!,emily beth afford emily beth bring puppet
"Two adults, two kids, and one senior with the mind of a baby so he should be free.",adult kid senior mind baby free
"Hey... they tricked us! That's a commercial! If I wanted to pay for commercials I can't skip, I'd sign up for Hulu Plus!",hey trick commercial want pay commercial skip sign hulu plus
"Guys, guys, I saw the Radioactive Man movie! Here's my ten favorite scenes from worst to best -- number ten: when what's his name did that stuff with those dudes. Number nine--",guy guy see radioactive man movie favorite scene worst good number stuff dude number
Theaters? All I need to see this movie is a laptop and a website based in a country that's really just an offshore oil platform. Care to join me?,theater need movie laptop website base country offshore oil platform care join
"Gentlemen, I am inspired to create a theater for the people -- an experience free of all the nuisances and gouging of modern day movie-going!",gentleman inspire create theater people experience free nuisance gouging modern day movie go
"Welcome to ""Cinema Pirate-diso."" Tonight's movie is ""Life is Funny,"" directed by Judd Apatow. It's based on his life, starring his family, and adlibbed by his friends. So for the next three and a half hours, enjoy!",welcome cinema pirate diso tonight movie life funny direct judd apatow base life star family adlibbed friend half hour enjoy
"Let me? Uh, sweetheart, I downloaded it off the internet... illegally.",let uh sweetheart download internet illegally
Why should a regular guy like me have to spend fifteen bucks a ticket so studios can pay huge salaries to the Air Buds and Ray Liottas of the world?,regular guy like spend buck ticket studio pay huge salary air buds ray liottas world
"I now present, direct from the computer of an angry editor at a special effects house, ""Cosmic Wars Episode Seven"".",present direct computer angry editor special effect house cosmic wars episode seven
"Yeah, and why don't they make a sequel to ""Taken"" where the ""Hangover"" guys get taken and the only ones that can rescue them is ""Fast and Furious.""",yeah sequel take hangover guy take one rescue fast furious
"Have you forgotten what you promised at our wedding -- to love and cherish, to aid and abet?",forget promise wedding love cherish aid abet
"You know what, Judge Apatow... I do have something to say. These movie people may say I'm a pirate. But I'm just a man. A man who loved Hollywood too much. So I made my own rules, and fought the big guys who tried to destroy my way of life.",know judge apatow movie people pirate man man love hollywood rule fight big guy try destroy way life
At first my wife didn't believe in me. Maybe we forgot why we fell in love in the first place.,wife believe maybe forget fall love place
"But when times seemed darkest, one minute ago, she was there, and gave me the strength and courage to fight for what I believe in.",time darkest minute ago give strength courage fight believe
"Oh that's Hollywood fantasy. We live in the real world, where I have something called ""prof-it par-ti-ci-pa-tion"".",oh hollywood fantasy live real world call prof par ti ci pa tion
Now all of you go see my movie in the theater the day it opens! No bargain matinees!,movie theater day open bargain matinee
Homer in the movie wears Ask Body Spray and so should you. Don't ask! Do smell!,homer movie wear ask body spray ask smell
Up bup bup bup bup! What have we learned about not blindly supporting our husband?,bup bup bup bup learn blindly support husband
"And miss the back half of Jimmy Kimmel? That's when he experiments, boy.",miss half jimmy kimmel experiment boy
Marge and I get along perfect. We're like George Burns and John Denver.,marge perfect like george burns john denver
I will help you. As long as our bellies never touch again like they are right now.,help long belly touch like right
Aka ni taishte burei da! Yogore o yaburu!,aka ni taishte burei da yogore o yaburu
"We've talked about this, Marge. The hammock is a chore-free zone.",talk marge hammock chore free zone
"Okay, she moved in with her boyfriend. Well, he's not a boy. He's immature, but fat and old.",okay move boyfriend boy immature fat old
Why didn't I stop with the snake wine? Why did I drink the fish wine?,stop snake wine drink fish wine
GLOWING RODS / GLOWING RODS / IT'S MAKING ME / WEAK AND DIZZY...,glow rod glow rod make weak dizzy
"I'll let you try them on, right after I decide if these videos are ""Funny Or Die"". Funny, funny, die, die, funny, funny but the guy died...",let try right decide video funny die funny funny die die funny funny guy die
"Now, a simple Sunday drive will reveal the hidden wonders of our hometown!",simple sunday drive reveal hidden wonder hometown
"Springfield City Hall was built for the Spencer Tracy movie ""Meet Me At City Hall"". It was just a flat wall with nothing behind it for thirty years...",springfield city hall build spencer tracy movie meet city hall flat wall thirty year
"Solitaire, top hats on eBay, Angry Birds fan fiction...guy doing really easy crossword puzzle...Lenny doing Carl's clown makeup.",solitaire hat ebay angry birds fan fiction guy easy crossword puzzle lenny carl clown makeup
"Awww... Wait a minute... since Marge is wearing my glasses, I can see everything she sees. Uh-uh, I shouldn't watch this.",awww wait minute marge wear glass see uh uh watch
Wait a minute. Marge said we were out of ice cream.,wait minute marge say ice cream
"Well, who knew you were such a rebel? Now, let's learn more about my wife's secret life. Secrets which can only be good.",know rebel let learn wife secret life secret good
"Marmaduke was horrible today! Also, Marge is in therapy and she didn't even tell me!",marmaduke horrible today marge therapy tell
"Spied on her with a hidden camera. She thinks I'm selfish, she thinks I don't spend enough time with the kids...",spy hidden camera think selfish think spend time kid
I guess the only choice is to come clean and tell her what I know... and how I know.,guess choice come clean tell know know
Oh my God... Marge needs this. It lights her way through the dark path of marriage to me.,oh god marge need light way dark path marriage
"Okay, Marge. But first, well, I have something I need to tell you. Something I did you might be mad about, and rightly so.",okay marge need tell mad rightly
"Sorry son, I only have twenties. And if God needs money, why doesn't he just write another Bible? The first one sold pretty well.",sorry son twenty god need money write bible sell pretty
"Where's my money? Do you have my money? Where is it? You know, if you had the money, I'm right here. Do you have the money?",money money know money right money
"Hey, you've said it twice, Marge. You're in pretty deep.",hey say twice marge pretty deep
"Oh, I know what that means. There comes a time when a boy sneaks his first beer. Finally! I was beginning to think that kid was a teetotaler.",oh know mean come time boy sneak beer finally begin think kid teetotaler
It's even better than I thought... you've found your Moe Szyslak! In just a few short years you'll be getting your version of baked on your version of pot listening to your version of Journey.,well think find moe szyslak short year get version baked version pot listen version journey
"I'm eating the food of the future. Beep, boop. What is... love? Boop, beep, boop.",eat food future beep boop love boop beep boop
"Marge, teens can't control their urges. It's why there's never been a teenage President.",marge teen control urge teenage president
"No. I'm saying you're wasting everyone's time. But it's a church thing, so that's a given.",say waste time church thing give
"Honey, Grampa is the closest thing I have to a father and I love him. But three octogenocerouses?",honey grampa close thing father love octogenocerouse
Speak for yourself. Glug-glug-glug. Chomp-chomp-chomp. Beeeeep. My lifestyle is my retirement plan.,speak glug glug glug chomp chomp chomp beeeeep lifestyle retirement plan
You won't feel so bolloxed once my social security checks start coming.,will feel bolloxed social security check start come
Oh my God! I know that kid! We've gotta help him!,oh god know kid get to help
"The kid-parent contract -- unenforceable, yet you feel like you didn't completely cave.",kid parent contract unenforceable feel like completely cave
"Yeah, these seem great. Oh, too bad someone used cello rosin.",yeah great oh bad cello rosin
"Split it? Whoa. Whoa, whoa, whoa, whoa, whoa, whoa, whoa, whoa, whoa...",split whoa whoa whoa whoa whoa whoa whoa whoa whoa whoa
"Whoa, whoa, whoa, whoa, whoa, whoa...",whoa whoa whoa whoa whoa whoa
"Whoa, whoa, whoa, whoa, whoa, whoa, whoa, whoa... split it with them?",whoa whoa whoa whoa whoa whoa whoa whoa split
"Are they, Marge? If you think about it, aren't they really just the parents of a kid who happens to hang out with our kid?",marge think parent kid happen hang kid
"I would feel: A). Happy for their good fortune, B). Proud to know rich people, and C). Grateful for an opportunity to learn from a mistake.",feel happy good fortune b proud know rich people c grateful opportunity learn mistake
"Okay Milhouse, the guys in back are putting your new bike together.",okay milhouse guy put new bike
"We were gonna treat you to dinner at an upscale chain restaurant and never explain why, but now forget it!",go to treat dinner upscale chain restaurant explain forget
"I don't know whose this is. I found it next to the cash machine, and I've always kept it. Look at the balance.",know find cash machine keep look balance
"Yeah, yeah, yeah. Just remember, if your mother asks, I took you to a wine tasting.",yeah yeah yeah remember mother ask take wine tasting
"Oh, great. The painting is worthless...this was all for nothing. And when Marge finds out she's gonna kill me.",oh great painting worthless marge find go to kill
'CAUSE I'M A GRADE SCHOOL HERO / LISA NEVER LIES / I'M A GRADE SCHOOL HERO / AND HEROES NEVER DIE / JUST ONE GUITAR! SLUNG WAY DOWN LOW / YEAH ONE GUITAR! / WHERE DID MY LAWNMOWER GO?!,cause grade school hero lisa lie grade school hero hero die guitar slung way low yeah guitar lawnmower
"""Congratulations on your purchase of a FootMaster brand soccer ball."" Thanks, book!",congratulation purchase footmaster brand soccer ball thank book
I believe the sweet little girl in twenty-one D would disagree with you.,believe sweet little girl d disagree
"Ah, Brazil. I couldn't stay afraid of you forever. The only thing that keeps me from living here is that fish that swims up your pee stream. That is a deal breaker.",ah brazil stay afraid forever thing keep live fish swim pee stream deal breaker
Thanks. I still can't believe the yellow and red cards don't stand for mustard and ketchup.,thank believe yellow red card stand mustard ketchup
"Give the donuts to the hotel staff. Release the pig, and the bowling ball, into the wild.",donut hotel staff release pig bowling ball wild
Yes. But knowing that Lisa chose me as her hero... without ever considering any other hero... keeps me strong.,yes know lisa choose hero consider hero keep strong
To drink until there's no pain left in my soul. But first I'm gonna eat off someone else's room service tray that was left in the hall!,drink pain leave soul go to eat room service tray leave hall
Um... maybe some easy-listening music will make you feel better about the story. Turn on eighty-nine point nine.,um maybe easy listen music feel well story turn eighty point
"Am I gonna die on a playground, like some uncoordinated child?",go to die playground like uncoordinated child
Competitive eater? Did I hear right? I could be a competitive eater?,competitive eater hear right competitive eater
Then that makes me the Jackie Robinson of the sport. And you are the racist Philadelphia manager!,make jackie robinson sport racist philadelphia manager
Eight hundred dollars to cut me outta that slide? It's all about the money with those firemen.,dollar cut outta slide money fireman
Wait. Let me get this straight. Sit and eat? That's my punishment?,wait let straight sit eat punishment
"Oh, I can fake attentive. I've been watching a football game this whole discussion.",oh fake attentive watch football game discussion
"...so Marge says I gotta ""ask Lisa on a date.""",marge say get to ask lisa date
"Yes, well it's a special evening. And I thought it best not to look like a monkey.",yes special evening think well look like monkey
"Don't worry. I won't embarrass you. I will put my napkin in my lap. I will use the utensils provided for me. And if our food is slow in coming I will ""blow my stack"" in a manner befitting the Earl of Yarborough.",worry will embarrass napkin lap use utensil provide food slow come blow stack manner befit earl yarborough
"Uh, yeah, help me out here. What is the ""normal amount"" of entrees per person?",uh yeah help normal entree person
"Oh, uh. Vegetarian. Can the red sauce be cow blood?",oh uh vegetarian red sauce cow blood
"Oh, right. I mean, this looks like a dress from a local Springfield store. All is forgiven. Let's have dinner.",oh right mean look like dress local springfield store forgive let dinner
"Marge is right. I'm gonna walk upstairs, take her in my arms and tell her my good health starts now.",marge right go to walk upstairs arm tell good health start
"Yeah, I can die all I want -- Frink's got Homers like the Tuileries has park benches. Huh? Wonder where I picked that up.",yeah die want frink get homers like tuileries park bench huh wonder pick
"Bonk! Bonk! Bonk! Ooh, corner! Ba-donk!",bonk bonk bonk ooh corner ba donk
"Hey kids, wanna chase Grandpa Homer around the house?",hey kid wanna chase grandpa homer house
"Uh, Marge? 'Scuse me. Uh, I think I need a reboot.",uh marge scuse uh think need reboot
Just stick the tip of your pen in that little hole and hold it for fifteen minutes...,stick tip pen little hole hold minute
"Do you know how embarrassed I was to get a call, at my arraignment, for my behavior during the pub crawl, because of a voodoo curse my son placed on his art teacher?",know embarrassed arraignment behavior pub crawl voodoo curse son place art teacher
"Hey, I created three kids, and no one's making a big deal of that.",hey create kid make big deal
"Thanks, Moe, I... huh. Must've left my wallet at home.",thank moe huh leave wallet home
"Well boy, if there was ever a good time for you to find out where babies come from, in the grossest way possible, with your life on the line, this is it.",boy good time find baby come gross way possible life line
"Huh? Maybe you're right, boy. It's time I was a better father. And I'll start by saving us. I just need to facilitate some horse intercourse.",huh maybe right boy time well father start save need facilitate horse intercourse
"Hey, you know, I don't think this guy likes girls.",hey know think guy like girl
"Hey, I know that horse! It's Sudsley! Sudsley Brew-Right!",hey know horse sudsley sudsley brew right
Beer transformed that cute little boy into the man you see before you.,beer transform cute little boy man
"Walking distance, Marge. I've been looking forward to this all week!",walk distance marge look forward week
It might be easier with Maggie. She's always getting letters from the Daycare center.,easy maggie get letter daycare center
"Well, Lisa's going to be here in five minutes, and the only kid who showed up is Gus Frickin' Huebner!",lisa go minute kid show gus frickin huebner
"Oh God, oh God, I'm the smart parent.",oh god oh god smart parent
"Don't worry, Marge. As a favor to you, I'm enrolling that precious little jerk in this fresh air summer camp.",worry marge favor enrol precious little jerk fresh air summer camp
"Marge, when you're broke, that's when you've got to keep up appearances. The Fourth of July is the one day a year when our city puts on her high heels and tube top, and leans into America's car window. God bless her.",marge break get appearance fourth july day year city put high heel tube lean america car window god bless
"If the Expendables movies have taught us anything, it's that people do their best work after they're old and forgotten.",expendable movie teach people good work old forget
I thought we installed parental blocking software on all our computers.,think instal parental blocking software computer
I told you to clean your room and instead you're watching chest videos! Look at all those bowls of half-eaten cereal!,tell clean room instead watch chest video look bowl half eat cereal
We're not similar. I love being told what to do by someone who's wise in the ways of the world! Love it!,similar love tell wise way world love
You poor woman. Dealing with Bart has turned your mind to ketchup water. You rest. I'll be the boy's father now.,poor woman deal bart turn mind ketchup water rest boy father
Milk. That's for babies and old guys who can't sleep at night because of what they did in the war. Broccoli.,milk baby old guy sleep night war broccoli
You are not leaving this table until you eat that broccoli. And I'm going to sit right here until you do.,leave table eat broccoli go sit right
Today's our draft! I've got to pick a good fantasy team! When I lost last year they made me do something so humiliating...,today draft get pick good fantasy team lose year humiliating
"Marge, I want you, my wife, to draft my fantasy football team.",marge want wife draft fantasy football team
I can get another job! Who wouldn't want to hire a man who won't back down? I could be a prison warden or a southern anything.,job want hire man will prison warden southern
Relation Ship. It works two ways. Pretty good. Pret-ty good.,relation ship work way pretty good pret ty good
I'm the lame ass? The only lame ass on this boat is you and all the other lame asses.,lame ass lame ass boat lame ass
"Wait a minute... windswept hair, rugged tan, rough, calloused hands. You're enjoying this, aren't you?",wait minute windswept hair rugged tan rough calloused hand enjoy
You're my son and you will hate what I hate. Angled parking. Lemons. Kickstarters by famous guys who already have lots of money. And this boat!,son hate hate angle parking lemon kickstarter famous guy lot money boat
Fantasy football has turned every man in this town into a trash-talking monster!,fantasy football turn man town trash talk monster
WAY HEAL AWAY! / WE'LL HEAL AWAY JOE!,way heal away heal away joe
Turn right here. I keep this frozen meat in case society collapses but we still have power.,turn right frozen meat case society collapse power
"Oh Marge, once again you've taken one of my screw-ups and turned it into food. Man, if only you could do that with Bart.",oh marge take screw up turn food man bart
"I love you, Marjorie. And I've had my share of failures, sure. And sometimes I get pretty nervous. But thanks for talking it out with me. I think I can finally get to sleep now.",love marjorie share failure sure pretty nervous thank talk think finally sleep
"Uh, Mr. Burns, I'd like you to meet... Mother Hubbard standee.",uh burns like meet mother hubbard standee
"I'll say it, Marge, it's in Hell! The Inferno! Perdition! Arizona without the golf!",marge hell inferno perdition arizona golf
"Bart, you went to Hell and came back a winner, like Jesus. Now come on, boy! Pull me apart like string cheese.",bart go hell come winner like jesus come boy pull apart like string cheese
"Ooh Marge, that was fast. Yeah, that's it, baby. Grab my chest with your cold icy hands.",ooh marge fast yeah baby grab chest cold icy hand
The bed is lifting me! The elevator at work can't even do that! I demand you put me down right after the sex!,bed lift elevator work demand right sex
Hey... but today's not Pork Chop Tuesday... or Gravy Thursday.,hey today pork chop tuesday gravy thursday
"No, Marge... no! You can't invite a couple of Riddlers to stay in the Bat Cave!",marge invite couple riddler stay bat cave
And all those new workers are gonna want to spend their earnings buying what you're selling: beer.,new worker go to want spend earning buy sell beer
"Because I've never gotten a promotion before. Once I thought I had, but it turned out to be a beautifully-worded firing. So judge me all you want.",get promotion think turn beautifully word firing judge want
Everyone who signs over their mineral rights to Mr. Burns gets five thousand dollars!,sign mineral right burns get thousand dollar
"Well, I'm no Carl when it comes to this stuff. But I ain't no Lenny neither. And I would say... no matter how much you try to keep things casual, someone always gets hurt.",carl come stuff be lenny matter try thing casual get hurt
"Oh yeah, great. Great, Marge. Great work. Thanks to you, Springfield will never be a natural gas boom town. And like all boom towns it would have lasted forever.",oh yeah great great marge great work thank springfield natural gas boom town like boom town last forever
"Wait, Mr. Burns! I'm here to man up -- it was all my wife's fault! Sometimes I think she and I have nothing in common.",wait burns man wife fault think common
"Marge likes sushi, I like gum that squirts in your mouth. She's into romantic comedies, I like movies where there's only one day a year when murder is legal. Yep, Marge and I see the world in totally different ways.",marge like sushi like gum squirt mouth romantic comedy like movie day year murder legal yep marge world totally different way
"We'd better send the dog down. Come on. Here's your chance to protect us, boy. Come on.",well send dog come chance protect boy come
"Then you visit your friend's game, and he's got this awesome candy mansion...",visit friend game get awesome candy mansion
"Marge, please don't say anything. It never makes a difference and then the teachers give us stink-eye during the school fairs.",marge make difference teacher stink eye school fair
"Oh, Marge, I can't stand it when you cry at dinner. The pork chops look traumatized. The mashed potatoes can't stand watch. Even the children seem upset. So trust me, I will come through for you, baby.",oh marge stand cry dinner pork chop look traumatize mashed potato stand watch child upset trust come baby
"Look, I really need a campsite. My wife is making sandwiches!",look need campsite wife make sandwich
"Hello? Hello? This is Homer Simpson! 742 Evergreen Terrace, looking for a place for my kids and me! And my pretty, pretty wife!",hello hello homer simpson evergreen terrace look place kid pretty pretty wife
All camping is pointless. You drive hundreds of miles to shower and sleep in a place with no bathroom or beds. I guess what I'm trying to say is: where's Maggie?,camping pointless drive hundred mile shower sleep place bathroom bed guess try maggie
"Uh, listen here, Desert Arnaz. Homer Simpson knows how to pitch a tent.",uh listen desert arnaz homer simpson know pitch tent
I understand. I already signed up for this place next year. I Gave my form and two hundred dollars cash to that dude.,understand sign place year give form dollar cash dude
"Oh, I don't have what it takes to play guitar. I mean, I'm no Joe Walsh in the brains department.",oh take play guitar mean joe walsh brain department
"I feel a powerful connection to the history of famous bass players. Like what's his name from The Who. Or that guy from Led Zeppelin who wasn't Page, Plant or Bonham. Those are the only two I know for sure.",feel powerful connection history famous bass player like guy led zeppelin page plant bonham know sure
"Oh yeah, and you know what's the great thing is about music? It's so easy.",oh yeah know great thing music easy
I don't know guys. I'm not sure I'm feeling this. The bass is kind of known for being a solo instrument.,know guy sure feel bass kind known solo instrument
"Oh... yeah, Apu, I'm sure you're a great singer. But the balance of the band is really delicate right now, and we're not really looking for a ""world music"" vibe. No disrespect to world music. I love world music.",oh yeah apu sure great singer balance band delicate right look world music vibe disrespect world music love world music
"That sounds nothing like terrible, terrible world music.",sound like terrible terrible world music
We are more than just a garage band desperate to do anything other than hang out with our families. We are now a cover band. And we shall be called... Covercraft. Because we play covers and this is our craft.,garage band desperate hang family cover band shall call covercraft play cover craft
"Okay, this crowd is about to experience the special magic of the cover band -- the thrill of live music without the fear of hearing anything new.",okay crowd experience special magic cover band thrill live music fear hear new
"Buddy, buddy. Think of it this way: you're not singing in front of all those people, you're alone at the Kwik-E-Mart in the middle of the night. You just wear this on stage, and everything will be fine.",buddy buddy think way singe people kwik e mart middle night wear stage fine
"Well son, I do have the talent -- my mind is full of ideas for great songs I could write... down the names of and then cover. But then I remember: I'm just a regular guy, jamming with my buds.",son talent mind idea great song write name cover remember regular guy jam bud
Yep. It's all about the music... and it would take a pretty unforeseen development to change that. Pretty unforeseen...,yep music pretty unforeseen development change pretty unforeseen
I want his fame and fortune so much! Why must the Lords of Rock be so cruel?!,want fame fortune lords rock cruel
I'm not jealous. I'm envious. Jealousy is when you worry someone will take what you have. Envy is wanting what someone else has. What I feel is envy.,jealous envious jealousy worry envy want feel envy
"Phil Collins-era Genesis is not as good, huh? ""No Reply at All,"" ""Land of Confusion,"" ""Throwing it All Away,"" ""Illegal Alien,"" ""I Can't Dance,"" and I'm sure I don't need to mention... ""Invisible Touch!""",phil collins era genesis good huh reply land confusion throw away illegal alien dance sure need mention invisible touch
Yoko! Yoko! Yoko! Yoko! Yoko! All you Yokos are out of the band!,yoko yoko yoko yoko yoko yokos band
They're not juicy. My licks are dry. Dry and scratchy like a cat's tongue.,juicy lick dry dry scratchy like cat tongue
"Look at all this rock star dressing room stuff. What a sellout. Cheese plate -- oh, sorry, cubed cheese plate, lemon tea, probably for his throat...",look rock star dressing room stuff sellout cheese plate oh sorry cube cheese plate lemon tea probably throat
Let's see how he performs in front of all those people without his magic-people-performing-in-front-of shirt.,let perform people magic people perform shirt
"Marge, think about what you're saying. It's Sir Isaac Newton's birthday!",marge think say sir isaac newton birthday
Maybe Marge would forgive me if I won the lotto. Give me a scratcher.,maybe marge forgive win lotto scratcher
"Say Flanders, with all the hard luck you've had, how do you stay so happy? And don't say ""Jesus.""",flanders hard luck stay happy jesus
"Listen. Could I buy a left-handed uh... I don't know, eyelash curler?",listen buy left handed uh know eyelash curler
Because Jerk-ass Homer has become Ass-jerk Homer.,jerk ass homer ass jerk homer
This party's great. But all I wish is that I was drinking a beer with my kids right now.,party great wish drink beer kid right
"Oh Marge, you found me! You always find me. Now we just have to find your car in the mall parking lot.",oh marge find find find car mall parking lot
You have all taught me a Christmas message I'll never forget: the place to get drunk is at home.,teach christmas message forget place drunk home
"Don't worry, this time I'm gonna write down where I parked.",worry time go to write park
"Hey, Captain Squid! If you really want to be nice to us, how 'bout some snacks?",hey captain squid want nice snack
Look at all these knobs and buttons. They are clearly a superior race. But maybe that means they'll be nice to us.,look knob button clearly superior race maybe mean nice
Fondue? Welcome to a faculty dinner party in nineteen seventy-nine.,fondue welcome faculty dinner party nineteen seventy
"Sex mate? Clearly you've never been married. But it's great, I'm telling you.",sex mate clearly marry great tell
Oh who am I kidding? I couldn't enjoy calorie one without my family. I'm going back to save them.,oh kid enjoy calorie family go save
"And Marge, I've got this weird new feeling in my stomach. A little sour and a little sick.",marge get weird new feeling stomach little sour little sick
"No. Marge, if I lose my job in this economy, it's a death sentence. Oh, I guess, as a fallback, I could direct films like Angelina Jolie. How many properties do we have an option on?",marge lose job economy death sentence oh guess fallback direct film like angelina jolie property option
"Okay, Marge. We can go to the circus. Maybe I can finally find out why a man would think a stool is a proper defense against a lion.",okay marge circus maybe finally find man think stool proper defense lion
What kind of insane parking system is designed so you're blocked in by everyone that arrived after you?!,kind insane parking system design block arrive
"Look, can we get to the point? I'm stack parked. Did you hear me? Stack...",look point stack park hear stack
Hey! Ow! Ow! I thought you were my best friend! Ow! Ow!,hey ow ow think good friend ow ow
"'Cause if I'm sick, I get to stay home and make s'mores. All I need is graham crackers, chocolate, marshmallows, sticks, fire...",sick stay home need graham cracker chocolate marshmallow stick fire
"...did I say graham crackers?... chocolate, marshmallows, sticks, fire...",graham cracker chocolate marshmallow stick fire
"I'll eat in bed. Not just snacks, messy stuff like lasagna... Oh, and TV would be on. Loud.",eat bed snack messy stuff like lasagna oh tv loud
"Pff. Wife? Three kids? Steady job? If I did, I'd secretly be very sad. You could tell by how much I would eat and drink and just sit on the couch.",pff wife kid steady job secretly sad tell eat drink sit couch
DOO DOO DOO DOO DOO DOO DOO-DOO-DOO D-DOO-DOO / DOO DOO DOO D-DOO-DOO DOO-DOO-DOO D-DOO D-DOO-DOO D-DOO DOO D-DOO DOO,doo doo doo doo doo doo doo doo doo d doo doo doo doo doo d doo doo doo doo doo d doo d doo doo d doo doo d doo doo
- parked! I hate stack parking! Wait! Where am I? This isn't the circus! It's an amusement park! The furthest thing from a circus!,park hate stack parking wait circus amusement park furth thing circus
"Marge, sweetie, I'm not gonna lie. I must have tied one on at Moe's. If you have it in your heart, could you forgive me and totally blame my friends?",marge sweetie go to lie tie moe heart forgive totally blame friend
"You know, boy, I'm not sure I can strangle you anymore. I'm gonna try something new.",know boy sure strangle anymore go to try new
"Marge, an eagle is our country's mascot. Fighting him is like kicking George Washington in his wooden nuts!",marge eagle country mascot fight like kick george washington wooden nut
"Ha-ha! Stupid eagle! It wasn't the mouse we were after, it was you! Marge! Preheat the oven!",ha ha stupid eagle mouse marge preheat oven
"Okay. Bart, think of a name. Make it great. Insanely, unbelievably great!",okay bart think great insanely unbelievably great
"You're the guy who put wheels on luggage? Oh, bless you! Bless you!",guy wheel luggage oh bless bless
"""Ass, gas or grass, no one rides for free."" It's as old as the Bible.",ass gas grass ride free old bible
"Uh, I'd like to offer you something... but all I've got is coffee... with cream!",uh like offer get coffee cream
"Come on, I want cream! Give it up! cream and sugar are one thing too many!",come want cream cream sugar thing
"Wow. Wow. Between your genius and my nothing, we make a great team. Come on, give me a hug.",wow wow genius great team come hug
"I could say it's the being shot at or the flat, emotionless way you talk or the fact that PayPal was my idea and I was just about to do it when you came out with it... but really it's that this town isn't ready for you, and neither am I.",shoot flat emotionless way talk fact paypal idea come town ready
"Well, I've saved you one last prize from the Cracker Jack box that is my brain. Use it as you will.",save prize cracker jack box brain use
"Marge, kids! Tonight was a turning point in my life.",marge kid tonight turning point life
"No, Marge! You have to listen! That place you sent me to changed my life!",marge listen place send change life
"It's not what you think. His name is Albert and he taught me not to buy into the lies taught by ""big nutrition.""",think albert teach buy lie teach big nutrition
"Marge, you're my wife of ten years and I love you. But I must observe the teachings of this man I just met tonight. Now, the first thing I have to do is make amends... with the bathroom scale.",marge wife year love observe teaching man meet tonight thing amend bathroom scale
"Chubby, chunky, blobbo, slobbo, Fat Bastard, Michelin Man, Stay-puft, chumbawamba, It is balloon!, Papa GrandÃ©, Augustus Gloop, Beached Whale, Big Boned, Wisconsin Skinny, Butterball, Dumptruck, Jelly Belly, Pudgy Wudgy, Lard Ass, Blubberino, Buddha Belly, Hurry Eat Tubman, One Ton Soup, Blob Saget, Chub Hub, Calvin Cool Whip, Manfred Manboobs, 21 Lump Street, Walking Before Picture, Fatso, Harvey Milk Chocolate, Obese Want Cannoli, Mahatma Gumbo, Salvador Deli, Elmer Pantry, K.F.C. And The Sponge Cake Band, Snackie Onassis... The Foodie Blues, Hoagie Carmichael and Wide Load.",chubby chunky blobbo slobbo fat bastard michelin man stay puft chumbawamba balloon papa grandã augustus gloop beached whale big boned wisconsin skinny butterball dumptruck jelly belly pudgy wudgy lard ass blubberino buddha belly hurry eat tubman ton soup blob saget chub hub calvin cool whip manfred manboobs lump street walk picture fatso harvey milk chocolate obese want cannoli mahatma gumbo salvador deli elmer pantry sponge cake band snackie onassis foodie blues hoagie carmichael wide load
"Sorry, fellas. There's a movement I have to join. I've learned there's something more important than drinking: eating.",sorry fellas movement join learn important drink eat
"Marge, it's not your fault that you can't win against a superior being like Albert.",marge fault win superior like albert
"Marge, I believe you're forgetting America's greatest wartime wheelchair-bound leader: Professor X of the X-Men.",marge believe forget america great wartime wheelchair bind leader professor x x men
What Albert taught us is that all people have pride and no group should ever be insulted. He knew what was important was how you lived your life every day...till he was taken from us too soon at the age of...,albert teach people pride group insult know important live life day till take soon age
"And because you love me, I will not stop yo-yo dieting till I get it right.",love stop yo yo dieting till right
I'm not spending my precious Saturday chauffeuring those over-privileged kids to a better life than I ever had.,spend precious saturday chauffeur privileged kid well life
"Hey, Marge. I'm supposed to help drive the kids? Oh, man, I wish I knew that sooner, but I just had a beer.",hey marge suppose help drive kid oh man wish know soon beer
"Man, Moe's barely got two nickels to rub together.",man moe barely get nickel rub
"Marge, which can makes me look cooler? The Drizzler or Mr. Drip?",marge make look cool drizzler drip
'Cause boys are already on track to get all the good jobs. The Dirty Dozen? All guys. Twelve Angry Men? Men! The X-Men? Mostly men.,boy track good job dirty dozen guy angry men man x men man
"Oh, uh, I will turn this corn chip into a wonderful meal, using my greatest skill -- lunchroom trading. Shut your eyes.",oh uh turn corn chip wonderful meal great skill lunchroom trading shut eye
"Uh, just a second. Hey, Marge. Yeah, I'm workin' late. Yep, special project.",uh second hey marge yeah workin late yep special project
"Sorry, Marge. But I am the royal babysitter. If I start watching commoners, the tongues of the court will be awag!",sorry marge royal babysitter start watch commoner tongue court awag
"I see. You want excitement. Princess, have you ever heard of Studio Fifty-Four, C-B-G-Bs, the Roxbury?",want excitement princess hear studio c b g bs roxbury
All gone. But in their place we have five hundred channels of television. All awesome. Sit down and I'll show you.,go place channel television awesome sit
"Chief! Thank God! I was drinking at Moe's, and I lost an African princess!",chief thank god drink moe lose african princess
"Um, yeah, sure. Hello, this is the princess. I'm with Homer Simpson and I do declare he's wonderful. Oh, that's right, I'm from South Africa. Fiddle dee dee.",um yeah sure hello princess homer simpson declare wonderful oh right south africa fiddle dee dee
There was beer involved. I have two daughters. And I've learned you have to let them go their own way. Even the one-year-old.,beer involve daughter learn let way year old
"Oh, God gets your prayers, but he just clicks delete without reading them, like email updates from LinkedIn.",oh god get prayer click delete read like email update linkedin
"Marge? Some casino guys have me, and they want the money you took from them, or else.",marge casino guy want money take
"Just tell me one thing, Marge. Why did you lose faith in the revue? I mean, ""Cats and Dogs"" writes itself. CATS AND DOGS ON CAPITAL HILL / THEY DON'T GET ALONG AND NEVER WILL",tell thing marge lose faith revue mean cat dog write cat dogs capital hill
"CATS AND DOGS, SQUABBLE'S NEVER ENDING / EVEN WITH SO MUCH LEGISLATION PENDING!",cats dog squabble end legislation pending
"Well, I was taking a moment to enjoy my after dinner night cap...",take moment enjoy dinner night cap
"I don't get it. Football players can do the quarterback sneak, and baseball players can steal bases. Why can't I just remember which cards have been played?",football player quarterback sneak baseball player steal basis remember card play
"B-b-b-b-but the poncho. Hit the road, square.",b b b b poncho hit road square
"Marge, I need both hands for this game. Can you feed me nachos while I play?",marge need hand game feed nachos play
"With you, baby, Top Ramen tastes like Cup O' Noodles.",baby ramen taste like cup o noodles
I understand. We should follow the lead of today's celebrity role models.,understand follow lead today celebrity role model
"Oh baby, you deserve every last bit of it! I can get the money. But it'll mean swallowing my pride and working for my Dad...",oh baby deserve bit money mean swallow pride work dad
"Marge, what are you doing in this crazy college? This place is nothing like ""Animal House""! I smashed a beatnik's guitar and he sued me for damages! Successfully!",marge crazy college place like animal house smash beatnik guitar sue damage successfully
"I can't do it! Our harmony-laden R&B doesn't make sense in this cruel world. I'm taking our music to the next level: Guitar Rock Utilizing Nihilist Grunge Energies. Or, as I call it: GRUNGE.",harmony laden sense cruel world take music level guitar rock utilizing nihilist grunge energies grunge
KINGDOM OF NUMB / CLOSET OF HURT / FEELINGS ARE DUMB / KISSES ARE DIRT...,kingdom numb closet hurt feeling dumb kiss dirt
"Well if you feel that way, maybe you can find someone who wants to nurture the new you, maybe someone a little older and more sophisticated, who can take you to Europe during the summer.",feel way maybe find want nurture new maybe little old sophisticated europe summer
"Why aren't I happy? I'm the hottest grunge artist on Mucous Records, Weird Al is doing a parody of my song...",happy hot grunge artist mucous records weird al parody song
SPREAD YELLOW GUNK / ON MY PANCAKE HEART / COUNTRY-CHURNED GIRL / IN MY GROCERY CART,spread yellow gunk pancake heart country churned girl grocery cart
I PAID FOR HER DREAMS / SHE TAUGHT ME TO CRY / LIKE WATERY KNIVES / LIKE RAIN FROM MY EYES / I CAN'T BELIEVE YOU'RE NOT MINE / I CAN'T BELIEVE YOU'RE NOT MINE...,pay dreams taught cry like watery knives like rain eyes believe believe
MARGE-A-RINE / MARGE-A-RINE / MARGE-A-RINE / MARGE-A-RINE / MARGE-A-RINE...,marge rine marge rine marge rine marge rine marge rine
LITTLE HOMER HAD A DOG / AND BONGO WAS HIS NAME-O / B-O-ON-ON-GO / B-O-ON-ON-GO...,little homer dog bongo o b o b o
"Stay with me, Marge, and I promise we'll travel the world... and perhaps outer space.",stay marge promise travel world outer space
My fellow Wildcats... My name is Homer Simpson. There are many reasons why I... uh... I... I... You know what?,fellow wildcats homer simpson reason uh know
"Um... ""Webster's defines""... um... ""in the words of Ted Nugent""... ""school spirit""... ""next card""... ""the future""...",um webster define um word ted nugent school spirit card future
"""Color My World,"" ""Disco Sucks"" and Butthead the Goat.",color world disco sucks butthead goat
"Stupid kid. Steals my future. Well I'm going to...ice cream, with cookie dough?!",stupid kid steal future go ice cream cookie dough
"...""Thursday Night Football?!"" And the globe feels so warm -- I am in awe of the future!",thursday night football globe feel warm awe future
I've met some jive turkeys in the seventies but that turkey's the jivest.,meet jive turkey seventy turkey jiv
I've traveled through space and time to make Marge settle for me because she doesn't know better.,travel space time marge settle know well
Uh-oh. I don't understand a word he's saying. Why doesn't he just let me bat? I wish I was home with a big bag of potato chips... Mmm potato chips.,uh oh understand word say let bat wish home big bag potato chip mmm potato chip
"I thought this thing was going to be catered. Boy, am I hungry. I mean I'm really, really hungry.",think thing go cater boy hungry mean hungry
"Oh man, I've really got to go to the bathroom. Why did I have all that beer and coffee and watermelon?",oh man get bathroom beer coffee watermelon
"This is it, Homer. It's time to tell her the terrible secret from your past.",homer time tell terrible secret past
Think unsexy thoughts. Think unsexy thoughts! Think unsexy thoughts!,think unsexy thought think unsexy thought think unsexy thought
"Something was said: not good. What was it? ""Don't yell at Homer."" No, that's okay. What was it? ""Slow."" They called you ""slow!""",say good yell homer okay slow call slow
Think unsexy thoughts. Think unsexy thoughts! Think unsexy thoughts!,think unsexy thought think unsexy thought think unsexy thought
"I've worked here for ten years, and my boss doesn't even know my name? Well, that's gonna change right now. My name is Homer J. Simp--",work year boss know go to change right homer
Oh glory of glories! Oh heavenly testament to the eternal majesty of God's creation!,oh glory glory oh heavenly testament eternal majesty god creation
"When your wife looks at you, full of hope, with an idea that would destroy life as we know it...",wife look hope idea destroy life know
"Okay, Homer. This is the moment of truth. You've gotta tell Marge you really don't want another kid.",okay homer moment truth get to tell marge want kid
"Oh, right. That dad was there all along. Phew. That was so sweet! Maybe there's no such thing as too many kids.",oh right dad phew sweet maybe thing kid
"Homer Simpson! Do you really want to keep cheating your friends, lying to your wife, and avoiding your kids? What would Jesus do?",homer simpson want cheat friend lie wife avoid kid jesus
Marge thinks Flanders is annoying. This marriage just got interesting.,marge think flanders annoying marriage get interesting
"No cops in sight. If I'm gonna save that clerk, I'm gonna have to take the law into my own hands again.",cop sight go to save clerk go to law hand
"Lord, this is a dire emergency. If you could fix my house, or make a new house from one of my ribs...",lord dire emergency fix house new house rib
"Uh-oh! I'm gonna have to work on my marriage. Or, alternatively...",uh oh go to work marriage alternatively
"Oh man, what do I do? Wait -- the book Marge gave me!",oh man wait book marge give
"Okay, you're already eating it, but don't finish it. Okay, you finished it, but don't ask for--",okay eat finish okay finish ask
"Play it cool, Homer. Don't let her know it's perfect.",play cool homer let know perfect
"Wait... if I tell Marge I won, she'll know I was buying the ticket when I was supposed to be onstage with her. I'm rich and I can't even tell my own wife!",wait tell marge win know buy ticket suppose onstage rich tell wife
"She is flirting with me. Okay, Homer, let her down easy. Don't go breaking any hearts.",flirt okay homer let easy break heart
"You have regrets, Mr. ""I Get To See The Weathergirl From The Side?"" I made the worst financial decision of all time. Oh, I can't think about it, I won't think about it, I don't want to think about it...",regret weathergirl bad financial decision time oh think will think want think
"Hey, Norman. How's it going? So you got dragged down here, too... heh, heh. How ya doing, Fred? Excuse me, Fred.",hey norman go get drag heh heh ya fred excuse fred
"Okay, kids. Prepare to be dazzled. Marge! Turn on the juice!",okay kid prepare dazzle marge turn juice
Mm-hmm... Mmm-hmm... Mmm-hmm...,mm hmm mmm hmm mmm hmm
"Marge, Marge, Marge. Let's see. Oooh, look! Pantyhose. Practical and alluring. A six-pack... Oh! Only four ninety nine.",marge marge marge let oooh look pantyhose practical alluring pack oh ninety
"Oooh... pads of paper. I bet Bart can think of a million things to do with these. That just leaves little Maggie. Oh, look, a little squeak-toy. . It says it's for dogs, but she can't read...",oooh pad paper bet bart think million thing leave little maggie oh look little squeak toy say dog read
"Ah, son, you don't need all that junk. I'm sure you've already got something much more important, a decent home and a loving father who would do anything for you. Hey, I couldn't afford lunch. Gimme a bite of that donut.",ah son need junk sure get important decent home love father hey afford lunch gimme bite donut
"Ah, son. One day you're gonna know the satisfaction of payday. Receiving a big fat check for a job well done.",ah son day go to know satisfaction payday receive big fat check job
"Come on, Bart. Kiss the ticket for good luck, not that we need it. Heh-heh-heh.",come bart kiss ticket good luck need heh heh heh
"Come on, Bart, your mother's only trying to help. So go ahead and enjoy the show.",come bart mother try help ahead enjoy
"I'm just saying, why not have two geniuses in the family? Sort of a spare in case Bart's brain blows up.",say genius family sort spare case bart brain blow
"Tell you what: To celebrate your first day of genius school, whaddaya say we go out for a round of frosty chocolate milkshakes?",tell celebrate day genius school whaddaya round frosty chocolate milkshake
"Sorry, Bart. Your mother bought us tickets to a snooty movie directed by some Swedish meatball.",sorry bart mother buy ticket snooty movie direct swedish meatball
"Well, I bet it's nothing a little turpentine won't take off. Come on, son.",bet little turpentine will come son
"But -- son, if you don't come out I can't ""hug"" you... and ""kiss you""... and make you feel all better.",son come hug kiss feel well
"You know, I defy anyone to tell the difference between these donuts and ones baked today. Hey, my boy's s'posed to be here any second on a field trip. They been through here yet?",know defy tell difference donut one bake today hey boy second field trip
I'm no Supervising Technician. I'm a Technical Supervisor. I've never done anything worthwhile in my life. I'm a big worthless nothing.,supervising technician technical supervisor worthwhile life big worthless
"You're right! I'm young, I'm able-bodied, and I'll take anything. Watch out, Springfield, here I come.",right young able bodied watch springfield come
"Moe, I think I'll have another -- -- Whoops. Moe, I'm a little low on funds. You think could cover me just this once?",moe think whoops moe little low fund think cover
"Oh, no, what have I done? I smashed open my little boy's piggy bank, and for what? A few measly cents. Not even enough to buy one beer. Wait a minute, lemme count and make sure...",oh smash open little boy piggy bank measly cent buy beer wait minute lemme count sure
"""Dear Family: I am an utter failure and you'll be better off without me. By the time you read this, I will be in my watery grave. I can only leave you with the words my father gave me: 'Stand tall, have courage and never give up.' I only hope I can provide a better model in death than I did in life. Warmest regards, Love Homer J. Simpson.""",dear family utter failure well time read watery grave leave word father give stand tall courage hope provide well model death life warm regard love homer simpson
"Boy, this intersection is dangerous! Someone ought to put a stop sign here.",boy intersection dangerous ought stop sign
I think we should put a stop sign at D Street and Twelfth. The other --,think stop sign d street twelfth
"Hey, if they think I'm gonna stop at that stop sign, they're sadly mistaken.",hey think go to stop stop sign sadly mistaken
"Ah, what a great family! But come on, we all know this is small potatoes. There is a danger in this town that is bigger than all the dips put together.",ah great family come know small potato danger town big dip
"Our lives are in the hands of men no smarter than you or I. Many of them, incompetent boobs. I know this because I have worked along side them, gone bowling with them, watched them pass me over for promotions time and again. And I say, this stinks!",life hand man smart incompetent boob know work gone bowl watch pass promotion time stink
"Me in charge of safety? This place could blow sky-high. Nah. I'll concentrate on my work now. Gee, this guy's desk sure is big. I can't let Marge support the family. This guy's got the cleanest shirt I've ever seen. What should I...",charge safety place blow sky high nah concentrate work gee guy desk sure big let marge support family guy get clean shirt see
Are you sure that's enough? You know how the boss loves your delicious gelatin desserts.,sure know boss love delicious gelatin dessert
"There it is, kids... Stately Burns Manor. Heaven on earth.",kid stately burns manor heaven earth
"Okay, now look. My boss is gonna be at this picnic, so I want you to show your father some love and/or respect.",okay look boss go to picnic want father love respect
"Don't correct the man, Brat. Oh, Boss, look what we brought... gelatin desserts.",correct man brat oh boss look bring gelatin dessert
"No, heh, heh, heh. Just congratulating the son on a fine joke about his old man.",heh heh heh congratulate son fine joke old man
"Snap out of it, Marge. You've got to come with me--the boss is going to make a toast!",snap marge get come boss go toast
"Oh come on. That cornball routine. ""I love you, Daddy."" Give me a break.",oh come cornball routine love daddy break
"Look everybody, yesterday was a real eye-opener. We've got to do better as a family. So tonight we're not going to shovel food in our mouths while we stare at the TV. We're going to eat at the dining room table like a normal family.",look everybody yesterday real eye opener get well family tonight go shovel food mouth stare tv go eat dining room table like normal family
"No! Ignore the boy, Lord. Now can the chatter and bow your heads. Dear Lord, thank you for this microwaved bounty, even though we don't deserve it. I mean, our kids are uncontrollable hellions... pardon my French... but they act like savages! Did you see them at the picnic? Oh, of course you did. You're everywhere. You're omnivorous. Oh, Lord, why did you smite me with this family?",ignore boy lord chatter bow head dear lord thank microwave bounty deserve mean kid uncontrollable hellion pardon french act like savage picnic oh course omnivorous oh lord smite family
"I'm sorry, Marge, but sometimes I think we're the worst family in town.",sorry marge think bad family town
"You know, Moe, my Mom once said something that really stuck with me. She said, ""Homer, you're a big disappointment,"" and, God bless her soul, she was really onto something.",know moe mom say stick say homer big disappointment god bless soul
When will I learn? The answers to life's problems aren't at the bottom of a bottle. Heh-heh. They're on TV!,learn answer life problem bottle heh heh tv
"Honey, I've given this matter a lot of study. And of all the commercials I saw, his was the best. All it costs is two hundred and fifty dollars.",honey give matter lot study commercial see good cost dollar
"Well, then, we're just going to have to dig deep. Marge, go get the kids' college fund.",go dig deep marge kid college fund
"Oh, come on, Marge. Why scrimp now on the off-chance that they'll actually get in someplace?",oh come marge scrimp chance actually someplace
"Cash, of course. I've got two hundred and fifty dollars right here with me. I'm holding it right now. Here it is. Look. Check it out. Two hundred and fifty big ones.",cash course get dollar right hold right look check big one
"Come on, family. Let's go celebrate our new found ability to express love for each other. I'm taking you out for frosty chocolate milkshakes!",come family let celebrate new find ability express love take frosty chocolate milkshake
"Wait a minute, Doc! Your TV commercial said family bliss, or double our money back!",wait minute doc tv commercial say family bliss double money
That piece of junk? Forget it! We're going to get a new TV! Twenty-one-inch screen... realistic flesh tones... and a little cart so we can wheel it into the dining room on holidays!,piece junk forget go new tv inch screen realistic flesh tone little cart wheel dining room holiday
"Bart, you're saying butt kisser like it's a bad thing.",bart say butt kisser like bad thing
"Yeah, right, Lis. It's the three roads to success, Bart. Work, brains, and...",yeah right lis road success bart work brain
"But what's a day off from work when I'm never gonna see my beloved son again. Oh, Bart. Oh, Bart.",day work go to beloved son oh bart oh bart
What? And violate the code of the school yard? I'd rather Bart died.,violate code school yard bart die
"The code of the School yard, Marge! The rules that teach a boy to be a man. Let's see... Don't tattle... Always make fun of those different from you... Never say anything unless you're sure everyone feels exactly the same way you do... Hmmm, what else... ?",code school yard marge rule teach boy man let tattle fun different sure feel exactly way hmmm
"Unfortunately, son, we Simpsons sometimes have to bend the rules a little in order to hold our own.",unfortunately son simpsons bend rule little order hold
"And if you get the chance, get 'em right in the family jewels. That little doozy's been a Simpson trademark for generations.",chance right family jewel little doozy simpson trademark generation
"""Lisa refuses to play dodge ball because she is sad."" Well, she doesn't look sad. I don't see any tears in her eyes.",lisa refuse play dodge ball sad look sad tear eye
"Oh, sure I would, princess. I have feelings, too. You know, like ""my stomach hurts"" or ""I'm going crazy"". Why don't you climb up on Daddy's knee and tell him all about it?",oh sure princess feeling know like stomach hurt go crazy climb daddy knee tell
"Come on, Lisa... ride the Homer horsey. Giddiyap! Whee!",come lisa ride homer horsey giddiyap whee
"Oh, no, come on! Don't let that boy -- get out of the... Oh, no, not again! Don't. Don't. Don't. Great, get over. Oh, geeze.",oh come let boy oh great oh geeze
"Lisa, I'm sorry. I didn't mean to yell. Go ahead -- play your blues if it'll make you happy.",lisa sorry mean yell ahead play blue happy
"You know Marge, getting old is a terrible thing. I think the saddest day of my life is when I realized I could beat my dad at most things. And Bart experienced that at the age of four. So why are you still awake?",know marge get old terrible thing think sad day life realize beat dad thing bart experience age awake
"Then you've heard. Oh, God. What are we doing to do? The lanes were kinda warped but, oh, the food!",hear oh god lane kinda warped oh food
"Just try not to kill me too hard, son. Heh-heh-heh.",try kill hard son heh heh heh
Ha ha! I got you. Don't try that. I got ya. I'll block you. And the crowd is on its feet as Hurricane Homer moves in for the kill.,ha ha get try get ya block crowd foot hurricane homer move kill
"Bart-the-bloody-pulp Simpson is on the ropes. He's hoping I'll put him out of his misery. Well, you're in luck, Bart, here comes my right.",bart bloody pulp simpson rope hope misery luck bart come right
"My game! My game! I coulda beat the boy! Marge, how could you? I was so close.",game game coulda beat boy marge close
"But how can you afford something like this, Ned? I get your mail once in a while... you make only twenty-seven dollars a week more than I do.",afford like ned mail seven dollar week
"Yes sir! This is a real adventure. Why, I bet there are people who would trade everything they have in the world for an adventure like this.",yes sir real adventure bet people trade world adventure like
"Uh-huh. Okay, we'll be back with help before you know it. You girls just stay here and relax.",uh huh okay help know girl stay relax
"And remember not to act afraid. Animals can smell fear. And they don't like it. Besides, there's nothing to be afraid of.",remember act afraid animal smell fear like afraid
His lucky red hat! Oh dear God! No! Bart!,lucky red hat oh dear god bart
"Bart! Oh Bart! Bart, Bart! Oh, Bart, my beautiful son. Why couldn't you have taken me? Of all the fates of heaven and earth, why did this one befall me?",bart oh bart bart bart oh bart beautiful son take fate heaven earth befall
"No. This is a trap. It's going to catch us our dinner. Come on, boy.",trap go catch dinner come boy
"Okay, okay. This time I'll just go into those bushes over there, make a lot of noise and flush out a rabbit. When he comes out, you step on him.",okay okay time bush lot noise flush rabbit come step
"G-g-good night, s-son. S-sleep tight.",g g good night s son s sleep tight
How would I know. Quit asking pointless... Bart look!,know quit ask pointless bart look
Nice grizzles. Nice grizzles. Nice grizzles.,nice grizzle nice grizzle nice grizzle
"Oh, Marge. The guys at work are going to have a field day with this.",oh marge guy work go field day
"Son, we're in this mess together. No matter how tempting it might be, I can't let my only boy get ripped limb from limb by a blood-thirsty mob.",son mess matter tempting let boy rip limb limb blood thirsty mob
"I can understand how they wouldn't let in those wild jungle apes, but what about those really smart ones who live among us -- who roller skate and smoke cigars?",understand let wild jungle ape smart one live roller skate smoke cigar
I hope you're not planning to see a certain movie starring certain space mutants that a certain mother didn't want you to see?,hope plan certain movie star certain space mutant certain mother want
Then run along you little scamp. A boy without mischief is like a bowling ball without a liquid center.,run little scamp boy mischief like bowling ball liquid center
"Oooh. Look at this one. ""The Hammer of Thor. It will send your pins to Valhalla."" Lisa?",oooh look hammer thor send pin valhalla lisa
"Lay off the boy, Marge. He's a good kid. Quit givin' him the third degree.",lay boy marge good kid quit givin degree
"Good going, son. But remember, most lynch mobs aren't this nice.",good going son remember lynch mob nice
"You always say we should talk. I'm talking right now, as a matter of fact. But I'm going to stop in a second. So, please say something back, Marge, please. I'm gonna stop talking... now.",talk talk right matter fact go stop second marge go to stop talk
"Now this is living, eh, kids? Hot pizza... the food of kings.",live eh kid hot pizza food king
"Lisa, I'm not scared. I think it's a great chance to spend some time with you kids. Your mother always gets to be alone with you, and now it's my turn. Does the time always drag like this?",lisa scared think great chance spend time kid mother get turn time drag like
"Ooh. Clean up. Now don't worry, everybody, this'll be a breeze if we all pitch in.",ooh clean worry everybody breeze pitch
"You know, I've been thinking... Everyone makes peanut butter and jelly sandwiches, but usually the jelly drips out over the sides and a guy's hands get all sticky. But your jelly stays right in the middle where it's supposed to. I don't know how you do it. You've just got a gift, I guess. I've always thought so. I just never mentioned it. But it's time you knew how I feel. I don't believe in keeping feelings bottled up. ...Goodbye, my wife.",know think make peanut butter jelly sandwich usually jelly drip side guy hand sticky jelly stay right middle suppose know get gift guess think mention time know feel believe keep feeling bottle goodbye wife
"Pffft. I have to warn you, Marge -- I think the poor young thing has the hots for yours truly.",pffft warn marge think poor young thing hot truly
"Oh no! Two-hundred and thirty-nine pounds. I'm a whale. Why was I was cursed with this weakness for snack treats? Well, from now on, exercise every morning, Homer.",oh thirty pound whale curse weakness snack treat exercise morning homer
"Good idea, Marge. By the way, this Friday night I'm gonna be attending a little get-together with the boys at work. Eugene Fisk is marrying some girl in Valve Maintenance.",good idea marge way friday night go to attend little boy work eugene fisk marry girl valve maintenance
"No, no, Marge. It's gonna be very classy, a tea-and-crumpets kind of thing.",marge go to classy tea crumpet kind thing
"Sorry, buddy. You got me confused with Fred Flintstone.",sorry buddy get confuse fred flintstone
"I-it's meaningless, Marge. Don't even attempt to find meaning in it. There's nothing between me and Princess Kashmir.",meaningless marge attempt find meaning princess kashmir
"Oh, Moe. My wife gave me the old heave-ho because of some lousy picture.",oh moe wife give old heave ho lousy picture
"Uh... Mr. Burns, in spite of what everybody thinks, I'm no lover-boy.",uh burns spite everybody think lover boy
Are you still mad?... You are still mad. No need to say it. I'm your loving husband. I can read you like a book. I'll just have some milk.,mad mad need love husband read like book milk
"Look, I'm not drinking out of the carton. Come on, Marge. Please forgive me? I'm sorry. I'm so sorry.",look drink carton come marge forgive sorry sorry
"You see, I'm trying to teach my son here about treating woman as objects.",try teach son treat woman object
Marge. Marge. We're gonna try one more place. The Sapphire Lounge. Bart! I said look at the floor!,marge marge go to try place sapphire lounge bart say look floor
"Look, I'm here because I want to apologize for treating you like an object.",look want apologize treat like object
"I also want my boy to find out that you're more than just a belly. I want him to meet the woman behind all the spangles and glitter and find out that she has thoughts and feelings, too.",want boy find belly want meet woman spangle glitter find thought feeling
"And maybe some of those little wieners that come in a can. Oh, and some fruit cocktail... in heavy syrup.",maybe little wiener come oh fruit cocktail heavy syrup
"Wait a minute, Skinner. How do we know some principal over in France isn't pulling the same scam you are?",wait minute skinner know principal france pull scam
"Well, I'll have to pull a few strings with the boys in Security, but sure, you bet.",pull string boy security sure bet
"See these? American donuts. Glazed, powdered, and raspberry filled. Now how's that for freedom of choice?",american donut glaze powdered raspberry fill freedom choice
"Oh, just some blueprints Adil wanted. I'm telling you, he's such a curious little dickens. I bet he could build a nuclear power plant if he wanted to.",oh blueprint adil want tell curious little dicken bet build nuclear power plant want
"Sorry, Marge. Some wiseguy stuck a cork in the bottle.",sorry marge wiseguy stick cork bottle
"Mmm, chocolate... oooh, double chocolate... New flavor! Triple chocolate!",mmm chocolate oooh double chocolate new flavor triple chocolate
"The reason I look unhappy is that tonight I have to see a slide show starring my wife's sisters -- or as I call them, ""the gruesome twosome.""",reason look unhappy tonight slide star wife sister gruesome twosome
"Oh fantastic. Marge, you're never gonna believe what happened. I was down at the Kwik-E-Mart minding my own business when... Oooh oooh, ooh, the news.",oh fantastic marge go to believe happen kwik e mart mind business oooh oooh ooh news
Wait a minute. Bart -- you know that guy on your lunch box?,wait minute bart know guy lunch box
"The reason I look unhappy is that tonight I have to see a slide show starring my wife's sisters -- or as I call them, ""the gruesome twosome.""",reason look unhappy tonight slide star wife sister gruesome twosome
Earth to Marge. Earth to Marge. I was there... the clown's G-I-L-L -T-Y.,earth marge earth marge clown g l l
"No, I'm not. I'm hopping on the bandwagon. Now come on, son, get with the winning team.",hop bandwagon come son win team
"Hey, turn it up. I love hearing those whack-os.",hey turn love hear whack os
"I hope you do find that punk someday, Moe. Fill 'er up.",hope find punk someday moe fill er
"Gee, a romantic evening. Nah, she's too smart to fall for that.",gee romantic evening nah smart fall
"It matters not, mon frere. And after desserts, we'll adjourn to our second-floor room at the Off Ramp Inn.",matter mon frere dessert adjourn second floor room ramp inn
"BA, BA / BA, BA, BA, BA BA, BA, BA, BA, BA, BA / BA, BA BA!",ba ba ba ba ba ba ba ba ba ba ba ba ba ba ba
"BA, BA / BA BA, BA, BA BA, BA, BA BA, BA, BA...",ba ba ba ba ba ba ba ba ba ba ba ba
"Son, there's not a woman alive who can resist a man who knows how to mambo.",son woman alive resist man know mambo
"Well, don't just stand there, boy. Help Miss Botz with her suitcases.",stand boy help miss botz suitcase
Ooops. Time for a fill-up. GarÃ§on! Another bottle of your second-least-expensive champagne.,ooop time fill bottle second expensive champagne
"Just a minute, young man. I don't know what kind of shenanigans you've been pulling this time, but I just had to untie your babysitter and pay her off so that --",minute young man know kind shenanigan pull time untie babysitter pay
"Uh... uh... no. Are you sure this microphone works? Uh, well, I wouldn't say I aided her. This is on, right? Because, actually, it was quite a struggle.",uh uh sure microphone work uh aid right actually struggle
"Have you ever seen a Kung Fu movie? It was just like that. But now I know her moves. So, if you're listening to me, lady, you better think long and hard before trying something like this on Homer Simpson again.",see kung fu movie like know move listen lady well think long hard try like homer simpson
"What! You did! Well, that's just... oh, what a glorious day! Lisa, hand me your paper.",oh glorious day lisa hand paper
Look at those funny little whiskers. Oooo! That reminds me. It's Big Gorilla Week on Million Dollar Movie. C'mon boy.,look funny little whisker oooo remind big gorilla week million dollar movie boy
"Marge, weren't you listening? This is a miracle breakthrough. Not one of these cheapo sucker deals.",marge listen miracle breakthrough cheapo sucker deal
"A thousand bucks. Of all the rip-off -- screw job -- gyp joint... forget you, pal! Thanks for nothing!",thousand buck rip screw job gyp joint forget pal thank
"They call this a portion? Hey Lenny, are you gonna use all your tartar sauce? Dry fish sticks. This sucks.",portion hey lenny go to use tartar sauce dry fish stick suck
But it's a thousand bucks... Burns would can my butt in no time flat.,thousand buck burns butt time flat
"Good morning, Springfield! Good morning, Mr. and Mrs. Winfield!",good morning springfield good morning winfield
"Well, your resume seems in order. Besides typing and stuff, do you have any other qualifications I should know about?",resume order type stuff qualification know
"Oh Marge, every woman I iÂ­nÂ­tÂ­eÂ­rview for the secretary job makes kissy faces at me.",oh marge woman secretary job make kissy face
"Well, sir, for one thing we had a problem every Tuesday, when the cafeteria would serve fish sticks.",sir thing problem tuesday cafeteria serve fish stick
"Well, sir, they cut the head off a fish and chop up the rest into sticks, and then put seasoned bread crumbs on them.",sir cut head fish chop rest stick seasoned bread crumb
"Well, you only get this tiny little cup of tartar sauce to dip it in and I always run out.",tiny little cup tartar sauce dip run
"Enjoy your tartar sauce, boys! Enjoy! Give me your plates. Don't crowd. Plenty for everybody.",enjoy tartar sauce boy enjoy plate crowd plenty everybody
"Rainy day. There's never gonna be a be a rainy day, Marge. There's not a cloud in the Simpson sky. And what does my little girl want?",rainy day go to rainy day marge cloud simpson sky little girl want
"Karl, you gotta help me. Mr. Burns wants me to make some speech to his executives and -- what do you want?",karl get to help burns want speech executive want
"Dirty trick. Okay, I'm not gonna kill you, but I'm gonna tell you three things that are gonna haunt you for the rest of your days. You ruined your father. You've crippled your family, and baldness is hereditary.",dirty trick okay go to kill go to tell thing go to haunt rest day ruin father cripple family baldness hereditary
"I don't have a thousand bucks! But you do, don't you, Marge? You do... you do. You've been squirreling it away, haven't you? Saving it for a rainy day, that's what you said, right? Right? Right?",thousand buck marge squirrele away save rainy day say right right right
Karl! So that wasn't just a sweet voice I heard inside my head. What are you doing here?,karl sweet voice hear inside head
"Are you kidding? I'm stuck in that dead-end job again. The kids are gonna hate me cause I can't buy them all that stuff I promised 'em, and you're not gonna love me as much cause I'm ugly and bald.",kid stick dead end job kid go to hate cause buy stuff promise go to love cause ugly bald
"Now wait a minute, Marge. It's only natural there would be some things wrong with an old house like this. It's a fixer-upper. What's the problem? we get a bunch of priests in here...",wait minute marge natural thing wrong old house like fixer upper problem bunch priest
Don't be so stubborn! We're not talking about a few dollars! We're talking about a few thousand dollars!,stubborn talk dollar talk thousand dollar
"Mr. Ploot? Homer Simpson here. When you sold me this house you forgot to mention one little thing. You didn't tell me it was built on an Indian burial ground. No you didn't! Well, that's not my recollection... Yeah! Well... all right, goodbye. He says he mentioned it five or six times.",ploot homer simpson sell house forget mention little thing tell build indian burial ground recollection yeah right goodbye say mention time
"Oooo! That was a big mama. Heh, heh, heh.",oooo big mama heh heh heh
"That should just about do it. Man alive, there's nothing better than a hamburger grilled to perfection...",man alive well hamburger grill perfection
"The burgers are getting cold, guys. Holy moly.",burger get cold guy holy moly
The girl's right. Let's get some applesauce out here for these pork chops.,girl right let applesauce pork chop
"Listen, you big stupid space creature. Nobody, but nobody eats the Simpsons.",listen big stupid space creature eat simpsons
"Oh, man. Plain cake donuts? Thanks for taking all the fancies, guys. Why can't I ever get here on time?",oh man plain cake donut thank take fancy guy time
"Hello, Marge. Sorry I didn't call but it's been a madhouse down here... Yeah, these twelve hour days are killin' me.",hello marge sorry madhouse yeah hour day killin
"You know, I was just telling the wife that if I was governor, I'd do things a lot differently.",know tell wife governor thing lot differently
Mary Bailey isn't going to fire me if I don't vote for her. I'm for Monty Burns.,mary bailey go fire vote monty burns
"Oh, Marge. What's the big deal? I bet before the papers blew this out of proportion, you didn't even know how many eyes a fish had.",oh marge big deal bet paper blow proportion know eye fish
"Ah... great toast, Marge. Hmmm. Oh, by the way, the night before the election Mr. Burns is coming over for dinner.",ah great toast marge hmmm oh way night election burns come dinner
"Marge! Don't worry. My daughter's very bright, I'm sure she'll be able to memorize your question by dinner time tomorrow.",marge worry daughter bright sure able memorize question dinner time tomorrow
"Bad dog! Bad neighbor dog! Here, let me help you up, Mr. Burns.",bad dog bad neighbor dog let help burns
"""You know, Mr. Burns, my family and I feel that taxes are too high. Where do you stand on this highly controversial issue?""",know burns family feel taxis high stand highly controversial issue
"Oh. My dreams will go unfulfilled! Oh no. I don't like the sound of that one bit. That means I have nothing to hope for. Marge, make it better. Please. Can't you make it better, huh?",oh dream unfulfilled oh like sound bit mean hope marge well well huh
"Well, okay. It all started on ""Nuclear Plant Employees, Spouses, and No More Than Three Children Night,"" down at Springfield stadium.",okay start nuclear plant employees spouses children night springfield stadium
"You know, boy, some of the players you see tonight may make it to the big leagues, one day.",know boy player tonight big league day
"Lisa, honey, you're forgetting the beer. It comes in seventy-two ounce tubs here.",lisa honey forget beer come seventy ounce tub
"Marge, this ticket doesn't just give me a seat, it also gives me the right - no, the duty, to make a complete ass of myself.",marge ticket seat give right duty complete ass
"Oh, that's okay. The baby's name isn't important. Let's go, Marge.",oh okay baby important let marge
"Wow! Flash Bailor came on to my wife! You've still got the magic, Marge.",wow flash bailor come wife get magic marge
Hey everybody! How you doin'? Look at me! I'm Homer Simpson! Heh...heh.,hey everybody look homer simpson heh heh
"Oh, no. Marge, sitting next to the boss -- the best night of the year, and it's ruined! Of all the lousy, rotten... this stinks...",oh marge sit boss good night year ruin lousy rotten stink
"Me, sir? Oh, no. Not a chance. Only idiots drink beer.",sir oh chance idiot drink beer
"Ohhh. Well, if someone of your stature can enjoy a beer, maybe I'm all turned around on the subject. Wait a minute, we're not having a drug test tomorrow, are we?",ohhh stature enjoy beer maybe turn subject wait minute have drug test tomorrow
"As I got up in front of them, I felt an intoxication that had nothing to do with alcohol. It was the intoxication of being a public spectacle.",get feel intoxication alcohol intoxication public spectacle
"Nope, this was my own bright idea. C'mon, we gotta hurry. Don't fill up on those vegetables, kids. Save room for your nachos.",nope bright idea get to hurry fill vegetable kid save room nachos
"Oooh, boogie, boogie, boogie, boogie, boogie. Woo, boogie, boogie, boogie, boogie, boogie, boogie.",oooh boogie boogie boogie boogie boogie woo boogie boogie boogie boogie boogie boogie
"Helen, I'm in a Caribbean mood tonight. How 'bout giving me ""Baby Elephant Walk"" with a little reggae kinda beat?",helen caribbean mood tonight give baby elephant walk little reggae kinda beat
"Oh, oh, oh, I get it. You can't fire the players, so you fire the mascot. You make me sick.",oh oh oh fire player fire mascot sick
This was the biggest decision the Simpsons ever faced. I should've listened to the kids instead of my big dumb wife.,big decision simpsons face listen kid instead big dumb wife
I shouldn't have called her that. Bite my tongue. Bite my tongue. Oooh.,call bite tongue bite tongue oooh
It's not that simple. I've got to convince my supervisor to give me a leave of absence.,simple get convince supervisor leave absence
"Oh, knock it off, Flanders! Don't start blubbering on me. I'm gonna miss you too... not.",oh knock flanders start blubber go to miss
"... Some may say that I have been given a bad break in life -- little education, bald as a cue ball, ten years on the same job for the same salary -- but today, as I leave for Capital City, I consider myself the luckiest mascot on the face of the Earth!",give bad break life little education bald cue ball year job salary today leave capital city consider lucky mascot face earth
"With the fickle fans already forgetting me, I was ready to take the biggest step of my life.",fickle fan forget ready big step life
"We would talk about it always. For the first time in our lives, Marge fell asleep before I did.",talk time life marge fall asleep
"Okay, here are your tickets. They're supposed to be good. You're sitting with the player's wives. And don't forget to cheer for me.",okay ticket suppose good sit player wife forget cheer
Bart was strangely quiet. Later he explained he was confused by feelings of respect for me. That wouldn't last.,bart strangely quiet later explain confuse feeling respect
"Well, I get up, I dance, I spell out the name of the city... all to the tune of Baby Elephant Walk.",dance spell city tune baby elephant walk
Who'd've thought it? A free ticket to a big league park but I was too tense to enjoy the game. Every ounce of concentration I possessed was focused on the task at hand.,think free ticket big league park tense enjoy game ounce concentration possess focus task hand
"Mmm, these do taste better at the ballpark. Uh oh.",mmm taste well ballpark uh oh
My wife and kids stood by me. On the way home I realized how little that helped.,wife kid stand way home realize little help
"So that's it. The costume's buried now. As my son would say, I'm one sad ape-like dude.",costume bury son sad ape like dude
"Hey, you guys are hanging on my every word. I've become the center of attention.",hey guy hang word center attention
"There's nothing wrong with crabgrass! It just has a bad name, that's all. Everyone would love it if it had a cute name like... uh... elfgrass.",wrong crabgrass bad love cute like uh elfgrass
"Sorry, Marge. But it's just that I'm still steamed up about that jerk Flanders. Lousy... bragging... know-it-all... show-off...",sorry marge steam jerk flanders lousy brag know
"Okay, okay. It wasn't how he said it either, but the message was loud and clear... our family stinks!",okay okay say message loud clear family stink
"No, no, Marge. Don't backpedal. You were right the first time. He's perfect. Perfect in every way.",marge backpedal right time perfect perfect way
I'm just gonna go take a walk around the block to calm down. I got a little excited. I'm not perfect... like Ned Flanders.,go to walk block calm get little excited perfect like ned flanders
"Okay, okay, all right, all right. She's right! Let's do something together. What does everyone say to some miniature golf, followed by a round of frosty chocolate milkshakes?",okay okay right right right let miniature golf follow round frosty chocolate milkshake
"I know, I know. I can still make this for five. Come on, baby, pleeze pleeze go in. Pleeze.",know know come baby pleeze pleeze pleeze
Oh yeah! Well I think the fruit of my loins can beat the fruit of your loins any day of the week.,oh yeah think fruit loin beat fruit loin day week
"Son, this is the only time I'm ever gonna say this. It is not okay to lose.",son time go to okay lose
"What're you doing? That putter is to you what a bat is to a baseball player, what a violin is to the guy tha...the violin guy. Now, c'mon, give your putter a name.",putter bat baseball player violin guy tha violin guy putter
"Do you wanna try a little harder, son? Come on, give it a girl's name.",wanna try little hard son come girl
"Now, this is a picture of your enemy, Todd Flanders. Every day I want you to spend fifteen minutes staring at it and concentrating on how much you hate him and how glorious it will be when you and Charlene annihilate him.",picture enemy todd flanders day want spend minute stare concentrate hate glorious charlene annihilate
"Flanders, I don't care what this looks like, Bart's gonna mop the floor with your son's ugly butt.",flanders care look like bart go to mop floor son ugly butt
"How about this Henny Penny? If Bart wins tomorrow, you have to mow my lawn.",henny penny bart win tomorrow mow lawn
"Keep your left arm straight, Bart... rotate your shoulders...",left arm straight bart rotate shoulder
"Good morning, son! Oh, by the way, today's the day of the big tournament, and you'd better win!",good morning son oh way today day big tournament well win
"News flash, Lisa! Bart is not a horse. Eat your steak, boy.",news flash lisa bart horse eat steak boy
"Hey, Flanders, it's no use praying. I already did the same thing, and we can't both win.",hey flanders use pray thing win
"Come on, Bart. Remember what Vince Lombardi said: ""If you lose, you're out of the family.""",come bart remember vince lombardi say lose family
The father of the boy who doesn't win has to mow the lawn in his wife's Sunday dress.,father boy win mow lawn wife sunday dress
Listen to 'em laughing... This is so humiliating... I'm never gonna live this down... Damn Flanders...,listen laugh humiliating go to live damn flanders
"See, Maggie? Those silver and blue guys are the Dallas Cowboys. They're Daddy's favorite team, and he wants them to lose by less than five and a half points. Understand?",maggie silver blue guy dallas cowboys daddy favorite team want lose half point understand
"Oh, I love those kids! They've got such a great attitude!",oh love kid get great attitude
"Well uh, we did kinda yell at him... and sent him to his room... and tried to force him to apologize to his sister.",uh kinda yell send room try force apologize sister
"Uh... Monster Truck Rally, growth thing... No, I don't think so.",uh monster truck rally growth thing think
"You didn't mean that. Bart, this isn't one of those phoney-baloney promises I don't expect you to keep. If you make this promise, you have to keep it.",mean bart phoney baloney promise expect promise
Springfield Gorge? I thought we settled this daredevil junk.,springfield gorge think settle daredevil junk
"I can and do. Go to your room, Bart! There, I've done it. I'm glad somebody finally stepped in and put an end to this nonsense once and for all.",room bart glad somebody finally step end nonsense
"Look, I know I can't stop you. The only thing I can do is ask you to promise me you won't jump the gorge.",look know stop thing ask promise will jump gorge
"You know, Marge, we got a pretty good kid there.",know marge get pretty good kid
Why that little liar! I should... and I was gonna play pickle with him.,little liar go to play pickle
"Boy, I've tried ordering you, I've tried punishing you, and God help me, I even tried reasoning with you, and the only thing left for me to do is for me to jump the gorge myself.",boy try order try punish god help try reason thing leave jump gorge
"Ohhh, thank God. Thank God. Thank God.",ohhh thank god thank god thank god
"You think you've got guts, try raising my kids.",think get gut try raise kid
"Marge, I'm gonna build you a spice rack!",marge go to build spice rack
"Keep her away from me, Marge! She's got that crazy look in her eyes again.",away marge get crazy look eye
"You heard me. I won't be in for the rest of the week. I told you. My baby beat me up. Oh, it is not the worst excuse I ever thought up. Wise guy.",hear will rest week tell baby beat oh bad excuse think wise guy
"Hey, tomorrow night, how about making some of your patented pork chops?",hey tomorrow night make patent pork chop
Twenty million women in the world and I had to marry Jane Fonda.,million woman world marry jane fonda
"Hey, don't worry Marge, pretty soon every boy and girl in Springfield Elementary School is gonna come and see this thing.",hey worry marge pretty soon boy girl springfield elementary school go to come thing
"Hey, yeah! Who are you? I saw you chasing Bart's ambulance...",hey yeah see chase bart ambulance
"Well, the fiend who did this to my boy is my boss. And besides, the doctor says it's just a bump on the head and a broken toe. Nothing serious.",fiend boy boss doctor say bump head broken toe
"Yeah. If I wasn't so spineless, I'd march into Mr. Burns' office right now and...",yeah spineless march burns office right
"W-well... It's a v-very generous offer, sir. But... his medical bills alone...",w v generous offer sir medical bill
Well... I dunno... You and I might have different ideas about just how big a big cash settlement is.,dunno different idea big big cash settlement
Whoo ooo! I stand corrected. A million bucks is A-okay!,whoo ooo stand correct million buck okay
I'll tell you what I think. I think he thinks I'm an idiot. The only reason he's offering us this is because he knows he's gonna lose the trial and have to pay us a cool million.,tell think think think idiot reason offer know go to lose trial pay cool million
A million dollars. My wife cost me a million dollars.,million dollar wife cost million dollar
"Yeah, a million dollars worth you treacherous snake woman. No, thank you.",yeah million dollar worth treacherous snake woman thank
"No I don't want any string beans either you two-timing, back-stabbing. Uh oh I better answer. No, thank you.",want string bean timing stabbing uh oh well answer thank
"No, no, no. You think this is about money? Well, it's not. It's worse, Marge. I'm afraid that from now on when I look at you, I'm not gonna see the wife by my side or the mother of my children. I'm just gonna see the dame who blew my one big chance.",think money bad marge afraid look go to wife mother child go to dame blow big chance
"I'm saying... She's been your wife for ten years, you've had three children together, it's time to be honest with her. I'm not sure I love you anymore.",say wife year child time honest sure love anymore
"Alright, alright, look at her if it'll make her shut up. Start with the feet, still angry? Good, good Homer, good. This is tough, need refreshment. Ahh, good old trustworthy beer, my love for you will never die. Alright, alright, gotta look the wife straight in the eyes and tell her.",alright alright look shut start foot angry good good homer good tough need refreshment ahh good old trustworthy beer love die alright alright get to look wife straight eye tell
"Yum. I've got a dried out end-piece with your name on it, Lisa.",yum get dry end piece lisa
"If I said no the first time, what makes you think I'm gonna say yes the second time?",say time make think go to yes second time
"And, Oh, Oh, I don't believe I've tried the flying fish roe...",oh oh believe try fly fish roe
There's gotta be something I haven't tried. Huh? Hey! What's this? Fugu!,get to try huh hey fugu
"No need, Doc. I can read Marge like a book.",need doc read marge like book
"Oh Marge, I'm gonna die. I'm gonna die.",oh marge go to die go to die
Nothing. It'll just upset them. I want my last hours of family life to be happy ones.,upset want hour family life happy one
"You know, Bart, after me, you're the man around the house, and that means you're gonna have to help out with --",know bart man house mean go to help
"Shut up! Bart, this is good stuff. I want to share something with you -- the three little sentences that will get you through life. Number one, ""cover for me."" Number two, ""oh, good idea, boss."" Number three, ""it was like that when I got here.""",shut bart good stuff want share little sentence life number cover number oh good idea boss number like get
"...and, finally, the little spot under your nose. Next, we take some toilet paper, tear off some teensy little squares, and stick one there, and there, and any place you're bleeding. There and there. Don't worry, the blood will hold it right on your face. Now, some aftershave.",finally little spot nose toilet paper tear teensy little square stick place bleed worry blood hold right face aftershave
"Does a father have to explain? Let's just share your gift, okay?",father explain let share gift okay
"Flanders, I said I didn't -- Tomorrow? Sure, what the hey. I'd love to come to your barbecue. I'll even bring the thickest, juiciest T-bones you've ever seen.",flander say tomorrow sure hey love come barbecue bring thick juiciest t bone see
"I'm sorry, Officer. I know I was going too fast. Just give me a ticket.",sorry officer know go fast ticket
"This is a videotape for my daughter, Maggie. Hi, Maggie. I'm speaking to you from beyond the grave. Oooooooh. Hope that didn't scare you. Well, you're a grown-up now, and unless you've taped over this, you're probably wondering what kind of man your father was... He was a simple man. A kind man. A gentle man who loved his children and...",videotape daughter maggie hi maggie speak grave oooooooh hope scare grown tape probably wonder kind man father simple man kind man gentle man love child
Hello? Yeah he's here who is this? Bart's friend Milhouse. Bart! Get your butt down here!,hello yeah bart friend milhouse bart butt
"I pay my taxes and they pay your salary, so when I say ""give me a ticket"", just give me a ticket.",pay taxis pay salary ticket ticket
Wait! I can't call Marge. It's our last day on earth together. I can't drag her into this mess. I know! I'll call Barney.,wait marge day earth drag mess know barney
"Guys, keep it down. I got some last words. I never told you this before, but sometimes when I'm at work, I think of you and smile. So often I think that ... oh, words won't do it. I love you, Moe.",guy get word tell work think smile think oh word will love moe
"Oh, I can't wait any longer. Hold on, Marge. I'm comin' home, baby.",oh wait long hold marge comin home baby
"All right, all right. Time for Dr. TV to perform a little surgery.",right right time tv perform little surgery
"Shut up, boy. Cheap Chinese TVs... Why did I every buy... Is that better?",shut boy cheap chinese tv buy well
"Oh, how I miss TV! Dear, God. Just give me one channel!",oh miss tv dear god channel
"I'd reached step one: She knew I existed. The only problem was, she didn't care.",reach step know exist problem care
"Hi, I'm Homer Simpson. I need some guidance, counselor.",hi homer simpson need guidance counselor
"Well, yeah, maybe, but I just met this girl, Marge Bouvier and I want to force her to like me.",yeah maybe meet girl marge bouvier want force like
Me? I'm gonna drink a lot of beer and stay out all night.,go to drink lot beer stay night
"Oh, you may not remember me. I'm Homer Simpson. I mooned for rebuttal.",oh remember homer simpson moon rebuttal
"Well, a... You see the problem is, you don't know me. I have references. Just ask Coach Flanagan, and ask Mr. Seckofsky and Barney Gumbel.",problem know reference ask coach flanagan ask seckofsky barney gumbel
"Ooh, lost a few. Oh, well there's plenty more where that came from. Uh-oh, a zit. No problemo.",ooh lose oh plenty come uh oh zit problemo
"I can't believe it, it's sticking. You're telling me new stuff, and minutes later it's still there! And it's all thanks to you. Marge, when I see you forming the vowels and continents --",believe stick tell new stuff minute later thank marge form vowel continent
"Ohhh! oh, Marge! This'll be the greatest night of your life. I've been saving up for a new engine for my car, but I'm gonna spend it all on us. I'm renting the biggest limo. I'm gonna buy you the biggest corsage. My tux is gonna have the widest lapels, the most ruffles, and the highest platform shoes you ever saw.",ohhh oh marge great night life save new engine car go to spend rent big limo go to buy big corsage tux go to wide lapel ruffle high platform shoe see
"Wait, wait, wait, Marge. If honest and open is what you like, get a load of this. I'm not really in any French class. This was just a brilliant scheme to get to know you better.",wait wait wait marge honest open like load french class brilliant scheme know well
"Oh, isn't she great? Hail Queen Marge! Woo woo! Long live the Queen!",oh great hail queen marge woo woo long live queen
"Because I'm sure we were meant to be together. Usually when I have a thought there's a lot of other thoughts in there. Something says yes, something says no. But this time there's only yes. How could the only thing I've ever been sure about in my life be wrong?",sure mean usually thought lot thought say yes say time yes thing sure life wrong
"I've got a problem. Once you stop this car, I'm gonna hug you and kiss you and then I'll never be able to let you go.",get problem stop car go to hug kiss able let
"Been a little slow these past few months. Not much to steal in the desert, you know.",little slow past month steal desert know
"Ah, good evening, Zohar the Adulterer. My wife sends her warmest regards.",ah good evening zohar adulterer wife send warm regard
"""Myth: Cable piracy is wrong. Fact: Cable companies are big faceless corporations, which makes it okay.""",myth cable piracy wrong fact cable company big faceless corporation make okay
"Oh, hey, hey. Family, family, come here. I have an announcement to make. The Simpsons have cable.",oh hey hey family family come announcement simpsons cable
That's right. Sixty-eight channels. MTV for the kids. VH-1 for us. Sixteen hundred hours of quality programming every day!,right channel mtv kid sixteen hour quality programming day
"Oooo. Pro wrestling from Mexico. You know, down there it's a real sport.",oooo pro wrestle mexico know real sport
"We could do that, hmm, yeah, or... we could go over to my house and watch the whole thing live on cable TV.",hmm yeah house watch thing live cable tv
"Son, you shouldn't watch that other channel. It's only for mommies and daddies who love each other very much. I want you to promise me you won't watch that channel ever again.",son watch channel mommy daddy love want promise will watch channel
"There is something wrong with that kid. She's so moral. Why can't she be more like... well, not like Bart, but there's gotta be a happy medium.",wrong kid moral like like bart get to happy medium
"Look, look, Marge. I can't afford it. When I can afford to pay for it, I will. But I can't, so I'm not going to.",look look marge afford afford pay go
Seen it. Seen it. Seen it. Seen it. Ugh! Soccer. Seen it.,seen seen seen seen ugh soccer see
"Marge, we can't be too careful. There are thieves everywhere, and I'm not talking about the small, forgivable stuff.",marge careful thief talk small forgivable stuff
"Quick, it's Moe. I gotta hide the mugs...",quick moe get to hide mug
"Mr. Burns! Bart... quick. Hide the stuff I ""borrowed"" from work.",burns bart quick hide stuff borrow work
"Ugh, ah, hello, Mr. Burns. Would you like to watch the fight?",ugh ah hello burns like watch fight
"Excuse me. I hate to interrupt your judging me, but I wanted you to know I've made a couple of really important decisions. Number one: I'm cutting the cable as soon as the fight's over. And Number Two: I'm not very fond of any of you.",excuse hate interrupt judge want know couple important decision number cut cable soon fight number fond
"Marge, honey, I've got five words to say to you. Greasy Joe's Bottomless Bar-B-Q Pit.",marge honey get word greasy joe bottomless bar b q pit
"Marge, I'm only human. Now look, here's what we're gonna do. We'll unload the kids on Patty and Selma Saturday night. And then we'll eat until they kick us out of the place. Just like old times.",marge human look go to unload kid patty selma saturday night eat kick place like old time
"Oh yeah, yeah, yeah. But I thought she didn't like to be... you know, touched.",oh yeah yeah yeah think like know touch
"Oh, no reason, really. I was just wondering if you know, you'd like to come over to my house for dinner. A payback for all the crummy things Bart has done to your school.",oh reason wonder know like come house dinner payback crummy thing bart school
"Heh heh heh. Here we go. Boy meets beast. Principal Skinner, allow me to introduce you to my wife's lovely and available sister, Selma.",heh heh heh boy meet beast principal skinner allow introduce wife lovely available sister selma
"Quiet, you kids! If I hear one more word, Bart doesn't get to watch cartoons and Lisa doesn't get to go to college.",quiet kid hear word bart watch cartoon lisa college
"This makes me feel special, Dad. Since I'm the one you kept, that must mean you really love me.",make feel special dad keep mean love
"I'm going to find my brother. I don't care what it takes. If I have to move heaven and earth, I'm going to find him!",go find brother care take heaven earth go find
"Well, if you ask me, changing the subject makes you the most worthless, heartless, excuse for a human being I ever...",ask change subject make worthless heartless excuse human
"Oh, oh... I get it. Okay. Here's twenty bucks. Now will you tell me where my brother lives?",oh oh okay buck tell brother live
"Herb, allow me to introduce my family. This is my wife, Marge...",herb allow introduce family wife marge
"You mean, if I want pork chops -- even in the middle of the night -- your guy'll fry 'em up?",mean want pork chop middle night fry
"Wai-wai-wait, wait, wait. Let me see if I got this straight... It's Christmas day, four a.m., there's a rumble in my stomach...",wai wai wait wait wait let get straight christmas day rumble stomach
"Hello, Cook? Sorry to bother you so late, but I got a hankerin' for some... that's right... don't forget the apple sauce!",hello cook sorry bother late get hankerin right forget apple sauce
Oh fine. We're putting in an on-board something-or-other and rack-and-peanut steering...,oh fine put board rack peanut steering
Hel-lo? Hel-lo Einstein? I said a place to put my drink. You know those Super Slakers they sell at the Kwik-E-Mart? The cup is this big!,hel lo hel lo einstein say place drink know super slakers sell kwik e mart cup big
And I'm not done yet. You know that little ball you put on the aerial so you can find your car in a parking lot? That should be on every car.,know little ball aerial find car parking lot car
"And sometimes, the kids are in the back seat, they're hollering, they're making you nuts. There's got to be something you can do about that.",kid seat holler make nuts get
"All my life, I have searched for a car that feels a certain way.",life search car feel certain way
"Oh, are you? Well, you go ahead and call your precious dog warden, you old battle-ax, because my dog is tied up in the backyard.",oh ahead precious dog warden old battle ax dog tie backyard
"Are you losing your hearing, or are you just stupid? I am going to explain this to you one more time, and then I am going to hang up on you. It is not my dog. I tied my dog outside myself. I am looking at him right --",lose hearing stupid go explain time go hang dog tie dog outside look right
"Look at that get-up. Heavy hands, ankle weights, that's cute, and ... Assassins!",look heavy hand ankle weight cute assassin
"Y'ello, Hi, Lisa, what's wrong? The mumps? Oooh, the kissing disease! My little girl is growing up.",hi lisa wrong mump oooh kiss disease little girl grow
"Okay, Flanders, you're the boss. Heh, heh, heh.",okay flanders boss heh heh heh
"Well, my faithful dog was bringing me my shoes and they fell apart in his mouth.",faithful dog bring shoe fall apart mouth
"Oh, so that's your little plan! Get us addicted, then jack up the price! Well, you win.",oh little plan addicted jack price win
Property of Hom-er J. Simp-son. Hands off.,property hom er simp son hand
"Now Marge, honey, honey, honey. Come on. Come on, don't get upset. It's not the end of the world. We all loved that quilt, but you can't get too attached to...",marge honey honey honey come come upset end world love quilt attach
"No, we have to commit ourselves. Now take this down. ""Free to loving home. World's most brilliant dog. Says 'I love you' on command.""",commit free love home world brilliant dog say love command
"Oh no, we'd never give him away, but, we're moving to another country where dogs are forbidden. Hear what? Oh, sure. C'mere, boy! Put that prowler down. Come here! Come on boy! Say it, boy! Say ""I love you"" for the nice man! I lub you. Good dog! Good doggie! Isn't that amazing? See you soon. Woooo! Wooo!",oh away move country dog forbid hear oh sure boy prowler come come boy boy love nice man lub good dog good doggie amazing soon woooo wooo
"My God, you're right, Marge. You kids wouldn't put me in a home like I did to my dad, would you?",god right marge kid home like dad
"Oh, come on, Dad, I promise we'll have more fun this time. We're gonna see lions.",oh come dad promise fun time go to lion
Whoo-hoo. It's Dad. Dad's on the phone. He's calling me.,whoo hoo dad dad phone call
"Bart! Forgive him, Dad. He's just a stupid little kid who says the first thing that pops into his head. But, you know, there's wisdom in his innocence.",bart forgive dad stupid little kid say thing pop head know wisdom innocence
It's important I get a hold of him. I have to tell him I don't care about his money and I love him.,important hold tell care money love
"A double cheese burger, onion rings, large strawberry shake, and for God's sakes, hurry!",double cheese burger onion ring large strawberry shake god sake hurry
"Dad! Please, you gotta quit while you're ahead. You understand that, take all your money and leave now.",dad get to quit ahead understand money leave
"Slide inspector comin' through! Please move to the right. Grab that handrail, young man. Outta my way, I'm here for your safety.",slide inspector comin right grab handrail young man outta way safety
"But I'm going on a diet. From this day forward I pledge there will be no pork chop too succulent, no donut too tasty, no pizza too laden with delicious toppings, to prevent me from reaching my scientifically determined ideal weight! As God is my witness, I'll always be hungry again!",go diet day forward pledge pork chop succulent donut tasty pizza laden delicious topping prevent reach scientifically determine ideal weight god witness hungry
"This old attic's kinda spooky, isn't it boy. I said, isn't it, boy?",old attic kinda spooky boy say boy
"Oh, why did I have to start my diet on pork chop night?",oh start diet pork chop night
"Well, wait a minute. Hey, I've been setting my drinks on these things.",wait minute hey set drink thing
"Oh, isn't that wonderful. My work and my home life come together in such a nice way. Marge, may I see you in the other room?",oh wonderful work home life come nice way marge room
Marge! I'm two-thirty-nine and I'm feeling fine! Look! I'm using the original notches that came with my belt.,marge thirty feel fine look original notch come belt
"Woo woo! All right! I always knew you had personality. The doctors said it was hyperactivity, but I knew better. President Simpson. Has a nice ring to it, doesn't it, boy?",woo woo right know personality doctor say hyperactivity know well president simpson nice ring boy
"Marge, you don't understand. I can't do it because... you're trapped. If you were smarter, you might think of something, but you're not so you just might as well... all right! All right! I'll take her. Lousy brain.",marge understand trap smart think right right lousy brain
"I see, and you think that people are gonna pay you four dollars and fifty cents, even though they don't have to, just out of the goodness of their... Well, anything you say! Good luck, lady! You're gonna need it!",think people go to pay dollar cent goodness good luck lady go to need
"Ohh, pretty creepy. Still, I'd rather have him chasing me than of the Wolf Man.",ohh pretty creepy chase wolf man
"But you can tell, right? She looks around and sees everybody else's dad with a good education, youthful looks and a clean credit record and thinks, ""Why me? What did I do to deserve this fat old piece of -- """,tell right look see everybody dad good education youthful look clean credit record think deserve fat old piece
